To honour the JVM settings for this build a single-use Daemon process will be forked. For more on this, please refer to https://docs.gradle.org/8.10.2/userguide/gradle_daemon.html#sec:disabling_the_daemon in the Gradle documentation.
Daemon will be stopped at the end of the build 
> Task :app:preBuild UP-TO-DATE
> Task :app:preDebugBuild UP-TO-DATE
> Task :app:mergeDebugNativeDebugMetadata NO-SOURCE
> Task :app:generateDebugResValues
> Task :app:javaPreCompileDebug
> Task :app:checkDebugAarMetadata
> Task :app:mapDebugSourceSetPaths
> Task :app:generateDebugResources
> Task :app:packageDebugResources
> Task :app:mergeDebugResources
> Task :app:createDebugCompatibleScreenManifests
> Task :app:extractDeepLinksDebug
> Task :app:parseDebugLocalResources
> Task :app:processDebugMainManifest
> Task :app:processDebugManifest
> Task :app:mergeDebugShaders
> Task :app:compileDebugShaders NO-SOURCE

> Task :app:configureCMakeDebug[arm64-v8a]
[CXX5304] This version only understands SDK XML versions up to 3 but an SDK XML file of version 4 was encountered. This can happen if you use versions of Android Studio and the command-line tools that were released at different times.
[CXX5304] This version only understands SDK XML versions up to 3 but an SDK XML file of version 4 was encountered. This can happen if you use versions of Android Studio and the command-line tools that were released at different times.
C/C++: D:/Foundation-SM64/tools/sdk-tools/adpcm/vencode.c:129:13: warning: using floating point absolute value function 'fabs' when argument is of integer type [-Wabsolute-value]
C/C++:   129 |         if (fabs(ie[i]) > fabs(max))
C/C++:       |             ^
C/C++: D:/Foundation-SM64/tools/sdk-tools/adpcm/vencode.c:129:13: note: use function 'abs' instead
C/C++:   129 |         if (fabs(ie[i]) > fabs(max))
C/C++:       |             ^~~~
C/C++:       |             abs
C/C++: D:/Foundation-SM64/tools/sdk-tools/adpcm/vencode.c:129:27: warning: using floating point absolute value function 'fabs' when argument is of integer type [-Wabsolute-value]
C/C++:   129 |         if (fabs(ie[i]) > fabs(max))
C/C++:       |                           ^
C/C++: D:/Foundation-SM64/tools/sdk-tools/adpcm/vencode.c:129:27: note: use function 'abs' instead
C/C++:   129 |         if (fabs(ie[i]) > fabs(max))
C/C++:       |                           ^~~~
C/C++:       |                           abs
C/C++: 2 warnings generated.
C/C++: D:/Foundation-SM64/tools/skyconv.c:218:9: warning: 'realpath' macro redefined [-Wmacro-redefined]
C/C++:   218 | #define realpath(path, resolved_path) _fullpath(resolved_path, path, PATH_MAX)
C/C++:       |         ^
C/C++: D:/Foundation-SM64/tools/utils.h:12:11: note: previous definition is here
C/C++:    12 |   #define realpath(N,R) _fullpath((R),(N),MAX_PATH)
C/C++:       |           ^
C/C++: 1 warning generated.

> Task :app:processDebugManifestForPackage

> Task :app:configureCMakeDebug[arm64-v8a]
C/C++: In file included from D:/Foundation-SM64/text/define_text.inc.c:45:
C/C++: D:/Foundation-SM64/text/us/dialogs.h:2035:7: warning: trigraph ignored [-Wtrigraphs]
C/C++:  2035 | missed??!!\n\
C/C++:       |       ^
C/C++: In file included from D:/Foundation-SM64/text/define_text.inc.c:53:
C/C++: D:/Foundation-SM64/text/us/dialogs.h:2035:7: warning: trigraph ignored [-Wtrigraphs]
C/C++:  2035 | missed??!!\n\
C/C++:       |       ^
C/C++: In file included from D:/Foundation-SM64/text/define_text.inc.c:59:
C/C++: D:/Foundation-SM64/text/us/dialogs.h:2035:7: warning: trigraph ignored [-Wtrigraphs]
C/C++:  2035 | missed??!!\n\
C/C++:       |       ^
C/C++: 3 warnings generated.
C/C++: Parsing public/common/TracyVersion.hpp file
C/C++: VERSION 0.13.1
C/C++: Initial BUILD_X64=ON
C/C++: Initial CMAKE_BUILD_TYPE=Debug
C/C++: bc7enc build type: Debug
C/C++: Building 64-bit

> Task :app:buildCMakeDebug[arm64-v8a][sm64_foundation]
C/C++: ninja: Entering directory `D:\Foundation-SM64\Android\app\.cxx\Debug\592n6c1o\arm64-v8a'
C/C++: D:/Foundation-SM64/src/pc/platform.c:172:2: warning: "You might want to implement these functions for your platform" [-W#warnings]
C/C++:   172 | #warning "You might want to implement these functions for your platform"
C/C++:       |  ^
C/C++: 1 warning generated.
C/C++: D:/Foundation-SM64/Android/app/.cxx/Debug/592n6c1o/arm64-v8a/_deps/sdl3-src/src/audio/openslES/SDL_openslES.c:147:14: warning: 'slCreateEngine' is deprecated: first deprecated in Android 30 [-Wdeprecated-declarations]
C/C++:   147 |     result = slCreateEngine(&engineObject, 0, NULL, 0, NULL, NULL);
C/C++:       |              ^
C/C++: C:/Users/komahuang/AppData/Local/Android/Sdk/ndk/30.0.14904198/toolchains/llvm/prebuilt/windows-x86_64/sysroot/usr/include/SLES/OpenSLES.h:2752:28: note: 'slCreateEngine' has been explicitly marked deprecated here
C/C++:  2752 | SL_API SLresult SLAPIENTRY slCreateEngine(
C/C++:       |                            ^
C/C++: 1 warning generated.
C/C++: D:/Foundation-SM64/src/audio/data.c:179:7: warning: implicit conversion from 'int' to 's16' (aka 'short') changes value from 65535 to -1 [-Wconstant-conversion]
C/C++:   179 |     { BE_TO_HOST16(ADSR_HANG), 0 }          // then continue staying there
C/C++:       |     ~ ^~~~~~~~~~~~~~~~~~~~~~~
C/C++: D:/Foundation-SM64/include/macros.h:74:26: note: expanded from macro 'BE_TO_HOST16'
C/C++:    74 | # define BE_TO_HOST16(x) BSWAP16(x)
C/C++:       |                          ^~~~~~~~~~
C/C++: D:/Foundation-SM64/include/macros.h:62:39: note: expanded from macro 'BSWAP16'
C/C++:    62 | #define BSWAP16(x) (((x) & 0xFF) << 8 | (((x) >> 8) & 0xFF))
C/C++:       |                     ~~~~~~~~~~~~~~~~~~^~~~~~~~~~~~~~~~~~~~~
C/C++: D:/Foundation-SM64/src/audio/data.c:178:7: warning: implicit conversion from 'int' to 's16' (aka 'short') changes value from 59395 to -6141 [-Wconstant-conversion]
C/C++:   178 |     { BE_TO_HOST16(1000), BE_TO_HOST16(32000) }, // stay there for 4.16 seconds
C/C++:       |     ~ ^~~~~~~~~~~~~~~~~~
C/C++: D:/Foundation-SM64/include/macros.h:74:26: note: expanded from macro 'BE_TO_HOST16'
C/C++:    74 | # define BE_TO_HOST16(x) BSWAP16(x)
C/C++:       |                          ^~~~~~~~~~
C/C++: D:/Foundation-SM64/include/macros.h:62:39: note: expanded from macro 'BSWAP16'
C/C++:    62 | #define BSWAP16(x) (((x) & 0xFF) << 8 | (((x) >> 8) & 0xFF))
C/C++:       |                     ~~~~~~~~~~~~~~~~~~^~~~~~~~~~~~~~~~~~~~~
C/C++: 2 warnings generated.
C/C++: D:/Foundation-SM64/src/game/object_collision.c:60:1: warning: non-void function does not return a value in all control paths [-Wreturn-type]
C/C++:    60 | }
C/C++:       | ^
C/C++: D:/Foundation-SM64/src/game/object_collision.c:92:1: warning: non-void function does not return a value in all control paths [-Wreturn-type]
C/C++:    92 | }
C/C++:       | ^
C/C++: 2 warnings generated.
C/C++: D:/Foundation-SM64/src/game/screen_transition.c:322:1: warning: non-void function does not return a value in all control paths [-Wreturn-type]
C/C++:   322 | }
C/C++:       | ^
C/C++: 1 warning generated.
C/C++: D:/Foundation-SM64/src/goddard/debug_utils.c:414:52: warning: second argument to 'va_arg' is of promotable type 'char'; this va_arg has undefined behavior because arguments will be promoted to 'int' [-Wvarargs]
C/C++:   414 |                         gd_printf("%c", va_arg(vl, char));
C/C++:       |                                                    ^~~~
C/C++: 1 warning generated.
C/C++: D:/Foundation-SM64/src/game/paintings.c:283:1: warning: non-void function does not return a value in all control paths [-Wreturn-type]
C/C++:   283 | }
C/C++:       | ^
C/C++: D:/Foundation-SM64/src/game/paintings.c:308:1: warning: non-void function does not return a value in all control paths [-Wreturn-type]
C/C++:   308 | }
C/C++:       | ^
C/C++: D:/Foundation-SM64/src/game/paintings.c:339:1: warning: non-void function does not return a value in all control paths [-Wreturn-type]
C/C++:   339 | }
C/C++:       | ^
C/C++: 3 warnings generated.
C/C++: D:/Foundation-SM64/Android/app/.cxx/Debug/592n6c1o/arm64-v8a/_deps/foundation-src/Source/Platform/LoggingAndroid.cpp:13:45: warning: result of comparison of constant 4 with expression of type 'LogLevel' is always true [-Wtautological-constant-out-of-range-compare]
C/C++:    13 |         int priority = (level >= 0 && level < 4) ? kAndroidPriority[level] : ANDROID_LOG_DEFAULT;
C/C++:       |                                       ~~~~~ ^ ~
C/C++: 1 warning generated.
C/C++: D:/Foundation-SM64/src/game/shadow.c:193:1: warning: non-void function does not return a value in all control paths [-Wreturn-type]
C/C++:   193 | }
C/C++:       | ^
C/C++: 1 warning generated.
C/C++: D:/Foundation-SM64/src/game/mario_actions_airborne.c:75:24: warning: result of comparison of constant 8390825 with expression of type 'u16' (aka 'unsigned short') is always false [-Wtautological-constant-out-of-range-compare]
C/C++:    75 |     if (m->actionState == ACT_GROUND_POUND) {
C/C++:       |         ~~~~~~~~~~~~~~ ^  ~~~~~~~~~~~~~~~~
C/C++: 1 warning generated.
C/C++: D:/Foundation-SM64/src/goddard/renderer.c:2784:1: warning: non-void function does not return a value [-Wreturn-type]
C/C++:  2784 | }
C/C++:       | ^
C/C++: 1 warning generated.
C/C++: In file included from D:/Foundation-SM64/Android/app/.cxx/Debug/592n6c1o/arm64-v8a/_deps/foundation-src/Source/RHIVulkan/Surface.cpp:1:
C/C++: D:/Foundation-SM64/Android/app/.cxx/Debug/592n6c1o/arm64-v8a/_deps/foundation-src/Source/RHIVulkan/Surface.hpp:9:29: warning: private field 'mDevice' is not used [-Wunused-private-field]
C/C++:     9 |         const VulkanDevice& mDevice;
C/C++:       |                             ^
C/C++: 1 warning generated.
C/C++: D:/Foundation-SM64/src/game/camera.c:707:1: warning: non-void function does not return a value [-Wreturn-type]
C/C++:   707 | }
C/C++:       | ^
C/C++: D:/Foundation-SM64/src/game/camera.c:1715:1: warning: non-void function does not return a value [-Wreturn-type]
C/C++:  1715 | }
C/C++:       | ^
C/C++: D:/Foundation-SM64/src/game/camera.c:2040:1: warning: non-void function does not return a value [-Wreturn-type]
C/C++:  2040 | }
C/C++:       | ^
C/C++: D:/Foundation-SM64/src/game/camera.c:5421:21: warning: implicit conversion from 'int' to 's16' (aka 'short') changes value from 32768 to -32768 [-Wconstant-conversion]
C/C++:  5421 |         *rotation = DEGREES(180);
C/C++:       |                   ~ ^~~~~~~~~~~~
C/C++: D:/Foundation-SM64/src/game/camera.h:26:35: note: expanded from macro 'DEGREES'
C/C++:    26 | #define DEGREES(x) ((x) * 0x10000 / 360)
C/C++:       |                     ~~~~~~~~~~~~~~^~~~~
C/C++: D:/Foundation-SM64/src/game/camera.c:9586:38: warning: implicit conversion from 'int' to 's16' (aka 'short') changes value from 32768 to -32768 [-Wconstant-conversion]
C/C++:  9586 |     rotate_in_xz(c->focus, c->focus, DEGREES(180));
C/C++:       |     ~~~~~~~~~~~~                     ^~~~~~~~~~~~
C/C++: D:/Foundation-SM64/src/game/camera.h:26:35: note: expanded from macro 'DEGREES'
C/C++:    26 | #define DEGREES(x) ((x) * 0x10000 / 360)
C/C++:       |                     ~~~~~~~~~~~~~~^~~~~
C/C++: D:/Foundation-SM64/src/game/camera.c:9587:34: warning: implicit conversion from 'int' to 's16' (aka 'short') changes value from 32768 to -32768 [-Wconstant-conversion]
C/C++:  9587 |     rotate_in_xz(c->pos, c->pos, DEGREES(180));
C/C++:       |     ~~~~~~~~~~~~                 ^~~~~~~~~~~~
C/C++: D:/Foundation-SM64/src/game/camera.h:26:35: note: expanded from macro 'DEGREES'
C/C++:    26 | #define DEGREES(x) ((x) * 0x10000 / 360)
C/C++:       |                     ~~~~~~~~~~~~~~^~~~~
C/C++: 6 warnings generated.
C/C++: D:/Foundation-SM64/Android/app/.cxx/Debug/592n6c1o/arm64-v8a/_deps/foundation-src/Source/Renderer/GPUScene.cpp:489:33: warning: initializer order does not match the declaration order [-Wreorder-ctor]
C/C++:   479 |     mInstanceBuffer(device, desc.instanceBudget), mMaterialBuffer(device, desc.materialBudget),
C/C++:       |     ~~~~~~~~~~~~~~~~~~~~~~~~~~~~~~~~~~~~~~~~~~~~  ~~~~~~~~~~~~~~~~~~~~~~~~~~~~~~~~~~~~~~~~~~~~
C/C++:       |     mGeometry(allocator)                          mGeometryFreelist(allocator)
C/C++:   480 |     mLightBuffer(device, desc.lightBudget), mEmissiveClusterBuffer(device, desc.emissiveClusterBudget),
C/C++:       |     ~~~~~~~~~~~~~~~~~~~~~~~~~~~~~~~~~~~~~~  ~~~~~~~~~~~~~~~~~~~~~~~~~~~~~~~~~~~~~~~~~~~~~~~~~~~~~~~~~~
C/C++:       |     mDynamicUploadRegions(allocator)        mDynamicTextureUploads(allocator)
C/C++:   481 |     mLightBVHNodeBuffer(device, (desc.lightBudget + desc.emissiveClusterBudget) * 2u),
C/C++:       |     ~~~~~~~~~~~~~~~~~~~~~~~~~~~~~~~~~~~~~~~~~~~~~~~~~~~~~~~~~~~~~~~~~~~~~~~~~~~~~~~~~
C/C++:       |     mDynamicTextureGPUUpdates(allocator)
C/C++:   482 |     mLightBVHLightIndexBuffer(device, desc.lightBudget + desc.emissiveClusterBudget),
C/C++:       |     ~~~~~~~~~~~~~~~~~~~~~~~~~~~~~~~~~~~~~~~~~~~~~~~~~~~~~~~~~~~~~~~~~~~~~~~~~~~~~~~~
C/C++:       |     mDynamicTextures(allocator)
C/C++:   483 |     mLightBVHBitmaskBuffer(device, desc.lightBudget + desc.emissiveClusterBudget),
C/C++:       |     ~~~~~~~~~~~~~~~~~~~~~~~~~~~~~~~~~~~~~~~~~~~~~~~~~~~~~~~~~~~~~~~~~~~~~~~~~~~~~
C/C++:       |     mDynamicGeometries(allocator)
C/C++:   484 |     mLightBVHGlobalIndexBuffer(device, desc.lightBudget),
C/C++:       |     ~~~~~~~~~~~~~~~~~~~~~~~~~~~~~~~~~~~~~~~~~~~~~~~~~~~~
C/C++:       |     mInstanceBuffer(device, desc.instanceBudget)
C/C++:   485 |     mLightBVHNodeIndexBuffer(device, (desc.lightBudget + desc.emissiveClusterBudget) * 2u),
C/C++:       |     ~~~~~~~~~~~~~~~~~~~~~~~~~~~~~~~~~~~~~~~~~~~~~~~~~~~~~~~~~~~~~~~~~~~~~~~~~~~~~~~~~~~~~~
C/C++:       |     mMaterialBuffer(device, desc.materialBudget)
C/C++:   486 |     mTexture2DPool(device, allocator, {.maxBindings = desc.texturesBudget}),
C/C++:       |     ~~~~~~~~~~~~~~~~~~~~~~~~~~~~~~~~~~~~~~~~~~~~~~~~~~~~~~~~~~~~~~~~~~~~~~~
C/C++:       |     mLightBuffer(device, desc.lightBudget)
C/C++:   487 |     mTexture3DPool(device, allocator,
C/C++:       |     ~~~~~~~~~~~~~~~~~~~~~~~~~~~~~~~~~
C/C++:       |     mEmissiveClusterBuffer(device, desc.emissiveClusterBudget)
C/C++:   488 |                    {.maxBindings = kGPUScenePersistentTexture3DBindings + kGPUSceneTextureBindingSlack}),
C/C++:       |                    ~~~~~~~~~~~~~~~~~~~~~~~~~~~~~~~~~~~~~~~~~~~~~~~~~~~~~~~~~~~~~~~~~~~~~~~~~~~~~~~~~~~~~
C/C++:   489 |     mTexture2DSlots(allocator), mTexture3DSlots(allocator), mBLASes(allocator), mBLASBuffers(allocator),
C/C++:       |     ~~~~~~~~~~~~~~~~~~~~~~~~~~  ^~~~~~~~~~~~~~~~~~~~~~~~~~  ~~~~~~~~~~~~~~~~~~  ~~~~~~~~~~~~~~~~~~~~~~~
C/C++:       |     mLightBVHNodeBuffer(device, (desc.lightBudget + desc.emissiveClusterBudget) * 2u) mLightBVHRefitLevels(allocator) mLightBVHLightIndexBuffer(device, desc.lightBudget + desc.emissiveClusterBudget) mLightBVHBitmaskBuffer(device, desc.lightBudget + desc.emissiveClusterBudget)
C/C++:   490 |     mBLASFreelist(allocator), mCurveBLASes(allocator), mCurveBLASBuffers(allocator), mCurveBLASFreelist(allocator),
C/C++:       |     ~~~~~~~~~~~~~~~~~~~~~~~~  ~~~~~~~~~~~~~~~~~~~~~~~  ~~~~~~~~~~~~~~~~~~~~~~~~~~~~  ~~~~~~~~~~~~~~~~~~~~~~~~~~~~~
C/C++:       |     mLightBVHGlobalIndexBuffer(device, desc.lightBudget) mLightBVHNodeIndexBuffer(device, (desc.lightBudget + desc.emissiveClusterBudget) * 2u) mBLASes(allocator) mBLASBuffers(allocator)
C/C++:   491 |     mGeometry(allocator), mGeometryFreelist(allocator), mDynamicUploadRegions(allocator),
C/C++:       |     ~~~~~~~~~~~~~~~~~~~~  ~~~~~~~~~~~~~~~~~~~~~~~~~~~~  ~~~~~~~~~~~~~~~~~~~~~~~~~~~~~~~~
C/C++:       |     mBLASFreelist(allocator) mCurveBLASes(allocator)    mCurveBLASBuffers(allocator)
C/C++:   492 |     mDynamicTextureUploads(allocator), mDynamicTextureGPUUpdates(allocator), mDynamicTextures(allocator),
C/C++:       |     ~~~~~~~~~~~~~~~~~~~~~~~~~~~~~~~~~  ~~~~~~~~~~~~~~~~~~~~~~~~~~~~~~~~~~~~  ~~~~~~~~~~~~~~~~~~~~~~~~~~~
C/C++:       |     mCurveBLASFreelist(allocator)      mTLASInstanceStride(mDevice->WriteAccelerationStructureInstanceData({}, nullptr)) mTLASInstances(device, desc.tlasInstanceBudget * mTLASInstanceStride)
C/C++:   493 |     mDynamicGeometries(allocator),
C/C++:       |     ~~~~~~~~~~~~~~~~~~~~~~~~~~~~~
C/C++:       |     mTexture2DPool(device, allocator, {.maxBindings = desc.texturesBudget})
C/C++:   494 |     mUploadGeometryQueue(std::bit_ceil(static_cast<size_t>(desc.geometryBudget) + 1), allocator),
C/C++:       |     ~~~~~~~~~~~~~~~~~~~~~~~~~~~~~~~~~~~~~~~~~~~~~~~~~~~~~~~~~~~~~~~~~~~~~~~~~~~~~~~~~~~~~~~~~~~~
C/C++: D:/Foundation-SM64/Android/app/.cxx/Debug/592n6c1o/arm64-v8a/_deps/foundation-src/Source/Renderer/GPUScene.cpp:489:33: note: field 'mTexture3DSlots' will be initialized after field 'mBLASes'
C/C++:   489 |     mTexture2DSlots(allocator), mTexture3DSlots(allocator), mBLASes(allocator), mBLASBuffers(allocator),
C/C++:       |                                 ^~~~~~~~~~~~~~~~~~~~~~~~~~
C/C++: D:/Foundation-SM64/Android/app/.cxx/Debug/592n6c1o/arm64-v8a/_deps/foundation-src/Source/Renderer/GPUScene.cpp:490:86: note: field 'mCurveBLASFreelist' will be initialized after field 'mGeometry'
C/C++:   490 |     mBLASFreelist(allocator), mCurveBLASes(allocator), mCurveBLASBuffers(allocator), mCurveBLASFreelist(allocator),
C/C++:       |                                                                                      ^~~~~~~~~~~~~~~~~~~~~~~~~~~~~
C/C++: D:/Foundation-SM64/Android/app/.cxx/Debug/592n6c1o/arm64-v8a/_deps/foundation-src/Source/Renderer/GPUScene.cpp:496:5: note: field 'mUploadBufferQueue' will be initialized after field 'mLightBVHRefitLevels'
C/C++:   496 |     mUploadBufferQueue(std::bit_ceil(static_cast<size_t>(kGPUSceneBufferQueueCapacity)), allocator),
C/C++:       |     ^~~~~~~~~~~~~~~~~~~~~~~~~~~~~~~~~~~~~~~~~~~~~~~~~~~~~~~~~~~~~~~~~~~~~~~~~~~~~~~~~~~~~~~~~~~~~~~
C/C++: D:/Foundation-SM64/Android/app/.cxx/Debug/592n6c1o/arm64-v8a/_deps/foundation-src/Source/Renderer/GPUScene.cpp:739:25: warning: lambda capture 'this' is not used [-Wunused-lambda-capture]
C/C++:   739 |         auto MakeLUT = [this](const float* data, RHIResourceFormat format, uint32_t width, uint32_t height = 1,
C/C++:       |                         ^~~~
C/C++: 2 warnings generated.
C/C++: In file included from D:/Foundation-SM64/Android/app/.cxx/Debug/592n6c1o/arm64-v8a/_deps/foundation-src/Source/RHIVulkan/Device.cpp:6:
C/C++: D:/Foundation-SM64/Android/app/.cxx/Debug/592n6c1o/arm64-v8a/_deps/vulkanmemoryallocator-src/include/vk_mem_alloc.h:3037:12: warning: pointer is missing a nullability type specifier (_Nonnull, _Nullable, or _Null_unspecified) [-Wnullability-completeness]
C/C++:  3037 | static void* vma_aligned_alloc(size_t alignment, size_t size)
C/C++:       |            ^
C/C++: D:/Foundation-SM64/Android/app/.cxx/Debug/592n6c1o/arm64-v8a/_deps/vulkanmemoryallocator-src/include/vk_mem_alloc.h:3037:12: note: insert '_Nullable' if the pointer may be null
C/C++:  3037 | static void* vma_aligned_alloc(size_t alignment, size_t size)
C/C++:       |            ^
C/C++:       |              _Nullable
C/C++: D:/Foundation-SM64/Android/app/.cxx/Debug/592n6c1o/arm64-v8a/_deps/vulkanmemoryallocator-src/include/vk_mem_alloc.h:3037:12: note: insert '_Nonnull' if the pointer should never be null
C/C++:  3037 | static void* vma_aligned_alloc(size_t alignment, size_t size)
C/C++:       |            ^
C/C++:       |              _Nonnull
C/C++: D:/Foundation-SM64/Android/app/.cxx/Debug/592n6c1o/arm64-v8a/_deps/vulkanmemoryallocator-src/include/vk_mem_alloc.h:3182:88: warning: pointer is missing a nullability type specifier (_Nonnull, _Nullable, or _Null_unspecified) [-Wnullability-completeness]
C/C++:  3182 |     static inline void VmaPtrToStr(char* VMA_NOT_NULL outStr, size_t strLen, const void* ptr)
C/C++:       |                                                                                        ^
C/C++: D:/Foundation-SM64/Android/app/.cxx/Debug/592n6c1o/arm64-v8a/_deps/vulkanmemoryallocator-src/include/vk_mem_alloc.h:3182:88: note: insert '_Nullable' if the pointer may be null
C/C++:  3182 |     static inline void VmaPtrToStr(char* VMA_NOT_NULL outStr, size_t strLen, const void* ptr)
C/C++:       |                                                                                        ^
C/C++:       |                                                                                          _Nullable
C/C++: D:/Foundation-SM64/Android/app/.cxx/Debug/592n6c1o/arm64-v8a/_deps/vulkanmemoryallocator-src/include/vk_mem_alloc.h:3182:88: note: insert '_Nonnull' if the pointer should never be null
C/C++:  3182 |     static inline void VmaPtrToStr(char* VMA_NOT_NULL outStr, size_t strLen, const void* ptr)
C/C++:       |                                                                                        ^
C/C++:       |                                                                                          _Nonnull
C/C++: D:/Foundation-SM64/Android/app/.cxx/Debug/592n6c1o/arm64-v8a/_deps/vulkanmemoryallocator-src/include/vk_mem_alloc.h:3404:18: warning: pointer is missing a nullability type specifier (_Nonnull, _Nullable, or _Null_unspecified) [-Wnullability-completeness]
C/C++:  3404 | static const char* const VMA_SUBALLOCATION_TYPE_NAMES[] =
C/C++:       |                  ^
C/C++: D:/Foundation-SM64/Android/app/.cxx/Debug/592n6c1o/arm64-v8a/_deps/vulkanmemoryallocator-src/include/vk_mem_alloc.h:3404:18: note: insert '_Nullable' if the pointer may be null
C/C++:  3404 | static const char* const VMA_SUBALLOCATION_TYPE_NAMES[] =
C/C++:       |                  ^
C/C++:       |                    _Nullable
C/C++: D:/Foundation-SM64/Android/app/.cxx/Debug/592n6c1o/arm64-v8a/_deps/vulkanmemoryallocator-src/include/vk_mem_alloc.h:3404:18: note: insert '_Nonnull' if the pointer should never be null
C/C++:  3404 | static const char* const VMA_SUBALLOCATION_TYPE_NAMES[] =
C/C++:       |                  ^
C/C++:       |                    _Nonnull
C/C++: D:/Foundation-SM64/Android/app/.cxx/Debug/592n6c1o/arm64-v8a/_deps/vulkanmemoryallocator-src/include/vk_mem_alloc.h:3743:44: warning: pointer is missing a nullability type specifier (_Nonnull, _Nullable, or _Null_unspecified) [-Wnullability-completeness]
C/C++:  3743 | static inline bool VmaStrIsEmpty(const char* pStr)
C/C++:       |                                            ^
C/C++: D:/Foundation-SM64/Android/app/.cxx/Debug/592n6c1o/arm64-v8a/_deps/vulkanmemoryallocator-src/include/vk_mem_alloc.h:3743:44: note: insert '_Nullable' if the pointer may be null
C/C++:  3743 | static inline bool VmaStrIsEmpty(const char* pStr)
C/C++:       |                                            ^
C/C++:       |                                              _Nullable
C/C++: D:/Foundation-SM64/Android/app/.cxx/Debug/592n6c1o/arm64-v8a/_deps/vulkanmemoryallocator-src/include/vk_mem_alloc.h:3743:44: note: insert '_Nonnull' if the pointer should never be null
C/C++:  3743 | static inline bool VmaStrIsEmpty(const char* pStr)
C/C++:       |                                            ^
C/C++:       |                                              _Nonnull
C/C++: D:/Foundation-SM64/Android/app/.cxx/Debug/592n6c1o/arm64-v8a/_deps/vulkanmemoryallocator-src/include/vk_mem_alloc.h:3810:36: warning: pointer is missing a nullability type specifier (_Nonnull, _Nullable, or _Null_unspecified) [-Wnullability-completeness]
C/C++:  3810 | static void VmaWriteMagicValue(void* pData, VkDeviceSize offset)
C/C++:       |                                    ^
C/C++: D:/Foundation-SM64/Android/app/.cxx/Debug/592n6c1o/arm64-v8a/_deps/vulkanmemoryallocator-src/include/vk_mem_alloc.h:3810:36: note: insert '_Nullable' if the pointer may be null
C/C++:  3810 | static void VmaWriteMagicValue(void* pData, VkDeviceSize offset)
C/C++:       |                                    ^
C/C++:       |                                      _Nullable
C/C++: D:/Foundation-SM64/Android/app/.cxx/Debug/592n6c1o/arm64-v8a/_deps/vulkanmemoryallocator-src/include/vk_mem_alloc.h:3810:36: note: insert '_Nonnull' if the pointer should never be null
C/C++:  3810 | static void VmaWriteMagicValue(void* pData, VkDeviceSize offset)
C/C++:       |                                    ^
C/C++:       |                                      _Nonnull
C/C++: D:/Foundation-SM64/Android/app/.cxx/Debug/592n6c1o/arm64-v8a/_deps/vulkanmemoryallocator-src/include/vk_mem_alloc.h:3824:45: warning: pointer is missing a nullability type specifier (_Nonnull, _Nullable, or _Null_unspecified) [-Wnullability-completeness]
C/C++:  3824 | static bool VmaValidateMagicValue(const void* pData, VkDeviceSize offset)
C/C++:       |                                             ^
C/C++: D:/Foundation-SM64/Android/app/.cxx/Debug/592n6c1o/arm64-v8a/_deps/vulkanmemoryallocator-src/include/vk_mem_alloc.h:3824:45: note: insert '_Nullable' if the pointer may be null
C/C++:  3824 | static bool VmaValidateMagicValue(const void* pData, VkDeviceSize offset)
C/C++:       |                                             ^
C/C++:       |                                               _Nullable
C/C++: D:/Foundation-SM64/Android/app/.cxx/Debug/592n6c1o/arm64-v8a/_deps/vulkanmemoryallocator-src/include/vk_mem_alloc.h:3824:45: note: insert '_Nonnull' if the pointer should never be null
C/C++:  3824 | static bool VmaValidateMagicValue(const void* pData, VkDeviceSize offset)
C/C++:       |                                             ^
C/C++:       |                                               _Nonnull
C/C++: D:/Foundation-SM64/Android/app/.cxx/Debug/592n6c1o/arm64-v8a/_deps/vulkanmemoryallocator-src/include/vk_mem_alloc.h:3901:60: warning: pointer is missing a nullability type specifier (_Nonnull, _Nullable, or _Null_unspecified) [-Wnullability-completeness]
C/C++:  3901 | static bool VmaValidatePointerArray(uint32_t count, const T* arr)
C/C++:       |                                                            ^
C/C++: D:/Foundation-SM64/Android/app/.cxx/Debug/592n6c1o/arm64-v8a/_deps/vulkanmemoryallocator-src/include/vk_mem_alloc.h:3901:60: note: insert '_Nullable' if the pointer may be null
C/C++:  3901 | static bool VmaValidatePointerArray(uint32_t count, const T* arr)
C/C++:       |                                                            ^
C/C++:       |                                                              _Nullable
C/C++: D:/Foundation-SM64/Android/app/.cxx/Debug/592n6c1o/arm64-v8a/_deps/vulkanmemoryallocator-src/include/vk_mem_alloc.h:3901:60: note: insert '_Nonnull' if the pointer should never be null
C/C++:  3901 | static bool VmaValidatePointerArray(uint32_t count, const T* arr)
C/C++:       |                                                            ^
C/C++:       |                                                              _Nonnull
C/C++: D:/Foundation-SM64/Android/app/.cxx/Debug/592n6c1o/arm64-v8a/_deps/vulkanmemoryallocator-src/include/vk_mem_alloc.h:3922:48: warning: pointer is missing a nullability type specifier (_Nonnull, _Nullable, or _Null_unspecified) [-Wnullability-completeness]
C/C++:  3922 | static inline void VmaPnextChainPushFront(MainT* mainStruct, NewT* newStruct)
C/C++:       |                                                ^
C/C++: D:/Foundation-SM64/Android/app/.cxx/Debug/592n6c1o/arm64-v8a/_deps/vulkanmemoryallocator-src/include/vk_mem_alloc.h:3922:48: note: insert '_Nullable' if the pointer may be null
C/C++:  3922 | static inline void VmaPnextChainPushFront(MainT* mainStruct, NewT* newStruct)
C/C++:       |                                                ^
C/C++:       |                                                  _Nullable
C/C++: D:/Foundation-SM64/Android/app/.cxx/Debug/592n6c1o/arm64-v8a/_deps/vulkanmemoryallocator-src/include/vk_mem_alloc.h:3922:48: note: insert '_Nonnull' if the pointer should never be null
C/C++:  3922 | static inline void VmaPnextChainPushFront(MainT* mainStruct, NewT* newStruct)
C/C++:       |                                                ^
C/C++:       |                                                  _Nonnull
C/C++: D:/Foundation-SM64/Android/app/.cxx/Debug/592n6c1o/arm64-v8a/_deps/vulkanmemoryallocator-src/include/vk_mem_alloc.h:3922:66: warning: pointer is missing a nullability type specifier (_Nonnull, _Nullable, or _Null_unspecified) [-Wnullability-completeness]
C/C++:  3922 | static inline void VmaPnextChainPushFront(MainT* mainStruct, NewT* newStruct)
C/C++:       |                                                                  ^
C/C++: D:/Foundation-SM64/Android/app/.cxx/Debug/592n6c1o/arm64-v8a/_deps/vulkanmemoryallocator-src/include/vk_mem_alloc.h:3922:66: note: insert '_Nullable' if the pointer may be null
C/C++:  3922 | static inline void VmaPnextChainPushFront(MainT* mainStruct, NewT* newStruct)
C/C++:       |                                                                  ^
C/C++:       |                                                                    _Nullable
C/C++: D:/Foundation-SM64/Android/app/.cxx/Debug/592n6c1o/arm64-v8a/_deps/vulkanmemoryallocator-src/include/vk_mem_alloc.h:3922:66: note: insert '_Nonnull' if the pointer should never be null
C/C++:  3922 | static inline void VmaPnextChainPushFront(MainT* mainStruct, NewT* newStruct)
C/C++:       |                                                                  ^
C/C++:       |                                                                    _Nonnull
C/C++: D:/Foundation-SM64/Android/app/.cxx/Debug/592n6c1o/arm64-v8a/_deps/vulkanmemoryallocator-src/include/vk_mem_alloc.h:3930:57: warning: pointer is missing a nullability type specifier (_Nonnull, _Nullable, or _Null_unspecified) [-Wnullability-completeness]
C/C++:  3930 | static inline const FindT* VmaPnextChainFind(const MainT* mainStruct, VkStructureType sType)
C/C++:       |                                                         ^
C/C++: D:/Foundation-SM64/Android/app/.cxx/Debug/592n6c1o/arm64-v8a/_deps/vulkanmemoryallocator-src/include/vk_mem_alloc.h:3930:57: note: insert '_Nullable' if the pointer may be null
C/C++:  3930 | static inline const FindT* VmaPnextChainFind(const MainT* mainStruct, VkStructureType sType)
C/C++:       |                                                         ^
C/C++:       |                                                           _Nullable
C/C++: D:/Foundation-SM64/Android/app/.cxx/Debug/592n6c1o/arm64-v8a/_deps/vulkanmemoryallocator-src/include/vk_mem_alloc.h:3930:57: note: insert '_Nonnull' if the pointer should never be null
C/C++:  3930 | static inline const FindT* VmaPnextChainFind(const MainT* mainStruct, VkStructureType sType)
C/C++:       |                                                         ^
C/C++:       |                                                           _Nonnull
C/C++: D:/Foundation-SM64/Android/app/.cxx/Debug/592n6c1o/arm64-v8a/_deps/vulkanmemoryallocator-src/include/vk_mem_alloc.h:3930:26: warning: pointer is missing a nullability type specifier (_Nonnull, _Nullable, or _Null_unspecified) [-Wnullability-completeness]
C/C++:  3930 | static inline const FindT* VmaPnextChainFind(const MainT* mainStruct, VkStructureType sType)
C/C++:       |                          ^
C/C++: D:/Foundation-SM64/Android/app/.cxx/Debug/592n6c1o/arm64-v8a/_deps/vulkanmemoryallocator-src/include/vk_mem_alloc.h:3930:26: note: insert '_Nullable' if the pointer may be null
C/C++:  3930 | static inline const FindT* VmaPnextChainFind(const MainT* mainStruct, VkStructureType sType)
C/C++:       |                          ^
C/C++:       |                            _Nullable
C/C++: D:/Foundation-SM64/Android/app/.cxx/Debug/592n6c1o/arm64-v8a/_deps/vulkanmemoryallocator-src/include/vk_mem_alloc.h:3930:26: note: insert '_Nonnull' if the pointer should never be null
C/C++:  3930 | static inline const FindT* VmaPnextChainFind(const MainT* mainStruct, VkStructureType sType)
C/C++:       |                          ^
C/C++:       |                            _Nonnull
C/C++: D:/Foundation-SM64/Android/app/.cxx/Debug/592n6c1o/arm64-v8a/_deps/vulkanmemoryallocator-src/include/vk_mem_alloc.h:4157:51: warning: pointer is missing a nullability type specifier (_Nonnull, _Nullable, or _Null_unspecified) [-Wnullability-completeness]
C/C++:  4157 | static void* VmaMalloc(const VkAllocationCallbacks* pAllocationCallbacks, size_t size, size_t alignment)
C/C++:       |                                                   ^
C/C++: D:/Foundation-SM64/Android/app/.cxx/Debug/592n6c1o/arm64-v8a/_deps/vulkanmemoryallocator-src/include/vk_mem_alloc.h:4157:51: note: insert '_Nullable' if the pointer may be null
C/C++:  4157 | static void* VmaMalloc(const VkAllocationCallbacks* pAllocationCallbacks, size_t size, size_t alignment)
C/C++:       |                                                   ^
C/C++:       |                                                     _Nullable
C/C++: D:/Foundation-SM64/Android/app/.cxx/Debug/592n6c1o/arm64-v8a/_deps/vulkanmemoryallocator-src/include/vk_mem_alloc.h:4157:51: note: insert '_Nonnull' if the pointer should never be null
C/C++:  4157 | static void* VmaMalloc(const VkAllocationCallbacks* pAllocationCallbacks, size_t size, size_t alignment)
C/C++:       |                                                   ^
C/C++:       |                                                     _Nonnull
C/C++: D:/Foundation-SM64/Android/app/.cxx/Debug/592n6c1o/arm64-v8a/_deps/vulkanmemoryallocator-src/include/vk_mem_alloc.h:4157:12: warning: pointer is missing a nullability type specifier (_Nonnull, _Nullable, or _Null_unspecified) [-Wnullability-completeness]
C/C++:  4157 | static void* VmaMalloc(const VkAllocationCallbacks* pAllocationCallbacks, size_t size, size_t alignment)
C/C++:       |            ^
C/C++: D:/Foundation-SM64/Android/app/.cxx/Debug/592n6c1o/arm64-v8a/_deps/vulkanmemoryallocator-src/include/vk_mem_alloc.h:4157:12: note: insert '_Nullable' if the pointer may be null
C/C++:  4157 | static void* VmaMalloc(const VkAllocationCallbacks* pAllocationCallbacks, size_t size, size_t alignment)
C/C++:       |            ^
C/C++:       |              _Nullable
C/C++: D:/Foundation-SM64/Android/app/.cxx/Debug/592n6c1o/arm64-v8a/_deps/vulkanmemoryallocator-src/include/vk_mem_alloc.h:4157:12: note: insert '_Nonnull' if the pointer should never be null
C/C++:  4157 | static void* VmaMalloc(const VkAllocationCallbacks* pAllocationCallbacks, size_t size, size_t alignment)
C/C++:       |            ^
C/C++:       |              _Nonnull
C/C++: D:/Foundation-SM64/Android/app/.cxx/Debug/592n6c1o/arm64-v8a/_deps/vulkanmemoryallocator-src/include/vk_mem_alloc.h:4177:48: warning: pointer is missing a nullability type specifier (_Nonnull, _Nullable, or _Null_unspecified) [-Wnullability-completeness]
C/C++:  4177 | static void VmaFree(const VkAllocationCallbacks* pAllocationCallbacks, void* ptr)
C/C++:       |                                                ^
C/C++: D:/Foundation-SM64/Android/app/.cxx/Debug/592n6c1o/arm64-v8a/_deps/vulkanmemoryallocator-src/include/vk_mem_alloc.h:4177:48: note: insert '_Nullable' if the pointer may be null
C/C++:  4177 | static void VmaFree(const VkAllocationCallbacks* pAllocationCallbacks, void* ptr)
C/C++:       |                                                ^
C/C++:       |                                                  _Nullable
C/C++: D:/Foundation-SM64/Android/app/.cxx/Debug/592n6c1o/arm64-v8a/_deps/vulkanmemoryallocator-src/include/vk_mem_alloc.h:4177:48: note: insert '_Nonnull' if the pointer should never be null
C/C++:  4177 | static void VmaFree(const VkAllocationCallbacks* pAllocationCallbacks, void* ptr)
C/C++:       |                                                ^
C/C++:       |                                                  _Nonnull
C/C++: D:/Foundation-SM64/Android/app/.cxx/Debug/592n6c1o/arm64-v8a/_deps/vulkanmemoryallocator-src/include/vk_mem_alloc.h:4177:76: warning: pointer is missing a nullability type specifier (_Nonnull, _Nullable, or _Null_unspecified) [-Wnullability-completeness]
C/C++:  4177 | static void VmaFree(const VkAllocationCallbacks* pAllocationCallbacks, void* ptr)
C/C++:       |                                                                            ^
C/C++: D:/Foundation-SM64/Android/app/.cxx/Debug/592n6c1o/arm64-v8a/_deps/vulkanmemoryallocator-src/include/vk_mem_alloc.h:4177:76: note: insert '_Nullable' if the pointer may be null
C/C++:  4177 | static void VmaFree(const VkAllocationCallbacks* pAllocationCallbacks, void* ptr)
C/C++:       |                                                                            ^
C/C++:       |                                                                              _Nullable
C/C++: D:/Foundation-SM64/Android/app/.cxx/Debug/592n6c1o/arm64-v8a/_deps/vulkanmemoryallocator-src/include/vk_mem_alloc.h:4177:76: note: insert '_Nonnull' if the pointer should never be null
C/C++:  4177 | static void VmaFree(const VkAllocationCallbacks* pAllocationCallbacks, void* ptr)
C/C++:       |                                                                            ^
C/C++:       |                                                                              _Nonnull
C/C++: D:/Foundation-SM64/Android/app/.cxx/Debug/592n6c1o/arm64-v8a/_deps/vulkanmemoryallocator-src/include/vk_mem_alloc.h:4191:50: warning: pointer is missing a nullability type specifier (_Nonnull, _Nullable, or _Null_unspecified) [-Wnullability-completeness]
C/C++:  4191 | static T* VmaAllocate(const VkAllocationCallbacks* pAllocationCallbacks)
C/C++:       |                                                  ^
C/C++: D:/Foundation-SM64/Android/app/.cxx/Debug/592n6c1o/arm64-v8a/_deps/vulkanmemoryallocator-src/include/vk_mem_alloc.h:4191:50: note: insert '_Nullable' if the pointer may be null
C/C++:  4191 | static T* VmaAllocate(const VkAllocationCallbacks* pAllocationCallbacks)
C/C++:       |                                                  ^
C/C++:       |                                                    _Nullable
C/C++: D:/Foundation-SM64/Android/app/.cxx/Debug/592n6c1o/arm64-v8a/_deps/vulkanmemoryallocator-src/include/vk_mem_alloc.h:4191:50: note: insert '_Nonnull' if the pointer should never be null
C/C++:  4191 | static T* VmaAllocate(const VkAllocationCallbacks* pAllocationCallbacks)
C/C++:       |                                                  ^
C/C++:       |                                                    _Nonnull
C/C++: D:/Foundation-SM64/Android/app/.cxx/Debug/592n6c1o/arm64-v8a/_deps/vulkanmemoryallocator-src/include/vk_mem_alloc.h:4191:9: warning: pointer is missing a nullability type specifier (_Nonnull, _Nullable, or _Null_unspecified) [-Wnullability-completeness]
C/C++:  4191 | static T* VmaAllocate(const VkAllocationCallbacks* pAllocationCallbacks)
C/C++:       |         ^
C/C++: D:/Foundation-SM64/Android/app/.cxx/Debug/592n6c1o/arm64-v8a/_deps/vulkanmemoryallocator-src/include/vk_mem_alloc.h:4191:9: note: insert '_Nullable' if the pointer may be null
C/C++:  4191 | static T* VmaAllocate(const VkAllocationCallbacks* pAllocationCallbacks)
C/C++:       |         ^
C/C++:       |           _Nullable
C/C++: D:/Foundation-SM64/Android/app/.cxx/Debug/592n6c1o/arm64-v8a/_deps/vulkanmemoryallocator-src/include/vk_mem_alloc.h:4191:9: note: insert '_Nonnull' if the pointer should never be null
C/C++:  4191 | static T* VmaAllocate(const VkAllocationCallbacks* pAllocationCallbacks)
C/C++:       |         ^
C/C++:       |           _Nonnull
C/C++: D:/Foundation-SM64/Android/app/.cxx/Debug/592n6c1o/arm64-v8a/_deps/vulkanmemoryallocator-src/include/vk_mem_alloc.h:4197:55: warning: pointer is missing a nullability type specifier (_Nonnull, _Nullable, or _Null_unspecified) [-Wnullability-completeness]
C/C++:  4197 | static T* VmaAllocateArray(const VkAllocationCallbacks* pAllocationCallbacks, size_t count)
C/C++:       |                                                       ^
C/C++: D:/Foundation-SM64/Android/app/.cxx/Debug/592n6c1o/arm64-v8a/_deps/vulkanmemoryallocator-src/include/vk_mem_alloc.h:4197:55: note: insert '_Nullable' if the pointer may be null
C/C++:  4197 | static T* VmaAllocateArray(const VkAllocationCallbacks* pAllocationCallbacks, size_t count)
C/C++:       |                                                       ^
C/C++:       |                                                         _Nullable
C/C++: D:/Foundation-SM64/Android/app/.cxx/Debug/592n6c1o/arm64-v8a/_deps/vulkanmemoryallocator-src/include/vk_mem_alloc.h:4197:55: note: insert '_Nonnull' if the pointer should never be null
C/C++:  4197 | static T* VmaAllocateArray(const VkAllocationCallbacks* pAllocationCallbacks, size_t count)
C/C++:       |                                                       ^
C/C++:       |                                                         _Nonnull
C/C++: D:/Foundation-SM64/Android/app/.cxx/Debug/592n6c1o/arm64-v8a/_deps/vulkanmemoryallocator-src/include/vk_mem_alloc.h:4197:9: warning: pointer is missing a nullability type specifier (_Nonnull, _Nullable, or _Null_unspecified) [-Wnullability-completeness]
C/C++:  4197 | static T* VmaAllocateArray(const VkAllocationCallbacks* pAllocationCallbacks, size_t count)
C/C++:       |         ^
C/C++: D:/Foundation-SM64/Android/app/.cxx/Debug/592n6c1o/arm64-v8a/_deps/vulkanmemoryallocator-src/include/vk_mem_alloc.h:4197:9: note: insert '_Nullable' if the pointer may be null
C/C++:  4197 | static T* VmaAllocateArray(const VkAllocationCallbacks* pAllocationCallbacks, size_t count)
C/C++:       |         ^
C/C++:       |           _Nullable
C/C++: D:/Foundation-SM64/Android/app/.cxx/Debug/592n6c1o/arm64-v8a/_deps/vulkanmemoryallocator-src/include/vk_mem_alloc.h:4197:9: note: insert '_Nonnull' if the pointer should never be null
C/C++:  4197 | static T* VmaAllocateArray(const VkAllocationCallbacks* pAllocationCallbacks, size_t count)
C/C++:       |         ^
C/C++:       |           _Nonnull
C/C++: D:/Foundation-SM64/Android/app/.cxx/Debug/592n6c1o/arm64-v8a/_deps/vulkanmemoryallocator-src/include/vk_mem_alloc.h:4207:51: warning: pointer is missing a nullability type specifier (_Nonnull, _Nullable, or _Null_unspecified) [-Wnullability-completeness]
C/C++:  4207 | static void vma_delete(const VkAllocationCallbacks* pAllocationCallbacks, T* ptr)
C/C++:       |                                                   ^
C/C++: D:/Foundation-SM64/Android/app/.cxx/Debug/592n6c1o/arm64-v8a/_deps/vulkanmemoryallocator-src/include/vk_mem_alloc.h:4207:51: note: insert '_Nullable' if the pointer may be null
C/C++:  4207 | static void vma_delete(const VkAllocationCallbacks* pAllocationCallbacks, T* ptr)
C/C++:       |                                                   ^
C/C++:       |                                                     _Nullable
C/C++: D:/Foundation-SM64/Android/app/.cxx/Debug/592n6c1o/arm64-v8a/_deps/vulkanmemoryallocator-src/include/vk_mem_alloc.h:4207:51: note: insert '_Nonnull' if the pointer should never be null
C/C++:  4207 | static void vma_delete(const VkAllocationCallbacks* pAllocationCallbacks, T* ptr)
C/C++:       |                                                   ^
C/C++:       |                                                     _Nonnull
C/C++: D:/Foundation-SM64/Android/app/.cxx/Debug/592n6c1o/arm64-v8a/_deps/vulkanmemoryallocator-src/include/vk_mem_alloc.h:4207:76: warning: pointer is missing a nullability type specifier (_Nonnull, _Nullable, or _Null_unspecified) [-Wnullability-completeness]
C/C++:  4207 | static void vma_delete(const VkAllocationCallbacks* pAllocationCallbacks, T* ptr)
C/C++:       |                                                                            ^
C/C++: D:/Foundation-SM64/Android/app/.cxx/Debug/592n6c1o/arm64-v8a/_deps/vulkanmemoryallocator-src/include/vk_mem_alloc.h:4207:76: note: insert '_Nullable' if the pointer may be null
C/C++:  4207 | static void vma_delete(const VkAllocationCallbacks* pAllocationCallbacks, T* ptr)
C/C++:       |                                                                            ^
C/C++:       |                                                                              _Nullable
C/C++: D:/Foundation-SM64/Android/app/.cxx/Debug/592n6c1o/arm64-v8a/_deps/vulkanmemoryallocator-src/include/vk_mem_alloc.h:4207:76: note: insert '_Nonnull' if the pointer should never be null
C/C++:  4207 | static void vma_delete(const VkAllocationCallbacks* pAllocationCallbacks, T* ptr)
C/C++:       |                                                                            ^
C/C++:       |                                                                              _Nonnull
C/C++: D:/Foundation-SM64/Android/app/.cxx/Debug/592n6c1o/arm64-v8a/_deps/vulkanmemoryallocator-src/include/vk_mem_alloc.h:4214:57: warning: pointer is missing a nullability type specifier (_Nonnull, _Nullable, or _Null_unspecified) [-Wnullability-completeness]
C/C++:  4214 | static void vma_delete_array(const VkAllocationCallbacks* pAllocationCallbacks, T* ptr, size_t count)
C/C++:       |                                                         ^
C/C++: D:/Foundation-SM64/Android/app/.cxx/Debug/592n6c1o/arm64-v8a/_deps/vulkanmemoryallocator-src/include/vk_mem_alloc.h:4214:57: note: insert '_Nullable' if the pointer may be null
C/C++:  4214 | static void vma_delete_array(const VkAllocationCallbacks* pAllocationCallbacks, T* ptr, size_t count)
C/C++:       |                                                         ^
C/C++:       |                                                           _Nullable
C/C++: D:/Foundation-SM64/Android/app/.cxx/Debug/592n6c1o/arm64-v8a/_deps/vulkanmemoryallocator-src/include/vk_mem_alloc.h:4214:57: note: insert '_Nonnull' if the pointer should never be null
C/C++:  4214 | static void vma_delete_array(const VkAllocationCallbacks* pAllocationCallbacks, T* ptr, size_t count)
C/C++:       |                                                         ^
C/C++:       |                                                           _Nonnull
C/C++: D:/Foundation-SM64/Android/app/.cxx/Debug/592n6c1o/arm64-v8a/_deps/vulkanmemoryallocator-src/include/vk_mem_alloc.h:4214:82: warning: pointer is missing a nullability type specifier (_Nonnull, _Nullable, or _Null_unspecified) [-Wnullability-completeness]
C/C++:  4214 | static void vma_delete_array(const VkAllocationCallbacks* pAllocationCallbacks, T* ptr, size_t count)
C/C++:       |                                                                                  ^
C/C++: D:/Foundation-SM64/Android/app/.cxx/Debug/592n6c1o/arm64-v8a/_deps/vulkanmemoryallocator-src/include/vk_mem_alloc.h:4214:82: note: insert '_Nullable' if the pointer may be null
C/C++:  4214 | static void vma_delete_array(const VkAllocationCallbacks* pAllocationCallbacks, T* ptr, size_t count)
C/C++:       |                                                                                  ^
C/C++:       |                                                                                    _Nullable
C/C++: D:/Foundation-SM64/Android/app/.cxx/Debug/592n6c1o/arm64-v8a/_deps/vulkanmemoryallocator-src/include/vk_mem_alloc.h:4214:82: note: insert '_Nonnull' if the pointer should never be null
C/C++:  4214 | static void vma_delete_array(const VkAllocationCallbacks* pAllocationCallbacks, T* ptr, size_t count)
C/C++:       |                                                                                  ^
C/C++:       |                                                                                    _Nonnull
C/C++: D:/Foundation-SM64/Android/app/.cxx/Debug/592n6c1o/arm64-v8a/_deps/vulkanmemoryallocator-src/include/vk_mem_alloc.h:4226:61: warning: pointer is missing a nullability type specifier (_Nonnull, _Nullable, or _Null_unspecified) [-Wnullability-completeness]
C/C++:  4226 | static char* VmaCreateStringCopy(const VkAllocationCallbacks* allocs, const char* srcStr)
C/C++:       |                                                             ^
C/C++: D:/Foundation-SM64/Android/app/.cxx/Debug/592n6c1o/arm64-v8a/_deps/vulkanmemoryallocator-src/include/vk_mem_alloc.h:4226:61: note: insert '_Nullable' if the pointer may be null
C/C++:  4226 | static char* VmaCreateStringCopy(const VkAllocationCallbacks* allocs, const char* srcStr)
C/C++:       |                                                             ^
C/C++:       |                                                               _Nullable
C/C++: D:/Foundation-SM64/Android/app/.cxx/Debug/592n6c1o/arm64-v8a/_deps/vulkanmemoryallocator-src/include/vk_mem_alloc.h:4226:61: note: insert '_Nonnull' if the pointer should never be null
C/C++:  4226 | static char* VmaCreateStringCopy(const VkAllocationCallbacks* allocs, const char* srcStr)
C/C++:       |                                                             ^
C/C++:       |                                                               _Nonnull
C/C++: D:/Foundation-SM64/Android/app/.cxx/Debug/592n6c1o/arm64-v8a/_deps/vulkanmemoryallocator-src/include/vk_mem_alloc.h:4226:81: warning: pointer is missing a nullability type specifier (_Nonnull, _Nullable, or _Null_unspecified) [-Wnullability-completeness]
C/C++:  4226 | static char* VmaCreateStringCopy(const VkAllocationCallbacks* allocs, const char* srcStr)
C/C++:       |                                                                                 ^
C/C++: D:/Foundation-SM64/Android/app/.cxx/Debug/592n6c1o/arm64-v8a/_deps/vulkanmemoryallocator-src/include/vk_mem_alloc.h:4226:81: note: insert '_Nullable' if the pointer may be null
C/C++:  4226 | static char* VmaCreateStringCopy(const VkAllocationCallbacks* allocs, const char* srcStr)
C/C++:       |                                                                                 ^
C/C++:       |                                                                                   _Nullable
C/C++: D:/Foundation-SM64/Android/app/.cxx/Debug/592n6c1o/arm64-v8a/_deps/vulkanmemoryallocator-src/include/vk_mem_alloc.h:4226:81: note: insert '_Nonnull' if the pointer should never be null
C/C++:  4226 | static char* VmaCreateStringCopy(const VkAllocationCallbacks* allocs, const char* srcStr)
C/C++:       |                                                                                 ^
C/C++:       |                                                                                   _Nonnull
C/C++: D:/Foundation-SM64/Android/app/.cxx/Debug/592n6c1o/arm64-v8a/_deps/vulkanmemoryallocator-src/include/vk_mem_alloc.h:4226:12: warning: pointer is missing a nullability type specifier (_Nonnull, _Nullable, or _Null_unspecified) [-Wnullability-completeness]
C/C++:  4226 | static char* VmaCreateStringCopy(const VkAllocationCallbacks* allocs, const char* srcStr)
C/C++:       |            ^
C/C++: D:/Foundation-SM64/Android/app/.cxx/Debug/592n6c1o/arm64-v8a/_deps/vulkanmemoryallocator-src/include/vk_mem_alloc.h:4226:12: note: insert '_Nullable' if the pointer may be null
C/C++:  4226 | static char* VmaCreateStringCopy(const VkAllocationCallbacks* allocs, const char* srcStr)
C/C++:       |            ^
C/C++:       |              _Nullable
C/C++: D:/Foundation-SM64/Android/app/.cxx/Debug/592n6c1o/arm64-v8a/_deps/vulkanmemoryallocator-src/include/vk_mem_alloc.h:4226:12: note: insert '_Nonnull' if the pointer should never be null
C/C++:  4226 | static char* VmaCreateStringCopy(const VkAllocationCallbacks* allocs, const char* srcStr)
C/C++:       |            ^
C/C++:       |              _Nonnull
C/C++: D:/Foundation-SM64/Android/app/.cxx/Debug/592n6c1o/arm64-v8a/_deps/vulkanmemoryallocator-src/include/vk_mem_alloc.h:4239:61: warning: pointer is missing a nullability type specifier (_Nonnull, _Nullable, or _Null_unspecified) [-Wnullability-completeness]
C/C++:  4239 | static char* VmaCreateStringCopy(const VkAllocationCallbacks* allocs, const char* srcStr, size_t strLen)
C/C++:       |                                                             ^
C/C++: D:/Foundation-SM64/Android/app/.cxx/Debug/592n6c1o/arm64-v8a/_deps/vulkanmemoryallocator-src/include/vk_mem_alloc.h:4239:61: note: insert '_Nullable' if the pointer may be null
C/C++:  4239 | static char* VmaCreateStringCopy(const VkAllocationCallbacks* allocs, const char* srcStr, size_t strLen)
C/C++:       |                                                             ^
C/C++:       |                                                               _Nullable
C/C++: D:/Foundation-SM64/Android/app/.cxx/Debug/592n6c1o/arm64-v8a/_deps/vulkanmemoryallocator-src/include/vk_mem_alloc.h:4239:61: note: insert '_Nonnull' if the pointer should never be null
C/C++:  4239 | static char* VmaCreateStringCopy(const VkAllocationCallbacks* allocs, const char* srcStr, size_t strLen)
C/C++:       |                                                             ^
C/C++:       |                                                               _Nonnull
C/C++: D:/Foundation-SM64/Android/app/.cxx/Debug/592n6c1o/arm64-v8a/_deps/vulkanmemoryallocator-src/include/vk_mem_alloc.h:4239:81: warning: pointer is missing a nullability type specifier (_Nonnull, _Nullable, or _Null_unspecified) [-Wnullability-completeness]
C/C++:  4239 | static char* VmaCreateStringCopy(const VkAllocationCallbacks* allocs, const char* srcStr, size_t strLen)
C/C++:       |                                                                                 ^
C/C++: D:/Foundation-SM64/Android/app/.cxx/Debug/592n6c1o/arm64-v8a/_deps/vulkanmemoryallocator-src/include/vk_mem_alloc.h:4239:81: note: insert '_Nullable' if the pointer may be null
C/C++:  4239 | static char* VmaCreateStringCopy(const VkAllocationCallbacks* allocs, const char* srcStr, size_t strLen)
C/C++:       |                                                                                 ^
C/C++:       |                                                                                   _Nullable
C/C++: D:/Foundation-SM64/Android/app/.cxx/Debug/592n6c1o/arm64-v8a/_deps/vulkanmemoryallocator-src/include/vk_mem_alloc.h:4239:81: note: insert '_Nonnull' if the pointer should never be null
C/C++:  4239 | static char* VmaCreateStringCopy(const VkAllocationCallbacks* allocs, const char* srcStr, size_t strLen)
C/C++:       |                                                                                 ^
C/C++:       |                                                                                   _Nonnull
C/C++: D:/Foundation-SM64/Android/app/.cxx/Debug/592n6c1o/arm64-v8a/_deps/vulkanmemoryallocator-src/include/vk_mem_alloc.h:4239:12: warning: pointer is missing a nullability type specifier (_Nonnull, _Nullable, or _Null_unspecified) [-Wnullability-completeness]
C/C++:  4239 | static char* VmaCreateStringCopy(const VkAllocationCallbacks* allocs, const char* srcStr, size_t strLen)
C/C++:       |            ^
C/C++: D:/Foundation-SM64/Android/app/.cxx/Debug/592n6c1o/arm64-v8a/_deps/vulkanmemoryallocator-src/include/vk_mem_alloc.h:4239:12: note: insert '_Nullable' if the pointer may be null
C/C++:  4239 | static char* VmaCreateStringCopy(const VkAllocationCallbacks* allocs, const char* srcStr, size_t strLen)
C/C++:       |            ^
C/C++:       |              _Nullable
C/C++: D:/Foundation-SM64/Android/app/.cxx/Debug/592n6c1o/arm64-v8a/_deps/vulkanmemoryallocator-src/include/vk_mem_alloc.h:4239:12: note: insert '_Nonnull' if the pointer should never be null
C/C++:  4239 | static char* VmaCreateStringCopy(const VkAllocationCallbacks* allocs, const char* srcStr, size_t strLen)
C/C++:       |            ^
C/C++:       |              _Nonnull
C/C++: D:/Foundation-SM64/Android/app/.cxx/Debug/592n6c1o/arm64-v8a/_deps/vulkanmemoryallocator-src/include/vk_mem_alloc.h:4252:54: warning: pointer is missing a nullability type specifier (_Nonnull, _Nullable, or _Null_unspecified) [-Wnullability-completeness]
C/C++:  4252 | static void VmaFreeString(const VkAllocationCallbacks* allocs, char* str)
C/C++:       |                                                      ^
C/C++: D:/Foundation-SM64/Android/app/.cxx/Debug/592n6c1o/arm64-v8a/_deps/vulkanmemoryallocator-src/include/vk_mem_alloc.h:4252:54: note: insert '_Nullable' if the pointer may be null
C/C++:  4252 | static void VmaFreeString(const VkAllocationCallbacks* allocs, char* str)
C/C++:       |                                                      ^
C/C++:       |                                                        _Nullable
C/C++: D:/Foundation-SM64/Android/app/.cxx/Debug/592n6c1o/arm64-v8a/_deps/vulkanmemoryallocator-src/include/vk_mem_alloc.h:4252:54: note: insert '_Nonnull' if the pointer should never be null
C/C++:  4252 | static void VmaFreeString(const VkAllocationCallbacks* allocs, char* str)
C/C++:       |                                                      ^
C/C++:       |                                                        _Nonnull
C/C++: D:/Foundation-SM64/Android/app/.cxx/Debug/592n6c1o/arm64-v8a/_deps/vulkanmemoryallocator-src/include/vk_mem_alloc.h:4252:68: warning: pointer is missing a nullability type specifier (_Nonnull, _Nullable, or _Null_unspecified) [-Wnullability-completeness]
C/C++:  4252 | static void VmaFreeString(const VkAllocationCallbacks* allocs, char* str)
C/C++:       |                                                                    ^
C/C++: D:/Foundation-SM64/Android/app/.cxx/Debug/592n6c1o/arm64-v8a/_deps/vulkanmemoryallocator-src/include/vk_mem_alloc.h:4252:68: note: insert '_Nullable' if the pointer may be null
C/C++:  4252 | static void VmaFreeString(const VkAllocationCallbacks* allocs, char* str)
C/C++:       |                                                                    ^
C/C++:       |                                                                      _Nullable
C/C++: D:/Foundation-SM64/Android/app/.cxx/Debug/592n6c1o/arm64-v8a/_deps/vulkanmemoryallocator-src/include/vk_mem_alloc.h:4252:68: note: insert '_Nonnull' if the pointer should never be null
C/C++:  4252 | static void VmaFreeString(const VkAllocationCallbacks* allocs, char* str)
C/C++:       |                                                                    ^
C/C++:       |                                                                      _Nonnull
C/C++: D:/Foundation-SM64/Android/app/.cxx/Debug/592n6c1o/arm64-v8a/_deps/vulkanmemoryallocator-src/include/vk_mem_alloc.h:4361:14: warning: pointer is missing a nullability type specifier (_Nonnull, _Nullable, or _Null_unspecified) [-Wnullability-completeness]
C/C++:  4361 |     VMA_MUTEX* m_pMutex;
C/C++:       |              ^
C/C++: D:/Foundation-SM64/Android/app/.cxx/Debug/592n6c1o/arm64-v8a/_deps/vulkanmemoryallocator-src/include/vk_mem_alloc.h:4361:14: note: insert '_Nullable' if the pointer may be null
C/C++:  4361 |     VMA_MUTEX* m_pMutex;
C/C++:       |              ^
C/C++:       |                _Nullable
C/C++: D:/Foundation-SM64/Android/app/.cxx/Debug/592n6c1o/arm64-v8a/_deps/vulkanmemoryallocator-src/include/vk_mem_alloc.h:4361:14: note: insert '_Nonnull' if the pointer should never be null
C/C++:  4361 |     VMA_MUTEX* m_pMutex;
C/C++:       |              ^
C/C++:       |                _Nonnull
C/C++: D:/Foundation-SM64/Android/app/.cxx/Debug/592n6c1o/arm64-v8a/_deps/vulkanmemoryallocator-src/include/vk_mem_alloc.h:4377:17: warning: pointer is missing a nullability type specifier (_Nonnull, _Nullable, or _Null_unspecified) [-Wnullability-completeness]
C/C++:  4377 |     VMA_RW_MUTEX* m_pMutex;
C/C++:       |                 ^
C/C++: D:/Foundation-SM64/Android/app/.cxx/Debug/592n6c1o/arm64-v8a/_deps/vulkanmemoryallocator-src/include/vk_mem_alloc.h:4377:17: note: insert '_Nullable' if the pointer may be null
C/C++:  4377 |     VMA_RW_MUTEX* m_pMutex;
C/C++:       |                 ^
C/C++:       |                   _Nullable
C/C++: D:/Foundation-SM64/Android/app/.cxx/Debug/592n6c1o/arm64-v8a/_deps/vulkanmemoryallocator-src/include/vk_mem_alloc.h:4377:17: note: insert '_Nonnull' if the pointer should never be null
C/C++:  4377 |     VMA_RW_MUTEX* m_pMutex;
C/C++:       |                 ^
C/C++:       |                   _Nonnull
C/C++: D:/Foundation-SM64/Android/app/.cxx/Debug/592n6c1o/arm64-v8a/_deps/vulkanmemoryallocator-src/include/vk_mem_alloc.h:4393:17: warning: pointer is missing a nullability type specifier (_Nonnull, _Nullable, or _Null_unspecified) [-Wnullability-completeness]
C/C++:  4393 |     VMA_RW_MUTEX* m_pMutex;
C/C++:       |                 ^
C/C++: D:/Foundation-SM64/Android/app/.cxx/Debug/592n6c1o/arm64-v8a/_deps/vulkanmemoryallocator-src/include/vk_mem_alloc.h:4393:17: note: insert '_Nullable' if the pointer may be null
C/C++:  4393 |     VMA_RW_MUTEX* m_pMutex;
C/C++:       |                 ^
C/C++:       |                   _Nullable
C/C++: D:/Foundation-SM64/Android/app/.cxx/Debug/592n6c1o/arm64-v8a/_deps/vulkanmemoryallocator-src/include/vk_mem_alloc.h:4393:17: note: insert '_Nonnull' if the pointer should never be null
C/C++:  4393 |     VMA_RW_MUTEX* m_pMutex;
C/C++:       |                 ^
C/C++:       |                   _Nonnull
C/C++: D:/Foundation-SM64/Android/app/.cxx/Debug/592n6c1o/arm64-v8a/_deps/vulkanmemoryallocator-src/include/vk_mem_alloc.h:4419:24: warning: pointer is missing a nullability type specifier (_Nonnull, _Nullable, or _Null_unspecified) [-Wnullability-completeness]
C/C++:  4419 |     T Increment(AtomicT* atomic)
C/C++:       |                        ^
C/C++: D:/Foundation-SM64/Android/app/.cxx/Debug/592n6c1o/arm64-v8a/_deps/vulkanmemoryallocator-src/include/vk_mem_alloc.h:4419:24: note: insert '_Nullable' if the pointer may be null
C/C++:  4419 |     T Increment(AtomicT* atomic)
C/C++:       |                        ^
C/C++:       |                          _Nullable
C/C++: D:/Foundation-SM64/Android/app/.cxx/Debug/592n6c1o/arm64-v8a/_deps/vulkanmemoryallocator-src/include/vk_mem_alloc.h:4419:24: note: insert '_Nonnull' if the pointer should never be null
C/C++:  4419 |     T Increment(AtomicT* atomic)
C/C++:       |                        ^
C/C++:       |                          _Nonnull
C/C++: D:/Foundation-SM64/Android/app/.cxx/Debug/592n6c1o/arm64-v8a/_deps/vulkanmemoryallocator-src/include/vk_mem_alloc.h:4426:12: warning: pointer is missing a nullability type specifier (_Nonnull, _Nullable, or _Null_unspecified) [-Wnullability-completeness]
C/C++:  4426 |     AtomicT* m_Atomic = VMA_NULL;
C/C++:       |            ^
C/C++: D:/Foundation-SM64/Android/app/.cxx/Debug/592n6c1o/arm64-v8a/_deps/vulkanmemoryallocator-src/include/vk_mem_alloc.h:4426:12: note: insert '_Nullable' if the pointer may be null
C/C++:  4426 |     AtomicT* m_Atomic = VMA_NULL;
C/C++:       |            ^
C/C++:       |              _Nullable
C/C++: D:/Foundation-SM64/Android/app/.cxx/Debug/592n6c1o/arm64-v8a/_deps/vulkanmemoryallocator-src/include/vk_mem_alloc.h:4426:12: note: insert '_Nonnull' if the pointer should never be null
C/C++:  4426 |     AtomicT* m_Atomic = VMA_NULL;
C/C++:       |            ^
C/C++:       |              _Nonnull
C/C++: D:/Foundation-SM64/Android/app/.cxx/Debug/592n6c1o/arm64-v8a/_deps/vulkanmemoryallocator-src/include/vk_mem_alloc.h:4435:32: warning: pointer is missing a nullability type specifier (_Nonnull, _Nullable, or _Null_unspecified) [-Wnullability-completeness]
C/C++:  4435 |     const VkAllocationCallbacks* const m_pCallbacks;
C/C++:       |                                ^
C/C++: D:/Foundation-SM64/Android/app/.cxx/Debug/592n6c1o/arm64-v8a/_deps/vulkanmemoryallocator-src/include/vk_mem_alloc.h:4435:32: note: insert '_Nullable' if the pointer may be null
C/C++:  4435 |     const VkAllocationCallbacks* const m_pCallbacks;
C/C++:       |                                ^
C/C++:       |                                  _Nullable
C/C++: D:/Foundation-SM64/Android/app/.cxx/Debug/592n6c1o/arm64-v8a/_deps/vulkanmemoryallocator-src/include/vk_mem_alloc.h:4435:32: note: insert '_Nonnull' if the pointer should never be null
C/C++:  4435 |     const VkAllocationCallbacks* const m_pCallbacks;
C/C++:       |                                ^
C/C++:       |                                  _Nonnull
C/C++: D:/Foundation-SM64/Android/app/.cxx/Debug/592n6c1o/arm64-v8a/_deps/vulkanmemoryallocator-src/include/vk_mem_alloc.h:4438:57: warning: pointer is missing a nullability type specifier (_Nonnull, _Nullable, or _Null_unspecified) [-Wnullability-completeness]
C/C++:  4438 |     explicit VmaStlAllocator(const VkAllocationCallbacks* pCallbacks) : m_pCallbacks(pCallbacks) {}
C/C++:       |                                                         ^
C/C++: D:/Foundation-SM64/Android/app/.cxx/Debug/592n6c1o/arm64-v8a/_deps/vulkanmemoryallocator-src/include/vk_mem_alloc.h:4438:57: note: insert '_Nullable' if the pointer may be null
C/C++:  4438 |     explicit VmaStlAllocator(const VkAllocationCallbacks* pCallbacks) : m_pCallbacks(pCallbacks) {}
C/C++:       |                                                         ^
C/C++:       |                                                           _Nullable
C/C++: D:/Foundation-SM64/Android/app/.cxx/Debug/592n6c1o/arm64-v8a/_deps/vulkanmemoryallocator-src/include/vk_mem_alloc.h:4438:57: note: insert '_Nonnull' if the pointer should never be null
C/C++:  4438 |     explicit VmaStlAllocator(const VkAllocationCallbacks* pCallbacks) : m_pCallbacks(pCallbacks) {}
C/C++:       |                                                         ^
C/C++:       |                                                           _Nonnull
C/C++: D:/Foundation-SM64/Android/app/.cxx/Debug/592n6c1o/arm64-v8a/_deps/vulkanmemoryallocator-src/include/vk_mem_alloc.h:4444:6: warning: pointer is missing a nullability type specifier (_Nonnull, _Nullable, or _Null_unspecified) [-Wnullability-completeness]
C/C++:  4444 |     T* allocate(size_t n) { return VmaAllocateArray<T>(m_pCallbacks, n); }
C/C++:       |      ^
C/C++: D:/Foundation-SM64/Android/app/.cxx/Debug/592n6c1o/arm64-v8a/_deps/vulkanmemoryallocator-src/include/vk_mem_alloc.h:4444:6: note: insert '_Nullable' if the pointer may be null
C/C++:  4444 |     T* allocate(size_t n) { return VmaAllocateArray<T>(m_pCallbacks, n); }
C/C++:       |      ^
C/C++:       |        _Nullable
C/C++: D:/Foundation-SM64/Android/app/.cxx/Debug/592n6c1o/arm64-v8a/_deps/vulkanmemoryallocator-src/include/vk_mem_alloc.h:4444:6: note: insert '_Nonnull' if the pointer should never be null
C/C++:  4444 |     T* allocate(size_t n) { return VmaAllocateArray<T>(m_pCallbacks, n); }
C/C++:       |      ^
C/C++:       |        _Nonnull
C/C++: D:/Foundation-SM64/Android/app/.cxx/Debug/592n6c1o/arm64-v8a/_deps/vulkanmemoryallocator-src/include/vk_mem_alloc.h:4445:22: warning: pointer is missing a nullability type specifier (_Nonnull, _Nullable, or _Null_unspecified) [-Wnullability-completeness]
C/C++:  4445 |     void deallocate(T* p, size_t n) { VmaFree(m_pCallbacks, p); }
C/C++:       |                      ^
C/C++: D:/Foundation-SM64/Android/app/.cxx/Debug/592n6c1o/arm64-v8a/_deps/vulkanmemoryallocator-src/include/vk_mem_alloc.h:4445:22: note: insert '_Nullable' if the pointer may be null
C/C++:  4445 |     void deallocate(T* p, size_t n) { VmaFree(m_pCallbacks, p); }
C/C++:       |                      ^
C/C++:       |                        _Nullable
C/C++: D:/Foundation-SM64/Android/app/.cxx/Debug/592n6c1o/arm64-v8a/_deps/vulkanmemoryallocator-src/include/vk_mem_alloc.h:4445:22: note: insert '_Nonnull' if the pointer should never be null
C/C++:  4445 |     void deallocate(T* p, size_t n) { VmaFree(m_pCallbacks, p); }
C/C++:       |                      ^
C/C++:       |                        _Nonnull
C/C++: D:/Foundation-SM64/Android/app/.cxx/Debug/592n6c1o/arm64-v8a/_deps/vulkanmemoryallocator-src/include/vk_mem_alloc.h:4483:6: warning: pointer is missing a nullability type specifier (_Nonnull, _Nullable, or _Null_unspecified) [-Wnullability-completeness]
C/C++:  4483 |     T* data() { return m_pArray; }
C/C++:       |      ^
C/C++: D:/Foundation-SM64/Android/app/.cxx/Debug/592n6c1o/arm64-v8a/_deps/vulkanmemoryallocator-src/include/vk_mem_alloc.h:4483:6: note: insert '_Nullable' if the pointer may be null
C/C++:  4483 |     T* data() { return m_pArray; }
C/C++:       |      ^
C/C++:       |        _Nullable
C/C++: D:/Foundation-SM64/Android/app/.cxx/Debug/592n6c1o/arm64-v8a/_deps/vulkanmemoryallocator-src/include/vk_mem_alloc.h:4483:6: note: insert '_Nonnull' if the pointer should never be null
C/C++:  4483 |     T* data() { return m_pArray; }
C/C++:       |      ^
C/C++:       |        _Nonnull
C/C++: D:/Foundation-SM64/Android/app/.cxx/Debug/592n6c1o/arm64-v8a/_deps/vulkanmemoryallocator-src/include/vk_mem_alloc.h:4486:12: warning: pointer is missing a nullability type specifier (_Nonnull, _Nullable, or _Null_unspecified) [-Wnullability-completeness]
C/C++:  4486 |     const T* data() const { return m_pArray; }
C/C++:       |            ^
C/C++: D:/Foundation-SM64/Android/app/.cxx/Debug/592n6c1o/arm64-v8a/_deps/vulkanmemoryallocator-src/include/vk_mem_alloc.h:4486:12: note: insert '_Nullable' if the pointer may be null
C/C++:  4486 |     const T* data() const { return m_pArray; }
C/C++:       |            ^
C/C++:       |              _Nullable
C/C++: D:/Foundation-SM64/Android/app/.cxx/Debug/592n6c1o/arm64-v8a/_deps/vulkanmemoryallocator-src/include/vk_mem_alloc.h:4486:12: note: insert '_Nonnull' if the pointer should never be null
C/C++:  4486 |     const T* data() const { return m_pArray; }
C/C++:       |            ^
C/C++:       |              _Nonnull
C/C++: D:/Foundation-SM64/Android/app/.cxx/Debug/592n6c1o/arm64-v8a/_deps/vulkanmemoryallocator-src/include/vk_mem_alloc.h:4490:5: warning: pointer is missing a nullability type specifier (_Nonnull, _Nullable, or _Null_unspecified) [-Wnullability-completeness]
C/C++:  4490 |     iterator begin() { return m_pArray; }
C/C++:       |     ^
C/C++: D:/Foundation-SM64/Android/app/.cxx/Debug/592n6c1o/arm64-v8a/_deps/vulkanmemoryallocator-src/include/vk_mem_alloc.h:4490:5: note: insert '_Nullable' if the pointer may be null
C/C++:  4490 |     iterator begin() { return m_pArray; }
C/C++:       |     ^
C/C++:       |              _Nullable
C/C++: D:/Foundation-SM64/Android/app/.cxx/Debug/592n6c1o/arm64-v8a/_deps/vulkanmemoryallocator-src/include/vk_mem_alloc.h:4490:5: note: insert '_Nonnull' if the pointer should never be null
C/C++:  4490 |     iterator begin() { return m_pArray; }
C/C++:       |     ^
C/C++:       |              _Nonnull
C/C++: D:/Foundation-SM64/Android/app/.cxx/Debug/592n6c1o/arm64-v8a/_deps/vulkanmemoryallocator-src/include/vk_mem_alloc.h:4491:5: warning: pointer is missing a nullability type specifier (_Nonnull, _Nullable, or _Null_unspecified) [-Wnullability-completeness]
C/C++:  4491 |     iterator end() { return m_pArray + m_Count; }
C/C++:       |     ^
C/C++: D:/Foundation-SM64/Android/app/.cxx/Debug/592n6c1o/arm64-v8a/_deps/vulkanmemoryallocator-src/include/vk_mem_alloc.h:4491:5: note: insert '_Nullable' if the pointer may be null
C/C++:  4491 |     iterator end() { return m_pArray + m_Count; }
C/C++:       |     ^
C/C++:       |              _Nullable
C/C++: D:/Foundation-SM64/Android/app/.cxx/Debug/592n6c1o/arm64-v8a/_deps/vulkanmemoryallocator-src/include/vk_mem_alloc.h:4491:5: note: insert '_Nonnull' if the pointer should never be null
C/C++:  4491 |     iterator end() { return m_pArray + m_Count; }
C/C++:       |     ^
C/C++:       |              _Nonnull
C/C++: D:/Foundation-SM64/Android/app/.cxx/Debug/592n6c1o/arm64-v8a/_deps/vulkanmemoryallocator-src/include/vk_mem_alloc.h:4492:5: warning: pointer is missing a nullability type specifier (_Nonnull, _Nullable, or _Null_unspecified) [-Wnullability-completeness]
C/C++:  4492 |     const_iterator cbegin() const { return m_pArray; }
C/C++:       |     ^
C/C++: D:/Foundation-SM64/Android/app/.cxx/Debug/592n6c1o/arm64-v8a/_deps/vulkanmemoryallocator-src/include/vk_mem_alloc.h:4492:5: note: insert '_Nullable' if the pointer may be null
C/C++:  4492 |     const_iterator cbegin() const { return m_pArray; }
C/C++:       |     ^
C/C++:       |                    _Nullable
C/C++: D:/Foundation-SM64/Android/app/.cxx/Debug/592n6c1o/arm64-v8a/_deps/vulkanmemoryallocator-src/include/vk_mem_alloc.h:4492:5: note: insert '_Nonnull' if the pointer should never be null
C/C++:  4492 |     const_iterator cbegin() const { return m_pArray; }
C/C++:       |     ^
C/C++:       |                    _Nonnull
C/C++: D:/Foundation-SM64/Android/app/.cxx/Debug/592n6c1o/arm64-v8a/_deps/vulkanmemoryallocator-src/include/vk_mem_alloc.h:4493:5: warning: pointer is missing a nullability type specifier (_Nonnull, _Nullable, or _Null_unspecified) [-Wnullability-completeness]
C/C++:  4493 |     const_iterator cend() const { return m_pArray + m_Count; }
C/C++:       |     ^
C/C++: D:/Foundation-SM64/Android/app/.cxx/Debug/592n6c1o/arm64-v8a/_deps/vulkanmemoryallocator-src/include/vk_mem_alloc.h:4493:5: note: insert '_Nullable' if the pointer may be null
C/C++:  4493 |     const_iterator cend() const { return m_pArray + m_Count; }
C/C++:       |     ^
C/C++:       |                    _Nullable
C/C++: D:/Foundation-SM64/Android/app/.cxx/Debug/592n6c1o/arm64-v8a/_deps/vulkanmemoryallocator-src/include/vk_mem_alloc.h:4493:5: note: insert '_Nonnull' if the pointer should never be null
C/C++:  4493 |     const_iterator cend() const { return m_pArray + m_Count; }
C/C++:       |     ^
C/C++:       |                    _Nonnull
C/C++: D:/Foundation-SM64/Android/app/.cxx/Debug/592n6c1o/arm64-v8a/_deps/vulkanmemoryallocator-src/include/vk_mem_alloc.h:4494:5: warning: pointer is missing a nullability type specifier (_Nonnull, _Nullable, or _Null_unspecified) [-Wnullability-completeness]
C/C++:  4494 |     const_iterator begin() const { return cbegin(); }
C/C++:       |     ^
C/C++: D:/Foundation-SM64/Android/app/.cxx/Debug/592n6c1o/arm64-v8a/_deps/vulkanmemoryallocator-src/include/vk_mem_alloc.h:4494:5: note: insert '_Nullable' if the pointer may be null
C/C++:  4494 |     const_iterator begin() const { return cbegin(); }
C/C++:       |     ^
C/C++:       |                    _Nullable
C/C++: D:/Foundation-SM64/Android/app/.cxx/Debug/592n6c1o/arm64-v8a/_deps/vulkanmemoryallocator-src/include/vk_mem_alloc.h:4494:5: note: insert '_Nonnull' if the pointer should never be null
C/C++:  4494 |     const_iterator begin() const { return cbegin(); }
C/C++:       |     ^
C/C++:       |                    _Nonnull
C/C++: D:/Foundation-SM64/Android/app/.cxx/Debug/592n6c1o/arm64-v8a/_deps/vulkanmemoryallocator-src/include/vk_mem_alloc.h:4495:5: warning: pointer is missing a nullability type specifier (_Nonnull, _Nullable, or _Null_unspecified) [-Wnullability-completeness]
C/C++:  4495 |     const_iterator end() const { return cend(); }
C/C++:       |     ^
C/C++: D:/Foundation-SM64/Android/app/.cxx/Debug/592n6c1o/arm64-v8a/_deps/vulkanmemoryallocator-src/include/vk_mem_alloc.h:4495:5: note: insert '_Nullable' if the pointer may be null
C/C++:  4495 |     const_iterator end() const { return cend(); }
C/C++:       |     ^
C/C++:       |                    _Nullable
C/C++: D:/Foundation-SM64/Android/app/.cxx/Debug/592n6c1o/arm64-v8a/_deps/vulkanmemoryallocator-src/include/vk_mem_alloc.h:4495:5: note: insert '_Nonnull' if the pointer should never be null
C/C++:  4495 |     const_iterator end() const { return cend(); }
C/C++:       |     ^
C/C++:       |                    _Nonnull
C/C++: D:/Foundation-SM64/Android/app/.cxx/Debug/592n6c1o/arm64-v8a/_deps/vulkanmemoryallocator-src/include/vk_mem_alloc.h:4514:6: warning: pointer is missing a nullability type specifier (_Nonnull, _Nullable, or _Null_unspecified) [-Wnullability-completeness]
C/C++:  4514 |     T* m_pArray;
C/C++:       |      ^
C/C++: D:/Foundation-SM64/Android/app/.cxx/Debug/592n6c1o/arm64-v8a/_deps/vulkanmemoryallocator-src/include/vk_mem_alloc.h:4514:6: note: insert '_Nullable' if the pointer may be null
C/C++:  4514 |     T* m_pArray;
C/C++:       |      ^
C/C++:       |        _Nullable
C/C++: D:/Foundation-SM64/Android/app/.cxx/Debug/592n6c1o/arm64-v8a/_deps/vulkanmemoryallocator-src/include/vk_mem_alloc.h:4514:6: note: insert '_Nonnull' if the pointer should never be null
C/C++:  4514 |     T* m_pArray;
C/C++:       |      ^
C/C++:       |        _Nonnull
C/C++: D:/Foundation-SM64/Android/app/.cxx/Debug/592n6c1o/arm64-v8a/_deps/vulkanmemoryallocator-src/include/vk_mem_alloc.h:4698:6: warning: pointer is missing a nullability type specifier (_Nonnull, _Nullable, or _Null_unspecified) [-Wnullability-completeness]
C/C++:  4698 |     T* data() { return m_Count > N ? m_DynamicArray.data() : m_StaticArray; }
C/C++:       |      ^
C/C++: D:/Foundation-SM64/Android/app/.cxx/Debug/592n6c1o/arm64-v8a/_deps/vulkanmemoryallocator-src/include/vk_mem_alloc.h:4698:6: note: insert '_Nullable' if the pointer may be null
C/C++:  4698 |     T* data() { return m_Count > N ? m_DynamicArray.data() : m_StaticArray; }
C/C++:       |      ^
C/C++:       |        _Nullable
C/C++: D:/Foundation-SM64/Android/app/.cxx/Debug/592n6c1o/arm64-v8a/_deps/vulkanmemoryallocator-src/include/vk_mem_alloc.h:4698:6: note: insert '_Nonnull' if the pointer should never be null
C/C++:  4698 |     T* data() { return m_Count > N ? m_DynamicArray.data() : m_StaticArray; }
C/C++:       |      ^
C/C++:       |        _Nonnull
C/C++: D:/Foundation-SM64/Android/app/.cxx/Debug/592n6c1o/arm64-v8a/_deps/vulkanmemoryallocator-src/include/vk_mem_alloc.h:4701:12: warning: pointer is missing a nullability type specifier (_Nonnull, _Nullable, or _Null_unspecified) [-Wnullability-completeness]
C/C++:  4701 |     const T* data() const { return m_Count > N ? m_DynamicArray.data() : m_StaticArray; }
C/C++:       |            ^
C/C++: D:/Foundation-SM64/Android/app/.cxx/Debug/592n6c1o/arm64-v8a/_deps/vulkanmemoryallocator-src/include/vk_mem_alloc.h:4701:12: note: insert '_Nullable' if the pointer may be null
C/C++:  4701 |     const T* data() const { return m_Count > N ? m_DynamicArray.data() : m_StaticArray; }
C/C++:       |            ^
C/C++:       |              _Nullable
C/C++: D:/Foundation-SM64/Android/app/.cxx/Debug/592n6c1o/arm64-v8a/_deps/vulkanmemoryallocator-src/include/vk_mem_alloc.h:4701:12: note: insert '_Nonnull' if the pointer should never be null
C/C++:  4701 |     const T* data() const { return m_Count > N ? m_DynamicArray.data() : m_StaticArray; }
C/C++:       |            ^
C/C++:       |              _Nonnull
C/C++: D:/Foundation-SM64/Android/app/.cxx/Debug/592n6c1o/arm64-v8a/_deps/vulkanmemoryallocator-src/include/vk_mem_alloc.h:4705:5: warning: pointer is missing a nullability type specifier (_Nonnull, _Nullable, or _Null_unspecified) [-Wnullability-completeness]
C/C++:  4705 |     iterator begin() { return data(); }
C/C++:       |     ^
C/C++: D:/Foundation-SM64/Android/app/.cxx/Debug/592n6c1o/arm64-v8a/_deps/vulkanmemoryallocator-src/include/vk_mem_alloc.h:4705:5: note: insert '_Nullable' if the pointer may be null
C/C++:  4705 |     iterator begin() { return data(); }
C/C++:       |     ^
C/C++:       |              _Nullable
C/C++: D:/Foundation-SM64/Android/app/.cxx/Debug/592n6c1o/arm64-v8a/_deps/vulkanmemoryallocator-src/include/vk_mem_alloc.h:4705:5: note: insert '_Nonnull' if the pointer should never be null
C/C++:  4705 |     iterator begin() { return data(); }
C/C++:       |     ^
C/C++:       |              _Nonnull
C/C++: D:/Foundation-SM64/Android/app/.cxx/Debug/592n6c1o/arm64-v8a/_deps/vulkanmemoryallocator-src/include/vk_mem_alloc.h:4706:5: warning: pointer is missing a nullability type specifier (_Nonnull, _Nullable, or _Null_unspecified) [-Wnullability-completeness]
C/C++:  4706 |     iterator end() { return data() + m_Count; }
C/C++:       |     ^
C/C++: D:/Foundation-SM64/Android/app/.cxx/Debug/592n6c1o/arm64-v8a/_deps/vulkanmemoryallocator-src/include/vk_mem_alloc.h:4706:5: note: insert '_Nullable' if the pointer may be null
C/C++:  4706 |     iterator end() { return data() + m_Count; }
C/C++:       |     ^
C/C++:       |              _Nullable
C/C++: D:/Foundation-SM64/Android/app/.cxx/Debug/592n6c1o/arm64-v8a/_deps/vulkanmemoryallocator-src/include/vk_mem_alloc.h:4706:5: note: insert '_Nonnull' if the pointer should never be null
C/C++:  4706 |     iterator end() { return data() + m_Count; }
C/C++:       |     ^
C/C++:       |              _Nonnull
C/C++: D:/Foundation-SM64/Android/app/.cxx/Debug/592n6c1o/arm64-v8a/_deps/vulkanmemoryallocator-src/include/vk_mem_alloc.h:4840:49: warning: pointer is missing a nullability type specifier (_Nonnull, _Nullable, or _Null_unspecified) [-Wnullability-completeness]
C/C++:  4840 |     VmaPoolAllocator(const VkAllocationCallbacks* pAllocationCallbacks, uint32_t firstBlockCapacity);
C/C++:       |                                                 ^
C/C++: D:/Foundation-SM64/Android/app/.cxx/Debug/592n6c1o/arm64-v8a/_deps/vulkanmemoryallocator-src/include/vk_mem_alloc.h:4840:49: note: insert '_Nullable' if the pointer may be null
C/C++:  4840 |     VmaPoolAllocator(const VkAllocationCallbacks* pAllocationCallbacks, uint32_t firstBlockCapacity);
C/C++:       |                                                 ^
C/C++:       |                                                   _Nullable
C/C++: D:/Foundation-SM64/Android/app/.cxx/Debug/592n6c1o/arm64-v8a/_deps/vulkanmemoryallocator-src/include/vk_mem_alloc.h:4840:49: note: insert '_Nonnull' if the pointer should never be null
C/C++:  4840 |     VmaPoolAllocator(const VkAllocationCallbacks* pAllocationCallbacks, uint32_t firstBlockCapacity);
C/C++:       |                                                 ^
C/C++:       |                                                   _Nonnull
C/C++: D:/Foundation-SM64/Android/app/.cxx/Debug/592n6c1o/arm64-v8a/_deps/vulkanmemoryallocator-src/include/vk_mem_alloc.h:4842:34: warning: pointer is missing a nullability type specifier (_Nonnull, _Nullable, or _Null_unspecified) [-Wnullability-completeness]
C/C++:  4842 |     template<typename... Types> T* Alloc(Types&&... args);
C/C++:       |                                  ^
C/C++: D:/Foundation-SM64/Android/app/.cxx/Debug/592n6c1o/arm64-v8a/_deps/vulkanmemoryallocator-src/include/vk_mem_alloc.h:4842:34: note: insert '_Nullable' if the pointer may be null
C/C++:  4842 |     template<typename... Types> T* Alloc(Types&&... args);
C/C++:       |                                  ^
C/C++:       |                                    _Nullable
C/C++: D:/Foundation-SM64/Android/app/.cxx/Debug/592n6c1o/arm64-v8a/_deps/vulkanmemoryallocator-src/include/vk_mem_alloc.h:4842:34: note: insert '_Nonnull' if the pointer should never be null
C/C++:  4842 |     template<typename... Types> T* Alloc(Types&&... args);
C/C++:       |                                  ^
C/C++:       |                                    _Nonnull
C/C++: D:/Foundation-SM64/Android/app/.cxx/Debug/592n6c1o/arm64-v8a/_deps/vulkanmemoryallocator-src/include/vk_mem_alloc.h:4843:16: warning: pointer is missing a nullability type specifier (_Nonnull, _Nullable, or _Null_unspecified) [-Wnullability-completeness]
C/C++:  4843 |     void Free(T* ptr);
C/C++:       |                ^
C/C++: D:/Foundation-SM64/Android/app/.cxx/Debug/592n6c1o/arm64-v8a/_deps/vulkanmemoryallocator-src/include/vk_mem_alloc.h:4843:16: note: insert '_Nullable' if the pointer may be null
C/C++:  4843 |     void Free(T* ptr);
C/C++:       |                ^
C/C++:       |                  _Nullable
C/C++: D:/Foundation-SM64/Android/app/.cxx/Debug/592n6c1o/arm64-v8a/_deps/vulkanmemoryallocator-src/include/vk_mem_alloc.h:4843:16: note: insert '_Nonnull' if the pointer should never be null
C/C++:  4843 |     void Free(T* ptr);
C/C++:       |                ^
C/C++:       |                  _Nonnull
C/C++: D:/Foundation-SM64/Android/app/.cxx/Debug/592n6c1o/arm64-v8a/_deps/vulkanmemoryallocator-src/include/vk_mem_alloc.h:4853:13: warning: pointer is missing a nullability type specifier (_Nonnull, _Nullable, or _Null_unspecified) [-Wnullability-completeness]
C/C++:  4853 |         Item* pItems;
C/C++:       |             ^
C/C++: D:/Foundation-SM64/Android/app/.cxx/Debug/592n6c1o/arm64-v8a/_deps/vulkanmemoryallocator-src/include/vk_mem_alloc.h:4853:13: note: insert '_Nullable' if the pointer may be null
C/C++:  4853 |         Item* pItems;
C/C++:       |             ^
C/C++:       |               _Nullable
C/C++: D:/Foundation-SM64/Android/app/.cxx/Debug/592n6c1o/arm64-v8a/_deps/vulkanmemoryallocator-src/include/vk_mem_alloc.h:4853:13: note: insert '_Nonnull' if the pointer should never be null
C/C++:  4853 |         Item* pItems;
C/C++:       |             ^
C/C++:       |               _Nonnull
C/C++: D:/Foundation-SM64/Android/app/.cxx/Debug/592n6c1o/arm64-v8a/_deps/vulkanmemoryallocator-src/include/vk_mem_alloc.h:4858:32: warning: pointer is missing a nullability type specifier (_Nonnull, _Nullable, or _Null_unspecified) [-Wnullability-completeness]
C/C++:  4858 |     const VkAllocationCallbacks* m_pAllocationCallbacks;
C/C++:       |                                ^
C/C++: D:/Foundation-SM64/Android/app/.cxx/Debug/592n6c1o/arm64-v8a/_deps/vulkanmemoryallocator-src/include/vk_mem_alloc.h:4858:32: note: insert '_Nullable' if the pointer may be null
C/C++:  4858 |     const VkAllocationCallbacks* m_pAllocationCallbacks;
C/C++:       |                                ^
C/C++:       |                                  _Nullable
C/C++: D:/Foundation-SM64/Android/app/.cxx/Debug/592n6c1o/arm64-v8a/_deps/vulkanmemoryallocator-src/include/vk_mem_alloc.h:4858:32: note: insert '_Nonnull' if the pointer should never be null
C/C++:  4858 |     const VkAllocationCallbacks* m_pAllocationCallbacks;
C/C++:       |                                ^
C/C++:       |                                  _Nonnull
C/C++: D:/Foundation-SM64/Android/app/.cxx/Debug/592n6c1o/arm64-v8a/_deps/vulkanmemoryallocator-src/include/vk_mem_alloc.h:4867:66: warning: pointer is missing a nullability type specifier (_Nonnull, _Nullable, or _Null_unspecified) [-Wnullability-completeness]
C/C++:  4867 | VmaPoolAllocator<T>::VmaPoolAllocator(const VkAllocationCallbacks* pAllocationCallbacks, uint32_t firstBlockCapacity)
C/C++:       |                                                                  ^
C/C++: D:/Foundation-SM64/Android/app/.cxx/Debug/592n6c1o/arm64-v8a/_deps/vulkanmemoryallocator-src/include/vk_mem_alloc.h:4867:66: note: insert '_Nullable' if the pointer may be null
C/C++:  4867 | VmaPoolAllocator<T>::VmaPoolAllocator(const VkAllocationCallbacks* pAllocationCallbacks, uint32_t firstBlockCapacity)
C/C++:       |                                                                  ^
C/C++:       |                                                                    _Nullable
C/C++: D:/Foundation-SM64/Android/app/.cxx/Debug/592n6c1o/arm64-v8a/_deps/vulkanmemoryallocator-src/include/vk_mem_alloc.h:4867:66: note: insert '_Nonnull' if the pointer should never be null
C/C++:  4867 | VmaPoolAllocator<T>::VmaPoolAllocator(const VkAllocationCallbacks* pAllocationCallbacks, uint32_t firstBlockCapacity)
C/C++:       |                                                                  ^
C/C++:       |                                                                    _Nonnull
C/C++: D:/Foundation-SM64/Android/app/.cxx/Debug/592n6c1o/arm64-v8a/_deps/vulkanmemoryallocator-src/include/vk_mem_alloc.h:4884:30: warning: pointer is missing a nullability type specifier (_Nonnull, _Nullable, or _Null_unspecified) [-Wnullability-completeness]
C/C++:  4884 | template<typename... Types> T* VmaPoolAllocator<T>::Alloc(Types&&... args)
C/C++:       |                              ^
C/C++: D:/Foundation-SM64/Android/app/.cxx/Debug/592n6c1o/arm64-v8a/_deps/vulkanmemoryallocator-src/include/vk_mem_alloc.h:4884:30: note: insert '_Nullable' if the pointer may be null
C/C++:  4884 | template<typename... Types> T* VmaPoolAllocator<T>::Alloc(Types&&... args)
C/C++:       |                              ^
C/C++:       |                                _Nullable
C/C++: D:/Foundation-SM64/Android/app/.cxx/Debug/592n6c1o/arm64-v8a/_deps/vulkanmemoryallocator-src/include/vk_mem_alloc.h:4884:30: note: insert '_Nonnull' if the pointer should never be null
C/C++:  4884 | template<typename... Types> T* VmaPoolAllocator<T>::Alloc(Types&&... args)
C/C++:       |                              ^
C/C++:       |                                _Nonnull
C/C++: D:/Foundation-SM64/Android/app/.cxx/Debug/592n6c1o/arm64-v8a/_deps/vulkanmemoryallocator-src/include/vk_mem_alloc.h:4910:33: warning: pointer is missing a nullability type specifier (_Nonnull, _Nullable, or _Null_unspecified) [-Wnullability-completeness]
C/C++:  4910 | void VmaPoolAllocator<T>::Free(T* ptr)
C/C++:       |                                 ^
C/C++: D:/Foundation-SM64/Android/app/.cxx/Debug/592n6c1o/arm64-v8a/_deps/vulkanmemoryallocator-src/include/vk_mem_alloc.h:4910:33: note: insert '_Nullable' if the pointer may be null
C/C++:  4910 | void VmaPoolAllocator<T>::Free(T* ptr)
C/C++:       |                                 ^
C/C++:       |                                   _Nullable
C/C++: D:/Foundation-SM64/Android/app/.cxx/Debug/592n6c1o/arm64-v8a/_deps/vulkanmemoryallocator-src/include/vk_mem_alloc.h:4910:33: note: insert '_Nonnull' if the pointer should never be null
C/C++:  4910 | void VmaPoolAllocator<T>::Free(T* ptr)
C/C++:       |                                 ^
C/C++:       |                                   _Nonnull
C/C++: D:/Foundation-SM64/Android/app/.cxx/Debug/592n6c1o/arm64-v8a/_deps/vulkanmemoryallocator-src/include/vk_mem_alloc.h:4962:16: warning: pointer is missing a nullability type specifier (_Nonnull, _Nullable, or _Null_unspecified) [-Wnullability-completeness]
C/C++:  4962 |     VmaListItem* pPrev;
C/C++:       |                ^
C/C++: D:/Foundation-SM64/Android/app/.cxx/Debug/592n6c1o/arm64-v8a/_deps/vulkanmemoryallocator-src/include/vk_mem_alloc.h:4962:16: note: insert '_Nullable' if the pointer may be null
C/C++:  4962 |     VmaListItem* pPrev;
C/C++:       |                ^
C/C++:       |                  _Nullable
C/C++: D:/Foundation-SM64/Android/app/.cxx/Debug/592n6c1o/arm64-v8a/_deps/vulkanmemoryallocator-src/include/vk_mem_alloc.h:4962:16: note: insert '_Nonnull' if the pointer should never be null
C/C++:  4962 |     VmaListItem* pPrev;
C/C++:       |                ^
C/C++:       |                  _Nonnull
C/C++: D:/Foundation-SM64/Android/app/.cxx/Debug/592n6c1o/arm64-v8a/_deps/vulkanmemoryallocator-src/include/vk_mem_alloc.h:4963:16: warning: pointer is missing a nullability type specifier (_Nonnull, _Nullable, or _Null_unspecified) [-Wnullability-completeness]
C/C++:  4963 |     VmaListItem* pNext;
C/C++:       |                ^
C/C++: D:/Foundation-SM64/Android/app/.cxx/Debug/592n6c1o/arm64-v8a/_deps/vulkanmemoryallocator-src/include/vk_mem_alloc.h:4963:16: note: insert '_Nullable' if the pointer may be null
C/C++:  4963 |     VmaListItem* pNext;
C/C++:       |                ^
C/C++:       |                  _Nullable
C/C++: D:/Foundation-SM64/Android/app/.cxx/Debug/592n6c1o/arm64-v8a/_deps/vulkanmemoryallocator-src/include/vk_mem_alloc.h:4963:16: note: insert '_Nonnull' if the pointer should never be null
C/C++:  4963 |     VmaListItem* pNext;
C/C++:       |                ^
C/C++:       |                  _Nonnull
C/C++: D:/Foundation-SM64/Android/app/.cxx/Debug/592n6c1o/arm64-v8a/_deps/vulkanmemoryallocator-src/include/vk_mem_alloc.h:4975:52: warning: pointer is missing a nullability type specifier (_Nonnull, _Nullable, or _Null_unspecified) [-Wnullability-completeness]
C/C++:  4975 |     explicit VmaRawList(const VkAllocationCallbacks* pAllocationCallbacks);
C/C++:       |                                                    ^
C/C++: D:/Foundation-SM64/Android/app/.cxx/Debug/592n6c1o/arm64-v8a/_deps/vulkanmemoryallocator-src/include/vk_mem_alloc.h:4975:52: note: insert '_Nullable' if the pointer may be null
C/C++:  4975 |     explicit VmaRawList(const VkAllocationCallbacks* pAllocationCallbacks);
C/C++:       |                                                    ^
C/C++:       |                                                      _Nullable
C/C++: D:/Foundation-SM64/Android/app/.cxx/Debug/592n6c1o/arm64-v8a/_deps/vulkanmemoryallocator-src/include/vk_mem_alloc.h:4975:52: note: insert '_Nonnull' if the pointer should never be null
C/C++:  4975 |     explicit VmaRawList(const VkAllocationCallbacks* pAllocationCallbacks);
C/C++:       |                                                    ^
C/C++:       |                                                      _Nonnull
C/C++: D:/Foundation-SM64/Android/app/.cxx/Debug/592n6c1o/arm64-v8a/_deps/vulkanmemoryallocator-src/include/vk_mem_alloc.h:4983:13: warning: pointer is missing a nullability type specifier (_Nonnull, _Nullable, or _Null_unspecified) [-Wnullability-completeness]
C/C++:  4983 |     ItemType* Front() { return m_pFront; }
C/C++:       |             ^
C/C++: D:/Foundation-SM64/Android/app/.cxx/Debug/592n6c1o/arm64-v8a/_deps/vulkanmemoryallocator-src/include/vk_mem_alloc.h:4983:13: note: insert '_Nullable' if the pointer may be null
C/C++:  4983 |     ItemType* Front() { return m_pFront; }
C/C++:       |             ^
C/C++:       |               _Nullable
C/C++: D:/Foundation-SM64/Android/app/.cxx/Debug/592n6c1o/arm64-v8a/_deps/vulkanmemoryallocator-src/include/vk_mem_alloc.h:4983:13: note: insert '_Nonnull' if the pointer should never be null
C/C++:  4983 |     ItemType* Front() { return m_pFront; }
C/C++:       |             ^
C/C++:       |               _Nonnull
C/C++: D:/Foundation-SM64/Android/app/.cxx/Debug/592n6c1o/arm64-v8a/_deps/vulkanmemoryallocator-src/include/vk_mem_alloc.h:4984:13: warning: pointer is missing a nullability type specifier (_Nonnull, _Nullable, or _Null_unspecified) [-Wnullability-completeness]
C/C++:  4984 |     ItemType* Back() { return m_pBack; }
C/C++:       |             ^
C/C++: D:/Foundation-SM64/Android/app/.cxx/Debug/592n6c1o/arm64-v8a/_deps/vulkanmemoryallocator-src/include/vk_mem_alloc.h:4984:13: note: insert '_Nullable' if the pointer may be null
C/C++:  4984 |     ItemType* Back() { return m_pBack; }
C/C++:       |             ^
C/C++:       |               _Nullable
C/C++: D:/Foundation-SM64/Android/app/.cxx/Debug/592n6c1o/arm64-v8a/_deps/vulkanmemoryallocator-src/include/vk_mem_alloc.h:4984:13: note: insert '_Nonnull' if the pointer should never be null
C/C++:  4984 |     ItemType* Back() { return m_pBack; }
C/C++:       |             ^
C/C++:       |               _Nonnull
C/C++: D:/Foundation-SM64/Android/app/.cxx/Debug/592n6c1o/arm64-v8a/_deps/vulkanmemoryallocator-src/include/vk_mem_alloc.h:4985:19: warning: pointer is missing a nullability type specifier (_Nonnull, _Nullable, or _Null_unspecified) [-Wnullability-completeness]
C/C++:  4985 |     const ItemType* Front() const { return m_pFront; }
C/C++:       |                   ^
C/C++: D:/Foundation-SM64/Android/app/.cxx/Debug/592n6c1o/arm64-v8a/_deps/vulkanmemoryallocator-src/include/vk_mem_alloc.h:4985:19: note: insert '_Nullable' if the pointer may be null
C/C++:  4985 |     const ItemType* Front() const { return m_pFront; }
C/C++:       |                   ^
C/C++:       |                     _Nullable
C/C++: D:/Foundation-SM64/Android/app/.cxx/Debug/592n6c1o/arm64-v8a/_deps/vulkanmemoryallocator-src/include/vk_mem_alloc.h:4985:19: note: insert '_Nonnull' if the pointer should never be null
C/C++:  4985 |     const ItemType* Front() const { return m_pFront; }
C/C++:       |                   ^
C/C++:       |                     _Nonnull
C/C++: D:/Foundation-SM64/Android/app/.cxx/Debug/592n6c1o/arm64-v8a/_deps/vulkanmemoryallocator-src/include/vk_mem_alloc.h:4986:19: warning: pointer is missing a nullability type specifier (_Nonnull, _Nullable, or _Null_unspecified) [-Wnullability-completeness]
C/C++:  4986 |     const ItemType* Back() const { return m_pBack; }
C/C++:       |                   ^
C/C++: D:/Foundation-SM64/Android/app/.cxx/Debug/592n6c1o/arm64-v8a/_deps/vulkanmemoryallocator-src/include/vk_mem_alloc.h:4986:19: note: insert '_Nullable' if the pointer may be null
C/C++:  4986 |     const ItemType* Back() const { return m_pBack; }
C/C++:       |                   ^
C/C++:       |                     _Nullable
C/C++: D:/Foundation-SM64/Android/app/.cxx/Debug/592n6c1o/arm64-v8a/_deps/vulkanmemoryallocator-src/include/vk_mem_alloc.h:4986:19: note: insert '_Nonnull' if the pointer should never be null
C/C++:  4986 |     const ItemType* Back() const { return m_pBack; }
C/C++:       |                   ^
C/C++:       |                     _Nonnull
C/C++: D:/Foundation-SM64/Android/app/.cxx/Debug/592n6c1o/arm64-v8a/_deps/vulkanmemoryallocator-src/include/vk_mem_alloc.h:4988:13: warning: pointer is missing a nullability type specifier (_Nonnull, _Nullable, or _Null_unspecified) [-Wnullability-completeness]
C/C++:  4988 |     ItemType* PushFront();
C/C++:       |             ^
C/C++: D:/Foundation-SM64/Android/app/.cxx/Debug/592n6c1o/arm64-v8a/_deps/vulkanmemoryallocator-src/include/vk_mem_alloc.h:4988:13: note: insert '_Nullable' if the pointer may be null
C/C++:  4988 |     ItemType* PushFront();
C/C++:       |             ^
C/C++:       |               _Nullable
C/C++: D:/Foundation-SM64/Android/app/.cxx/Debug/592n6c1o/arm64-v8a/_deps/vulkanmemoryallocator-src/include/vk_mem_alloc.h:4988:13: note: insert '_Nonnull' if the pointer should never be null
C/C++:  4988 |     ItemType* PushFront();
C/C++:       |             ^
C/C++:       |               _Nonnull
C/C++: D:/Foundation-SM64/Android/app/.cxx/Debug/592n6c1o/arm64-v8a/_deps/vulkanmemoryallocator-src/include/vk_mem_alloc.h:4989:13: warning: pointer is missing a nullability type specifier (_Nonnull, _Nullable, or _Null_unspecified) [-Wnullability-completeness]
C/C++:  4989 |     ItemType* PushBack();
C/C++:       |             ^
C/C++: D:/Foundation-SM64/Android/app/.cxx/Debug/592n6c1o/arm64-v8a/_deps/vulkanmemoryallocator-src/include/vk_mem_alloc.h:4989:13: note: insert '_Nullable' if the pointer may be null
C/C++:  4989 |     ItemType* PushBack();
C/C++:       |             ^
C/C++:       |               _Nullable
C/C++: D:/Foundation-SM64/Android/app/.cxx/Debug/592n6c1o/arm64-v8a/_deps/vulkanmemoryallocator-src/include/vk_mem_alloc.h:4989:13: note: insert '_Nonnull' if the pointer should never be null
C/C++:  4989 |     ItemType* PushBack();
C/C++:       |             ^
C/C++:       |               _Nonnull
C/C++: D:/Foundation-SM64/Android/app/.cxx/Debug/592n6c1o/arm64-v8a/_deps/vulkanmemoryallocator-src/include/vk_mem_alloc.h:4990:13: warning: pointer is missing a nullability type specifier (_Nonnull, _Nullable, or _Null_unspecified) [-Wnullability-completeness]
C/C++:  4990 |     ItemType* PushFront(const T& value);
C/C++:       |             ^
C/C++: D:/Foundation-SM64/Android/app/.cxx/Debug/592n6c1o/arm64-v8a/_deps/vulkanmemoryallocator-src/include/vk_mem_alloc.h:4990:13: note: insert '_Nullable' if the pointer may be null
C/C++:  4990 |     ItemType* PushFront(const T& value);
C/C++:       |             ^
C/C++:       |               _Nullable
C/C++: D:/Foundation-SM64/Android/app/.cxx/Debug/592n6c1o/arm64-v8a/_deps/vulkanmemoryallocator-src/include/vk_mem_alloc.h:4990:13: note: insert '_Nonnull' if the pointer should never be null
C/C++:  4990 |     ItemType* PushFront(const T& value);
C/C++:       |             ^
C/C++:       |               _Nonnull
C/C++: D:/Foundation-SM64/Android/app/.cxx/Debug/592n6c1o/arm64-v8a/_deps/vulkanmemoryallocator-src/include/vk_mem_alloc.h:4991:13: warning: pointer is missing a nullability type specifier (_Nonnull, _Nullable, or _Null_unspecified) [-Wnullability-completeness]
C/C++:  4991 |     ItemType* PushBack(const T& value);
C/C++:       |             ^
C/C++: D:/Foundation-SM64/Android/app/.cxx/Debug/592n6c1o/arm64-v8a/_deps/vulkanmemoryallocator-src/include/vk_mem_alloc.h:4991:13: note: insert '_Nullable' if the pointer may be null
C/C++:  4991 |     ItemType* PushBack(const T& value);
C/C++:       |             ^
C/C++:       |               _Nullable
C/C++: D:/Foundation-SM64/Android/app/.cxx/Debug/592n6c1o/arm64-v8a/_deps/vulkanmemoryallocator-src/include/vk_mem_alloc.h:4991:13: note: insert '_Nonnull' if the pointer should never be null
C/C++:  4991 |     ItemType* PushBack(const T& value);
C/C++:       |             ^
C/C++:       |               _Nonnull
C/C++: D:/Foundation-SM64/Android/app/.cxx/Debug/592n6c1o/arm64-v8a/_deps/vulkanmemoryallocator-src/include/vk_mem_alloc.h:4996:36: warning: pointer is missing a nullability type specifier (_Nonnull, _Nullable, or _Null_unspecified) [-Wnullability-completeness]
C/C++:  4996 |     ItemType* InsertBefore(ItemType* pItem);
C/C++:       |                                    ^
C/C++: D:/Foundation-SM64/Android/app/.cxx/Debug/592n6c1o/arm64-v8a/_deps/vulkanmemoryallocator-src/include/vk_mem_alloc.h:4996:36: note: insert '_Nullable' if the pointer may be null
C/C++:  4996 |     ItemType* InsertBefore(ItemType* pItem);
C/C++:       |                                    ^
C/C++:       |                                      _Nullable
C/C++: D:/Foundation-SM64/Android/app/.cxx/Debug/592n6c1o/arm64-v8a/_deps/vulkanmemoryallocator-src/include/vk_mem_alloc.h:4996:36: note: insert '_Nonnull' if the pointer should never be null
C/C++:  4996 |     ItemType* InsertBefore(ItemType* pItem);
C/C++:       |                                    ^
C/C++:       |                                      _Nonnull
C/C++: D:/Foundation-SM64/Android/app/.cxx/Debug/592n6c1o/arm64-v8a/_deps/vulkanmemoryallocator-src/include/vk_mem_alloc.h:4996:13: warning: pointer is missing a nullability type specifier (_Nonnull, _Nullable, or _Null_unspecified) [-Wnullability-completeness]
C/C++:  4996 |     ItemType* InsertBefore(ItemType* pItem);
C/C++:       |             ^
C/C++: D:/Foundation-SM64/Android/app/.cxx/Debug/592n6c1o/arm64-v8a/_deps/vulkanmemoryallocator-src/include/vk_mem_alloc.h:4996:13: note: insert '_Nullable' if the pointer may be null
C/C++:  4996 |     ItemType* InsertBefore(ItemType* pItem);
C/C++:       |             ^
C/C++:       |               _Nullable
C/C++: D:/Foundation-SM64/Android/app/.cxx/Debug/592n6c1o/arm64-v8a/_deps/vulkanmemoryallocator-src/include/vk_mem_alloc.h:4996:13: note: insert '_Nonnull' if the pointer should never be null
C/C++:  4996 |     ItemType* InsertBefore(ItemType* pItem);
C/C++:       |             ^
C/C++:       |               _Nonnull
C/C++: D:/Foundation-SM64/Android/app/.cxx/Debug/592n6c1o/arm64-v8a/_deps/vulkanmemoryallocator-src/include/vk_mem_alloc.h:4998:35: warning: pointer is missing a nullability type specifier (_Nonnull, _Nullable, or _Null_unspecified) [-Wnullability-completeness]
C/C++:  4998 |     ItemType* InsertAfter(ItemType* pItem);
C/C++:       |                                   ^
C/C++: D:/Foundation-SM64/Android/app/.cxx/Debug/592n6c1o/arm64-v8a/_deps/vulkanmemoryallocator-src/include/vk_mem_alloc.h:4998:35: note: insert '_Nullable' if the pointer may be null
C/C++:  4998 |     ItemType* InsertAfter(ItemType* pItem);
C/C++:       |                                   ^
C/C++:       |                                     _Nullable
C/C++: D:/Foundation-SM64/Android/app/.cxx/Debug/592n6c1o/arm64-v8a/_deps/vulkanmemoryallocator-src/include/vk_mem_alloc.h:4998:35: note: insert '_Nonnull' if the pointer should never be null
C/C++:  4998 |     ItemType* InsertAfter(ItemType* pItem);
C/C++:       |                                   ^
C/C++:       |                                     _Nonnull
C/C++: D:/Foundation-SM64/Android/app/.cxx/Debug/592n6c1o/arm64-v8a/_deps/vulkanmemoryallocator-src/include/vk_mem_alloc.h:4998:13: warning: pointer is missing a nullability type specifier (_Nonnull, _Nullable, or _Null_unspecified) [-Wnullability-completeness]
C/C++:  4998 |     ItemType* InsertAfter(ItemType* pItem);
C/C++:       |             ^
C/C++: D:/Foundation-SM64/Android/app/.cxx/Debug/592n6c1o/arm64-v8a/_deps/vulkanmemoryallocator-src/include/vk_mem_alloc.h:4998:13: note: insert '_Nullable' if the pointer may be null
C/C++:  4998 |     ItemType* InsertAfter(ItemType* pItem);
C/C++:       |             ^
C/C++:       |               _Nullable
C/C++: D:/Foundation-SM64/Android/app/.cxx/Debug/592n6c1o/arm64-v8a/_deps/vulkanmemoryallocator-src/include/vk_mem_alloc.h:4998:13: note: insert '_Nonnull' if the pointer should never be null
C/C++:  4998 |     ItemType* InsertAfter(ItemType* pItem);
C/C++:       |             ^
C/C++:       |               _Nonnull
C/C++: D:/Foundation-SM64/Android/app/.cxx/Debug/592n6c1o/arm64-v8a/_deps/vulkanmemoryallocator-src/include/vk_mem_alloc.h:4999:36: warning: pointer is missing a nullability type specifier (_Nonnull, _Nullable, or _Null_unspecified) [-Wnullability-completeness]
C/C++:  4999 |     ItemType* InsertBefore(ItemType* pItem, const T& value);
C/C++:       |                                    ^
C/C++: D:/Foundation-SM64/Android/app/.cxx/Debug/592n6c1o/arm64-v8a/_deps/vulkanmemoryallocator-src/include/vk_mem_alloc.h:4999:36: note: insert '_Nullable' if the pointer may be null
C/C++:  4999 |     ItemType* InsertBefore(ItemType* pItem, const T& value);
C/C++:       |                                    ^
C/C++:       |                                      _Nullable
C/C++: D:/Foundation-SM64/Android/app/.cxx/Debug/592n6c1o/arm64-v8a/_deps/vulkanmemoryallocator-src/include/vk_mem_alloc.h:4999:36: note: insert '_Nonnull' if the pointer should never be null
C/C++:  4999 |     ItemType* InsertBefore(ItemType* pItem, const T& value);
C/C++:       |                                    ^
C/C++:       |                                      _Nonnull
C/C++: D:/Foundation-SM64/Android/app/.cxx/Debug/592n6c1o/arm64-v8a/_deps/vulkanmemoryallocator-src/include/vk_mem_alloc.h:4999:13: warning: pointer is missing a nullability type specifier (_Nonnull, _Nullable, or _Null_unspecified) [-Wnullability-completeness]
C/C++:  4999 |     ItemType* InsertBefore(ItemType* pItem, const T& value);
C/C++:       |             ^
C/C++: D:/Foundation-SM64/Android/app/.cxx/Debug/592n6c1o/arm64-v8a/_deps/vulkanmemoryallocator-src/include/vk_mem_alloc.h:4999:13: note: insert '_Nullable' if the pointer may be null
C/C++:  4999 |     ItemType* InsertBefore(ItemType* pItem, const T& value);
C/C++:       |             ^
C/C++:       |               _Nullable
C/C++: D:/Foundation-SM64/Android/app/.cxx/Debug/592n6c1o/arm64-v8a/_deps/vulkanmemoryallocator-src/include/vk_mem_alloc.h:4999:13: note: insert '_Nonnull' if the pointer should never be null
C/C++:  4999 |     ItemType* InsertBefore(ItemType* pItem, const T& value);
C/C++:       |             ^
C/C++:       |               _Nonnull
C/C++: D:/Foundation-SM64/Android/app/.cxx/Debug/592n6c1o/arm64-v8a/_deps/vulkanmemoryallocator-src/include/vk_mem_alloc.h:5000:35: warning: pointer is missing a nullability type specifier (_Nonnull, _Nullable, or _Null_unspecified) [-Wnullability-completeness]
C/C++:  5000 |     ItemType* InsertAfter(ItemType* pItem, const T& value);
C/C++:       |                                   ^
C/C++: D:/Foundation-SM64/Android/app/.cxx/Debug/592n6c1o/arm64-v8a/_deps/vulkanmemoryallocator-src/include/vk_mem_alloc.h:5000:35: note: insert '_Nullable' if the pointer may be null
C/C++:  5000 |     ItemType* InsertAfter(ItemType* pItem, const T& value);
C/C++:       |                                   ^
C/C++:       |                                     _Nullable
C/C++: D:/Foundation-SM64/Android/app/.cxx/Debug/592n6c1o/arm64-v8a/_deps/vulkanmemoryallocator-src/include/vk_mem_alloc.h:5000:35: note: insert '_Nonnull' if the pointer should never be null
C/C++:  5000 |     ItemType* InsertAfter(ItemType* pItem, const T& value);
C/C++:       |                                   ^
C/C++:       |                                     _Nonnull
C/C++: D:/Foundation-SM64/Android/app/.cxx/Debug/592n6c1o/arm64-v8a/_deps/vulkanmemoryallocator-src/include/vk_mem_alloc.h:5000:13: warning: pointer is missing a nullability type specifier (_Nonnull, _Nullable, or _Null_unspecified) [-Wnullability-completeness]
C/C++:  5000 |     ItemType* InsertAfter(ItemType* pItem, const T& value);
C/C++:       |             ^
C/C++: D:/Foundation-SM64/Android/app/.cxx/Debug/592n6c1o/arm64-v8a/_deps/vulkanmemoryallocator-src/include/vk_mem_alloc.h:5000:13: note: insert '_Nullable' if the pointer may be null
C/C++:  5000 |     ItemType* InsertAfter(ItemType* pItem, const T& value);
C/C++:       |             ^
C/C++:       |               _Nullable
C/C++: D:/Foundation-SM64/Android/app/.cxx/Debug/592n6c1o/arm64-v8a/_deps/vulkanmemoryallocator-src/include/vk_mem_alloc.h:5000:13: note: insert '_Nonnull' if the pointer should never be null
C/C++:  5000 |     ItemType* InsertAfter(ItemType* pItem, const T& value);
C/C++:       |             ^
C/C++:       |               _Nonnull
C/C++: D:/Foundation-SM64/Android/app/.cxx/Debug/592n6c1o/arm64-v8a/_deps/vulkanmemoryallocator-src/include/vk_mem_alloc.h:5003:25: warning: pointer is missing a nullability type specifier (_Nonnull, _Nullable, or _Null_unspecified) [-Wnullability-completeness]
C/C++:  5003 |     void Remove(ItemType* pItem);
C/C++:       |                         ^
C/C++: D:/Foundation-SM64/Android/app/.cxx/Debug/592n6c1o/arm64-v8a/_deps/vulkanmemoryallocator-src/include/vk_mem_alloc.h:5003:25: note: insert '_Nullable' if the pointer may be null
C/C++:  5003 |     void Remove(ItemType* pItem);
C/C++:       |                         ^
C/C++:       |                           _Nullable
C/C++: D:/Foundation-SM64/Android/app/.cxx/Debug/592n6c1o/arm64-v8a/_deps/vulkanmemoryallocator-src/include/vk_mem_alloc.h:5003:25: note: insert '_Nonnull' if the pointer should never be null
C/C++:  5003 |     void Remove(ItemType* pItem);
C/C++:       |                         ^
C/C++:       |                           _Nonnull
C/C++: D:/Foundation-SM64/Android/app/.cxx/Debug/592n6c1o/arm64-v8a/_deps/vulkanmemoryallocator-src/include/vk_mem_alloc.h:5006:32: warning: pointer is missing a nullability type specifier (_Nonnull, _Nullable, or _Null_unspecified) [-Wnullability-completeness]
C/C++:  5006 |     const VkAllocationCallbacks* const m_pAllocationCallbacks;
C/C++:       |                                ^
C/C++: D:/Foundation-SM64/Android/app/.cxx/Debug/592n6c1o/arm64-v8a/_deps/vulkanmemoryallocator-src/include/vk_mem_alloc.h:5006:32: note: insert '_Nullable' if the pointer may be null
C/C++:  5006 |     const VkAllocationCallbacks* const m_pAllocationCallbacks;
C/C++:       |                                ^
C/C++:       |                                  _Nullable
C/C++: D:/Foundation-SM64/Android/app/.cxx/Debug/592n6c1o/arm64-v8a/_deps/vulkanmemoryallocator-src/include/vk_mem_alloc.h:5006:32: note: insert '_Nonnull' if the pointer should never be null
C/C++:  5006 |     const VkAllocationCallbacks* const m_pAllocationCallbacks;
C/C++:       |                                ^
C/C++:       |                                  _Nonnull
C/C++: D:/Foundation-SM64/Android/app/.cxx/Debug/592n6c1o/arm64-v8a/_deps/vulkanmemoryallocator-src/include/vk_mem_alloc.h:5008:13: warning: pointer is missing a nullability type specifier (_Nonnull, _Nullable, or _Null_unspecified) [-Wnullability-completeness]
C/C++:  5008 |     ItemType* m_pFront;
C/C++:       |             ^
C/C++: D:/Foundation-SM64/Android/app/.cxx/Debug/592n6c1o/arm64-v8a/_deps/vulkanmemoryallocator-src/include/vk_mem_alloc.h:5008:13: note: insert '_Nullable' if the pointer may be null
C/C++:  5008 |     ItemType* m_pFront;
C/C++:       |             ^
C/C++:       |               _Nullable
C/C++: D:/Foundation-SM64/Android/app/.cxx/Debug/592n6c1o/arm64-v8a/_deps/vulkanmemoryallocator-src/include/vk_mem_alloc.h:5008:13: note: insert '_Nonnull' if the pointer should never be null
C/C++:  5008 |     ItemType* m_pFront;
C/C++:       |             ^
C/C++:       |               _Nonnull
C/C++: D:/Foundation-SM64/Android/app/.cxx/Debug/592n6c1o/arm64-v8a/_deps/vulkanmemoryallocator-src/include/vk_mem_alloc.h:5009:13: warning: pointer is missing a nullability type specifier (_Nonnull, _Nullable, or _Null_unspecified) [-Wnullability-completeness]
C/C++:  5009 |     ItemType* m_pBack;
C/C++:       |             ^
C/C++: D:/Foundation-SM64/Android/app/.cxx/Debug/592n6c1o/arm64-v8a/_deps/vulkanmemoryallocator-src/include/vk_mem_alloc.h:5009:13: note: insert '_Nullable' if the pointer may be null
C/C++:  5009 |     ItemType* m_pBack;
C/C++:       |             ^
C/C++:       |               _Nullable
C/C++: D:/Foundation-SM64/Android/app/.cxx/Debug/592n6c1o/arm64-v8a/_deps/vulkanmemoryallocator-src/include/vk_mem_alloc.h:5009:13: note: insert '_Nonnull' if the pointer should never be null
C/C++:  5009 |     ItemType* m_pBack;
C/C++:       |             ^
C/C++:       |               _Nonnull
C/C++: D:/Foundation-SM64/Android/app/.cxx/Debug/592n6c1o/arm64-v8a/_deps/vulkanmemoryallocator-src/include/vk_mem_alloc.h:5015:54: warning: pointer is missing a nullability type specifier (_Nonnull, _Nullable, or _Null_unspecified) [-Wnullability-completeness]
C/C++:  5015 | VmaRawList<T>::VmaRawList(const VkAllocationCallbacks* pAllocationCallbacks)
C/C++:       |                                                      ^
C/C++: D:/Foundation-SM64/Android/app/.cxx/Debug/592n6c1o/arm64-v8a/_deps/vulkanmemoryallocator-src/include/vk_mem_alloc.h:5015:54: note: insert '_Nullable' if the pointer may be null
C/C++:  5015 | VmaRawList<T>::VmaRawList(const VkAllocationCallbacks* pAllocationCallbacks)
C/C++:       |                                                      ^
C/C++:       |                                                        _Nullable
C/C++: D:/Foundation-SM64/Android/app/.cxx/Debug/592n6c1o/arm64-v8a/_deps/vulkanmemoryallocator-src/include/vk_mem_alloc.h:5015:54: note: insert '_Nonnull' if the pointer should never be null
C/C++:  5015 | VmaRawList<T>::VmaRawList(const VkAllocationCallbacks* pAllocationCallbacks)
C/C++:       |                                                      ^
C/C++:       |                                                        _Nonnull
C/C++: D:/Foundation-SM64/Android/app/.cxx/Debug/592n6c1o/arm64-v8a/_deps/vulkanmemoryallocator-src/include/vk_mem_alloc.h:5023:15: warning: pointer is missing a nullability type specifier (_Nonnull, _Nullable, or _Null_unspecified) [-Wnullability-completeness]
C/C++:  5023 | VmaListItem<T>* VmaRawList<T>::PushFront()
C/C++:       |               ^
C/C++: D:/Foundation-SM64/Android/app/.cxx/Debug/592n6c1o/arm64-v8a/_deps/vulkanmemoryallocator-src/include/vk_mem_alloc.h:5023:15: note: insert '_Nullable' if the pointer may be null
C/C++:  5023 | VmaListItem<T>* VmaRawList<T>::PushFront()
C/C++:       |               ^
C/C++:       |                 _Nullable
C/C++: D:/Foundation-SM64/Android/app/.cxx/Debug/592n6c1o/arm64-v8a/_deps/vulkanmemoryallocator-src/include/vk_mem_alloc.h:5023:15: note: insert '_Nonnull' if the pointer should never be null
C/C++:  5023 | VmaListItem<T>* VmaRawList<T>::PushFront()
C/C++:       |               ^
C/C++:       |                 _Nonnull
C/C++: D:/Foundation-SM64/Android/app/.cxx/Debug/592n6c1o/arm64-v8a/_deps/vulkanmemoryallocator-src/include/vk_mem_alloc.h:5045:15: warning: pointer is missing a nullability type specifier (_Nonnull, _Nullable, or _Null_unspecified) [-Wnullability-completeness]
C/C++:  5045 | VmaListItem<T>* VmaRawList<T>::PushBack()
C/C++:       |               ^
C/C++: D:/Foundation-SM64/Android/app/.cxx/Debug/592n6c1o/arm64-v8a/_deps/vulkanmemoryallocator-src/include/vk_mem_alloc.h:5045:15: note: insert '_Nullable' if the pointer may be null
C/C++:  5045 | VmaListItem<T>* VmaRawList<T>::PushBack()
C/C++:       |               ^
C/C++:       |                 _Nullable
C/C++: D:/Foundation-SM64/Android/app/.cxx/Debug/592n6c1o/arm64-v8a/_deps/vulkanmemoryallocator-src/include/vk_mem_alloc.h:5045:15: note: insert '_Nonnull' if the pointer should never be null
C/C++:  5045 | VmaListItem<T>* VmaRawList<T>::PushBack()
C/C++:       |               ^
C/C++:       |                 _Nonnull
C/C++: D:/Foundation-SM64/Android/app/.cxx/Debug/592n6c1o/arm64-v8a/_deps/vulkanmemoryallocator-src/include/vk_mem_alloc.h:5067:15: warning: pointer is missing a nullability type specifier (_Nonnull, _Nullable, or _Null_unspecified) [-Wnullability-completeness]
C/C++:  5067 | VmaListItem<T>* VmaRawList<T>::PushFront(const T& value)
C/C++:       |               ^
C/C++: D:/Foundation-SM64/Android/app/.cxx/Debug/592n6c1o/arm64-v8a/_deps/vulkanmemoryallocator-src/include/vk_mem_alloc.h:5067:15: note: insert '_Nullable' if the pointer may be null
C/C++:  5067 | VmaListItem<T>* VmaRawList<T>::PushFront(const T& value)
C/C++:       |               ^
C/C++:       |                 _Nullable
C/C++: D:/Foundation-SM64/Android/app/.cxx/Debug/592n6c1o/arm64-v8a/_deps/vulkanmemoryallocator-src/include/vk_mem_alloc.h:5067:15: note: insert '_Nonnull' if the pointer should never be null
C/C++:  5067 | VmaListItem<T>* VmaRawList<T>::PushFront(const T& value)
C/C++:       |               ^
C/C++:       |                 _Nonnull
C/C++: D:/Foundation-SM64/Android/app/.cxx/Debug/592n6c1o/arm64-v8a/_deps/vulkanmemoryallocator-src/include/vk_mem_alloc.h:5075:15: warning: pointer is missing a nullability type specifier (_Nonnull, _Nullable, or _Null_unspecified) [-Wnullability-completeness]
C/C++:  5075 | VmaListItem<T>* VmaRawList<T>::PushBack(const T& value)
C/C++:       |               ^
C/C++: D:/Foundation-SM64/Android/app/.cxx/Debug/592n6c1o/arm64-v8a/_deps/vulkanmemoryallocator-src/include/vk_mem_alloc.h:5075:15: note: insert '_Nullable' if the pointer may be null
C/C++:  5075 | VmaListItem<T>* VmaRawList<T>::PushBack(const T& value)
C/C++:       |               ^
C/C++:       |                 _Nullable
C/C++: D:/Foundation-SM64/Android/app/.cxx/Debug/592n6c1o/arm64-v8a/_deps/vulkanmemoryallocator-src/include/vk_mem_alloc.h:5075:15: note: insert '_Nonnull' if the pointer should never be null
C/C++:  5075 | VmaListItem<T>* VmaRawList<T>::PushBack(const T& value)
C/C++:       |               ^
C/C++:       |                 _Nonnull
C/C++: D:/Foundation-SM64/Android/app/.cxx/Debug/592n6c1o/arm64-v8a/_deps/vulkanmemoryallocator-src/include/vk_mem_alloc.h:5131:36: warning: pointer is missing a nullability type specifier (_Nonnull, _Nullable, or _Null_unspecified) [-Wnullability-completeness]
C/C++:  5131 | void VmaRawList<T>::Remove(ItemType* pItem)
C/C++:       |                                    ^
C/C++: D:/Foundation-SM64/Android/app/.cxx/Debug/592n6c1o/arm64-v8a/_deps/vulkanmemoryallocator-src/include/vk_mem_alloc.h:5131:36: note: insert '_Nullable' if the pointer may be null
C/C++:  5131 | void VmaRawList<T>::Remove(ItemType* pItem)
C/C++:       |                                    ^
C/C++:       |                                      _Nullable
C/C++: D:/Foundation-SM64/Android/app/.cxx/Debug/592n6c1o/arm64-v8a/_deps/vulkanmemoryallocator-src/include/vk_mem_alloc.h:5131:36: note: insert '_Nonnull' if the pointer should never be null
C/C++:  5131 | void VmaRawList<T>::Remove(ItemType* pItem)
C/C++:       |                                    ^
C/C++:       |                                      _Nonnull
C/C++: D:/Foundation-SM64/Android/app/.cxx/Debug/592n6c1o/arm64-v8a/_deps/vulkanmemoryallocator-src/include/vk_mem_alloc.h:5161:53: warning: pointer is missing a nullability type specifier (_Nonnull, _Nullable, or _Null_unspecified) [-Wnullability-completeness]
C/C++:  5161 | VmaListItem<T>* VmaRawList<T>::InsertBefore(ItemType* pItem)
C/C++:       |                                                     ^
C/C++: D:/Foundation-SM64/Android/app/.cxx/Debug/592n6c1o/arm64-v8a/_deps/vulkanmemoryallocator-src/include/vk_mem_alloc.h:5161:53: note: insert '_Nullable' if the pointer may be null
C/C++:  5161 | VmaListItem<T>* VmaRawList<T>::InsertBefore(ItemType* pItem)
C/C++:       |                                                     ^
C/C++:       |                                                       _Nullable
C/C++: D:/Foundation-SM64/Android/app/.cxx/Debug/592n6c1o/arm64-v8a/_deps/vulkanmemoryallocator-src/include/vk_mem_alloc.h:5161:53: note: insert '_Nonnull' if the pointer should never be null
C/C++:  5161 | VmaListItem<T>* VmaRawList<T>::InsertBefore(ItemType* pItem)
C/C++:       |                                                     ^
C/C++:       |                                                       _Nonnull
C/C++: D:/Foundation-SM64/Android/app/.cxx/Debug/592n6c1o/arm64-v8a/_deps/vulkanmemoryallocator-src/include/vk_mem_alloc.h:5161:15: warning: pointer is missing a nullability type specifier (_Nonnull, _Nullable, or _Null_unspecified) [-Wnullability-completeness]
C/C++:  5161 | VmaListItem<T>* VmaRawList<T>::InsertBefore(ItemType* pItem)
C/C++:       |               ^
C/C++: D:/Foundation-SM64/Android/app/.cxx/Debug/592n6c1o/arm64-v8a/_deps/vulkanmemoryallocator-src/include/vk_mem_alloc.h:5161:15: note: insert '_Nullable' if the pointer may be null
C/C++:  5161 | VmaListItem<T>* VmaRawList<T>::InsertBefore(ItemType* pItem)
C/C++:       |               ^
C/C++:       |                 _Nullable
C/C++: D:/Foundation-SM64/Android/app/.cxx/Debug/592n6c1o/arm64-v8a/_deps/vulkanmemoryallocator-src/include/vk_mem_alloc.h:5161:15: note: insert '_Nonnull' if the pointer should never be null
C/C++:  5161 | VmaListItem<T>* VmaRawList<T>::InsertBefore(ItemType* pItem)
C/C++:       |               ^
C/C++:       |                 _Nonnull
C/C++: D:/Foundation-SM64/Android/app/.cxx/Debug/592n6c1o/arm64-v8a/_deps/vulkanmemoryallocator-src/include/vk_mem_alloc.h:5186:52: warning: pointer is missing a nullability type specifier (_Nonnull, _Nullable, or _Null_unspecified) [-Wnullability-completeness]
C/C++:  5186 | VmaListItem<T>* VmaRawList<T>::InsertAfter(ItemType* pItem)
C/C++:       |                                                    ^
C/C++: D:/Foundation-SM64/Android/app/.cxx/Debug/592n6c1o/arm64-v8a/_deps/vulkanmemoryallocator-src/include/vk_mem_alloc.h:5186:52: note: insert '_Nullable' if the pointer may be null
C/C++:  5186 | VmaListItem<T>* VmaRawList<T>::InsertAfter(ItemType* pItem)
C/C++:       |                                                    ^
C/C++:       |                                                      _Nullable
C/C++: D:/Foundation-SM64/Android/app/.cxx/Debug/592n6c1o/arm64-v8a/_deps/vulkanmemoryallocator-src/include/vk_mem_alloc.h:5186:52: note: insert '_Nonnull' if the pointer should never be null
C/C++:  5186 | VmaListItem<T>* VmaRawList<T>::InsertAfter(ItemType* pItem)
C/C++:       |                                                    ^
C/C++:       |                                                      _Nonnull
C/C++: D:/Foundation-SM64/Android/app/.cxx/Debug/592n6c1o/arm64-v8a/_deps/vulkanmemoryallocator-src/include/vk_mem_alloc.h:5186:15: warning: pointer is missing a nullability type specifier (_Nonnull, _Nullable, or _Null_unspecified) [-Wnullability-completeness]
C/C++:  5186 | VmaListItem<T>* VmaRawList<T>::InsertAfter(ItemType* pItem)
C/C++:       |               ^
C/C++: D:/Foundation-SM64/Android/app/.cxx/Debug/592n6c1o/arm64-v8a/_deps/vulkanmemoryallocator-src/include/vk_mem_alloc.h:5186:15: note: insert '_Nullable' if the pointer may be null
C/C++:  5186 | VmaListItem<T>* VmaRawList<T>::InsertAfter(ItemType* pItem)
C/C++:       |               ^
C/C++:       |                 _Nullable
C/C++: D:/Foundation-SM64/Android/app/.cxx/Debug/592n6c1o/arm64-v8a/_deps/vulkanmemoryallocator-src/include/vk_mem_alloc.h:5186:15: note: insert '_Nonnull' if the pointer should never be null
C/C++:  5186 | VmaListItem<T>* VmaRawList<T>::InsertAfter(ItemType* pItem)
C/C++:       |               ^
C/C++:       |                 _Nonnull
C/C++: D:/Foundation-SM64/Android/app/.cxx/Debug/592n6c1o/arm64-v8a/_deps/vulkanmemoryallocator-src/include/vk_mem_alloc.h:5211:53: warning: pointer is missing a nullability type specifier (_Nonnull, _Nullable, or _Null_unspecified) [-Wnullability-completeness]
C/C++:  5211 | VmaListItem<T>* VmaRawList<T>::InsertBefore(ItemType* pItem, const T& value)
C/C++:       |                                                     ^
C/C++: D:/Foundation-SM64/Android/app/.cxx/Debug/592n6c1o/arm64-v8a/_deps/vulkanmemoryallocator-src/include/vk_mem_alloc.h:5211:53: note: insert '_Nullable' if the pointer may be null
C/C++:  5211 | VmaListItem<T>* VmaRawList<T>::InsertBefore(ItemType* pItem, const T& value)
C/C++:       |                                                     ^
C/C++:       |                                                       _Nullable
C/C++: D:/Foundation-SM64/Android/app/.cxx/Debug/592n6c1o/arm64-v8a/_deps/vulkanmemoryallocator-src/include/vk_mem_alloc.h:5211:53: note: insert '_Nonnull' if the pointer should never be null
C/C++:  5211 | VmaListItem<T>* VmaRawList<T>::InsertBefore(ItemType* pItem, const T& value)
C/C++:       |                                                     ^
C/C++:       |                                                       _Nonnull
C/C++: D:/Foundation-SM64/Android/app/.cxx/Debug/592n6c1o/arm64-v8a/_deps/vulkanmemoryallocator-src/include/vk_mem_alloc.h:5211:15: warning: pointer is missing a nullability type specifier (_Nonnull, _Nullable, or _Null_unspecified) [-Wnullability-completeness]
C/C++:  5211 | VmaListItem<T>* VmaRawList<T>::InsertBefore(ItemType* pItem, const T& value)
C/C++:       |               ^
C/C++: D:/Foundation-SM64/Android/app/.cxx/Debug/592n6c1o/arm64-v8a/_deps/vulkanmemoryallocator-src/include/vk_mem_alloc.h:5211:15: note: insert '_Nullable' if the pointer may be null
C/C++:  5211 | VmaListItem<T>* VmaRawList<T>::InsertBefore(ItemType* pItem, const T& value)
C/C++:       |               ^
C/C++:       |                 _Nullable
C/C++: D:/Foundation-SM64/Android/app/.cxx/Debug/592n6c1o/arm64-v8a/_deps/vulkanmemoryallocator-src/include/vk_mem_alloc.h:5211:15: note: insert '_Nonnull' if the pointer should never be null
C/C++:  5211 | VmaListItem<T>* VmaRawList<T>::InsertBefore(ItemType* pItem, const T& value)
C/C++:       |               ^
C/C++:       |                 _Nonnull
C/C++: D:/Foundation-SM64/Android/app/.cxx/Debug/592n6c1o/arm64-v8a/_deps/vulkanmemoryallocator-src/include/vk_mem_alloc.h:5219:52: warning: pointer is missing a nullability type specifier (_Nonnull, _Nullable, or _Null_unspecified) [-Wnullability-completeness]
C/C++:  5219 | VmaListItem<T>* VmaRawList<T>::InsertAfter(ItemType* pItem, const T& value)
C/C++:       |                                                    ^
C/C++: D:/Foundation-SM64/Android/app/.cxx/Debug/592n6c1o/arm64-v8a/_deps/vulkanmemoryallocator-src/include/vk_mem_alloc.h:5219:52: note: insert '_Nullable' if the pointer may be null
C/C++:  5219 | VmaListItem<T>* VmaRawList<T>::InsertAfter(ItemType* pItem, const T& value)
C/C++:       |                                                    ^
C/C++:       |                                                      _Nullable
C/C++: D:/Foundation-SM64/Android/app/.cxx/Debug/592n6c1o/arm64-v8a/_deps/vulkanmemoryallocator-src/include/vk_mem_alloc.h:5219:52: note: insert '_Nonnull' if the pointer should never be null
C/C++:  5219 | VmaListItem<T>* VmaRawList<T>::InsertAfter(ItemType* pItem, const T& value)
C/C++:       |                                                    ^
C/C++:       |                                                      _Nonnull
C/C++: D:/Foundation-SM64/Android/app/.cxx/Debug/592n6c1o/arm64-v8a/_deps/vulkanmemoryallocator-src/include/vk_mem_alloc.h:5219:15: warning: pointer is missing a nullability type specifier (_Nonnull, _Nullable, or _Null_unspecified) [-Wnullability-completeness]
C/C++:  5219 | VmaListItem<T>* VmaRawList<T>::InsertAfter(ItemType* pItem, const T& value)
C/C++:       |               ^
C/C++: D:/Foundation-SM64/Android/app/.cxx/Debug/592n6c1o/arm64-v8a/_deps/vulkanmemoryallocator-src/include/vk_mem_alloc.h:5219:15: note: insert '_Nullable' if the pointer may be null
C/C++:  5219 | VmaListItem<T>* VmaRawList<T>::InsertAfter(ItemType* pItem, const T& value)
C/C++:       |               ^
C/C++:       |                 _Nullable
C/C++: D:/Foundation-SM64/Android/app/.cxx/Debug/592n6c1o/arm64-v8a/_deps/vulkanmemoryallocator-src/include/vk_mem_alloc.h:5219:15: note: insert '_Nonnull' if the pointer should never be null
C/C++:  5219 | VmaListItem<T>* VmaRawList<T>::InsertAfter(ItemType* pItem, const T& value)
C/C++:       |               ^
C/C++:       |                 _Nonnull
C/C++: D:/Foundation-SM64/Android/app/.cxx/Debug/592n6c1o/arm64-v8a/_deps/vulkanmemoryallocator-src/include/vk_mem_alloc.h:5247:10: warning: pointer is missing a nullability type specifier (_Nonnull, _Nullable, or _Null_unspecified) [-Wnullability-completeness]
C/C++:  5247 |         T* operator->() const { VMA_HEAVY_ASSERT(m_pItem != VMA_NULL); return &m_pItem->Value; }
C/C++:       |          ^
C/C++: D:/Foundation-SM64/Android/app/.cxx/Debug/592n6c1o/arm64-v8a/_deps/vulkanmemoryallocator-src/include/vk_mem_alloc.h:5247:10: note: insert '_Nullable' if the pointer may be null
C/C++:  5247 |         T* operator->() const { VMA_HEAVY_ASSERT(m_pItem != VMA_NULL); return &m_pItem->Value; }
C/C++:       |          ^
C/C++:       |            _Nullable
C/C++: D:/Foundation-SM64/Android/app/.cxx/Debug/592n6c1o/arm64-v8a/_deps/vulkanmemoryallocator-src/include/vk_mem_alloc.h:5247:10: note: insert '_Nonnull' if the pointer should never be null
C/C++:  5247 |         T* operator->() const { VMA_HEAVY_ASSERT(m_pItem != VMA_NULL); return &m_pItem->Value; }
C/C++:       |          ^
C/C++:       |            _Nonnull
C/C++: D:/Foundation-SM64/Android/app/.cxx/Debug/592n6c1o/arm64-v8a/_deps/vulkanmemoryallocator-src/include/vk_mem_alloc.h:5259:22: warning: pointer is missing a nullability type specifier (_Nonnull, _Nullable, or _Null_unspecified) [-Wnullability-completeness]
C/C++:  5259 |         VmaRawList<T>* m_pList;
C/C++:       |                      ^
C/C++: D:/Foundation-SM64/Android/app/.cxx/Debug/592n6c1o/arm64-v8a/_deps/vulkanmemoryallocator-src/include/vk_mem_alloc.h:5259:22: note: insert '_Nullable' if the pointer may be null
C/C++:  5259 |         VmaRawList<T>* m_pList;
C/C++:       |                      ^
C/C++:       |                        _Nullable
C/C++: D:/Foundation-SM64/Android/app/.cxx/Debug/592n6c1o/arm64-v8a/_deps/vulkanmemoryallocator-src/include/vk_mem_alloc.h:5259:22: note: insert '_Nonnull' if the pointer should never be null
C/C++:  5259 |         VmaRawList<T>* m_pList;
C/C++:       |                      ^
C/C++:       |                        _Nonnull
C/C++: D:/Foundation-SM64/Android/app/.cxx/Debug/592n6c1o/arm64-v8a/_deps/vulkanmemoryallocator-src/include/vk_mem_alloc.h:5260:23: warning: pointer is missing a nullability type specifier (_Nonnull, _Nullable, or _Null_unspecified) [-Wnullability-completeness]
C/C++:  5260 |         VmaListItem<T>* m_pItem;
C/C++:       |                       ^
C/C++: D:/Foundation-SM64/Android/app/.cxx/Debug/592n6c1o/arm64-v8a/_deps/vulkanmemoryallocator-src/include/vk_mem_alloc.h:5260:23: note: insert '_Nullable' if the pointer may be null
C/C++:  5260 |         VmaListItem<T>* m_pItem;
C/C++:       |                       ^
C/C++:       |                         _Nullable
C/C++: D:/Foundation-SM64/Android/app/.cxx/Debug/592n6c1o/arm64-v8a/_deps/vulkanmemoryallocator-src/include/vk_mem_alloc.h:5260:23: note: insert '_Nonnull' if the pointer should never be null
C/C++:  5260 |         VmaListItem<T>* m_pItem;
C/C++:       |                       ^
C/C++:       |                         _Nonnull
C/C++: D:/Foundation-SM64/Android/app/.cxx/Debug/592n6c1o/arm64-v8a/_deps/vulkanmemoryallocator-src/include/vk_mem_alloc.h:5262:31: warning: pointer is missing a nullability type specifier (_Nonnull, _Nullable, or _Null_unspecified) [-Wnullability-completeness]
C/C++:  5262 |         iterator(VmaRawList<T>* pList, VmaListItem<T>* pItem) : m_pList(pList),  m_pItem(pItem) {}
C/C++:       |                               ^
C/C++: D:/Foundation-SM64/Android/app/.cxx/Debug/592n6c1o/arm64-v8a/_deps/vulkanmemoryallocator-src/include/vk_mem_alloc.h:5262:31: note: insert '_Nullable' if the pointer may be null
C/C++:  5262 |         iterator(VmaRawList<T>* pList, VmaListItem<T>* pItem) : m_pList(pList),  m_pItem(pItem) {}
C/C++:       |                               ^
C/C++:       |                                 _Nullable
C/C++: D:/Foundation-SM64/Android/app/.cxx/Debug/592n6c1o/arm64-v8a/_deps/vulkanmemoryallocator-src/include/vk_mem_alloc.h:5262:31: note: insert '_Nonnull' if the pointer should never be null
C/C++:  5262 |         iterator(VmaRawList<T>* pList, VmaListItem<T>* pItem) : m_pList(pList),  m_pItem(pItem) {}
C/C++:       |                               ^
C/C++:       |                                 _Nonnull
C/C++: D:/Foundation-SM64/Android/app/.cxx/Debug/592n6c1o/arm64-v8a/_deps/vulkanmemoryallocator-src/include/vk_mem_alloc.h:5262:54: warning: pointer is missing a nullability type specifier (_Nonnull, _Nullable, or _Null_unspecified) [-Wnullability-completeness]
C/C++:  5262 |         iterator(VmaRawList<T>* pList, VmaListItem<T>* pItem) : m_pList(pList),  m_pItem(pItem) {}
C/C++:       |                                                      ^
C/C++: D:/Foundation-SM64/Android/app/.cxx/Debug/592n6c1o/arm64-v8a/_deps/vulkanmemoryallocator-src/include/vk_mem_alloc.h:5262:54: note: insert '_Nullable' if the pointer may be null
C/C++:  5262 |         iterator(VmaRawList<T>* pList, VmaListItem<T>* pItem) : m_pList(pList),  m_pItem(pItem) {}
C/C++:       |                                                      ^
C/C++:       |                                                        _Nullable
C/C++: D:/Foundation-SM64/Android/app/.cxx/Debug/592n6c1o/arm64-v8a/_deps/vulkanmemoryallocator-src/include/vk_mem_alloc.h:5262:54: note: insert '_Nonnull' if the pointer should never be null
C/C++:  5262 |         iterator(VmaRawList<T>* pList, VmaListItem<T>* pItem) : m_pList(pList),  m_pItem(pItem) {}
C/C++:       |                                                      ^
C/C++:       |                                                        _Nonnull
C/C++: D:/Foundation-SM64/Android/app/.cxx/Debug/592n6c1o/arm64-v8a/_deps/vulkanmemoryallocator-src/include/vk_mem_alloc.h:5273:10: warning: pointer is missing a nullability type specifier (_Nonnull, _Nullable, or _Null_unspecified) [-Wnullability-completeness]
C/C++:  5273 |         T* operator->() const { VMA_HEAVY_ASSERT(m_pItem != VMA_NULL); return &m_pItem->Value; }
C/C++:       |          ^
C/C++: D:/Foundation-SM64/Android/app/.cxx/Debug/592n6c1o/arm64-v8a/_deps/vulkanmemoryallocator-src/include/vk_mem_alloc.h:5273:10: note: insert '_Nullable' if the pointer may be null
C/C++:  5273 |         T* operator->() const { VMA_HEAVY_ASSERT(m_pItem != VMA_NULL); return &m_pItem->Value; }
C/C++:       |          ^
C/C++:       |            _Nullable
C/C++: D:/Foundation-SM64/Android/app/.cxx/Debug/592n6c1o/arm64-v8a/_deps/vulkanmemoryallocator-src/include/vk_mem_alloc.h:5273:10: note: insert '_Nonnull' if the pointer should never be null
C/C++:  5273 |         T* operator->() const { VMA_HEAVY_ASSERT(m_pItem != VMA_NULL); return &m_pItem->Value; }
C/C++:       |          ^
C/C++:       |            _Nonnull
C/C++: D:/Foundation-SM64/Android/app/.cxx/Debug/592n6c1o/arm64-v8a/_deps/vulkanmemoryallocator-src/include/vk_mem_alloc.h:5285:22: warning: pointer is missing a nullability type specifier (_Nonnull, _Nullable, or _Null_unspecified) [-Wnullability-completeness]
C/C++:  5285 |         VmaRawList<T>* m_pList;
C/C++:       |                      ^
C/C++: D:/Foundation-SM64/Android/app/.cxx/Debug/592n6c1o/arm64-v8a/_deps/vulkanmemoryallocator-src/include/vk_mem_alloc.h:5285:22: note: insert '_Nullable' if the pointer may be null
C/C++:  5285 |         VmaRawList<T>* m_pList;
C/C++:       |                      ^
C/C++:       |                        _Nullable
C/C++: D:/Foundation-SM64/Android/app/.cxx/Debug/592n6c1o/arm64-v8a/_deps/vulkanmemoryallocator-src/include/vk_mem_alloc.h:5285:22: note: insert '_Nonnull' if the pointer should never be null
C/C++:  5285 |         VmaRawList<T>* m_pList;
C/C++:       |                      ^
C/C++:       |                        _Nonnull
C/C++: D:/Foundation-SM64/Android/app/.cxx/Debug/592n6c1o/arm64-v8a/_deps/vulkanmemoryallocator-src/include/vk_mem_alloc.h:5286:23: warning: pointer is missing a nullability type specifier (_Nonnull, _Nullable, or _Null_unspecified) [-Wnullability-completeness]
C/C++:  5286 |         VmaListItem<T>* m_pItem;
C/C++:       |                       ^
C/C++: D:/Foundation-SM64/Android/app/.cxx/Debug/592n6c1o/arm64-v8a/_deps/vulkanmemoryallocator-src/include/vk_mem_alloc.h:5286:23: note: insert '_Nullable' if the pointer may be null
C/C++:  5286 |         VmaListItem<T>* m_pItem;
C/C++:       |                       ^
C/C++:       |                         _Nullable
C/C++: D:/Foundation-SM64/Android/app/.cxx/Debug/592n6c1o/arm64-v8a/_deps/vulkanmemoryallocator-src/include/vk_mem_alloc.h:5286:23: note: insert '_Nonnull' if the pointer should never be null
C/C++:  5286 |         VmaListItem<T>* m_pItem;
C/C++:       |                       ^
C/C++:       |                         _Nonnull
C/C++: D:/Foundation-SM64/Android/app/.cxx/Debug/592n6c1o/arm64-v8a/_deps/vulkanmemoryallocator-src/include/vk_mem_alloc.h:5288:39: warning: pointer is missing a nullability type specifier (_Nonnull, _Nullable, or _Null_unspecified) [-Wnullability-completeness]
C/C++:  5288 |         reverse_iterator(VmaRawList<T>* pList, VmaListItem<T>* pItem) : m_pList(pList),  m_pItem(pItem) {}
C/C++:       |                                       ^
C/C++: D:/Foundation-SM64/Android/app/.cxx/Debug/592n6c1o/arm64-v8a/_deps/vulkanmemoryallocator-src/include/vk_mem_alloc.h:5288:39: note: insert '_Nullable' if the pointer may be null
C/C++:  5288 |         reverse_iterator(VmaRawList<T>* pList, VmaListItem<T>* pItem) : m_pList(pList),  m_pItem(pItem) {}
C/C++:       |                                       ^
C/C++:       |                                         _Nullable
C/C++: D:/Foundation-SM64/Android/app/.cxx/Debug/592n6c1o/arm64-v8a/_deps/vulkanmemoryallocator-src/include/vk_mem_alloc.h:5288:39: note: insert '_Nonnull' if the pointer should never be null
C/C++:  5288 |         reverse_iterator(VmaRawList<T>* pList, VmaListItem<T>* pItem) : m_pList(pList),  m_pItem(pItem) {}
C/C++:       |                                       ^
C/C++:       |                                         _Nonnull
C/C++: D:/Foundation-SM64/Android/app/.cxx/Debug/592n6c1o/arm64-v8a/_deps/vulkanmemoryallocator-src/include/vk_mem_alloc.h:5288:62: warning: pointer is missing a nullability type specifier (_Nonnull, _Nullable, or _Null_unspecified) [-Wnullability-completeness]
C/C++:  5288 |         reverse_iterator(VmaRawList<T>* pList, VmaListItem<T>* pItem) : m_pList(pList),  m_pItem(pItem) {}
C/C++:       |                                                              ^
C/C++: D:/Foundation-SM64/Android/app/.cxx/Debug/592n6c1o/arm64-v8a/_deps/vulkanmemoryallocator-src/include/vk_mem_alloc.h:5288:62: note: insert '_Nullable' if the pointer may be null
C/C++:  5288 |         reverse_iterator(VmaRawList<T>* pList, VmaListItem<T>* pItem) : m_pList(pList),  m_pItem(pItem) {}
C/C++:       |                                                              ^
C/C++:       |                                                                _Nullable
C/C++: D:/Foundation-SM64/Android/app/.cxx/Debug/592n6c1o/arm64-v8a/_deps/vulkanmemoryallocator-src/include/vk_mem_alloc.h:5288:62: note: insert '_Nonnull' if the pointer should never be null
C/C++:  5288 |         reverse_iterator(VmaRawList<T>* pList, VmaListItem<T>* pItem) : m_pList(pList),  m_pItem(pItem) {}
C/C++:       |                                                              ^
C/C++:       |                                                                _Nonnull
C/C++: D:/Foundation-SM64/Android/app/.cxx/Debug/592n6c1o/arm64-v8a/_deps/vulkanmemoryallocator-src/include/vk_mem_alloc.h:5301:16: warning: pointer is missing a nullability type specifier (_Nonnull, _Nullable, or _Null_unspecified) [-Wnullability-completeness]
C/C++:  5301 |         const T* operator->() const { VMA_HEAVY_ASSERT(m_pItem != VMA_NULL); return &m_pItem->Value; }
C/C++:       |                ^
C/C++: D:/Foundation-SM64/Android/app/.cxx/Debug/592n6c1o/arm64-v8a/_deps/vulkanmemoryallocator-src/include/vk_mem_alloc.h:5301:16: note: insert '_Nullable' if the pointer may be null
C/C++:  5301 |         const T* operator->() const { VMA_HEAVY_ASSERT(m_pItem != VMA_NULL); return &m_pItem->Value; }
C/C++:       |                ^
C/C++:       |                  _Nullable
C/C++: D:/Foundation-SM64/Android/app/.cxx/Debug/592n6c1o/arm64-v8a/_deps/vulkanmemoryallocator-src/include/vk_mem_alloc.h:5301:16: note: insert '_Nonnull' if the pointer should never be null
C/C++:  5301 |         const T* operator->() const { VMA_HEAVY_ASSERT(m_pItem != VMA_NULL); return &m_pItem->Value; }
C/C++:       |                ^
C/C++:       |                  _Nonnull
C/C++: D:/Foundation-SM64/Android/app/.cxx/Debug/592n6c1o/arm64-v8a/_deps/vulkanmemoryallocator-src/include/vk_mem_alloc.h:5313:28: warning: pointer is missing a nullability type specifier (_Nonnull, _Nullable, or _Null_unspecified) [-Wnullability-completeness]
C/C++:  5313 |         const VmaRawList<T>* m_pList;
C/C++:       |                            ^
C/C++: D:/Foundation-SM64/Android/app/.cxx/Debug/592n6c1o/arm64-v8a/_deps/vulkanmemoryallocator-src/include/vk_mem_alloc.h:5313:28: note: insert '_Nullable' if the pointer may be null
C/C++:  5313 |         const VmaRawList<T>* m_pList;
C/C++:       |                            ^
C/C++:       |                              _Nullable
C/C++: D:/Foundation-SM64/Android/app/.cxx/Debug/592n6c1o/arm64-v8a/_deps/vulkanmemoryallocator-src/include/vk_mem_alloc.h:5313:28: note: insert '_Nonnull' if the pointer should never be null
C/C++:  5313 |         const VmaRawList<T>* m_pList;
C/C++:       |                            ^
C/C++:       |                              _Nonnull
C/C++: D:/Foundation-SM64/Android/app/.cxx/Debug/592n6c1o/arm64-v8a/_deps/vulkanmemoryallocator-src/include/vk_mem_alloc.h:5314:29: warning: pointer is missing a nullability type specifier (_Nonnull, _Nullable, or _Null_unspecified) [-Wnullability-completeness]
C/C++:  5314 |         const VmaListItem<T>* m_pItem;
C/C++:       |                             ^
C/C++: D:/Foundation-SM64/Android/app/.cxx/Debug/592n6c1o/arm64-v8a/_deps/vulkanmemoryallocator-src/include/vk_mem_alloc.h:5314:29: note: insert '_Nullable' if the pointer may be null
C/C++:  5314 |         const VmaListItem<T>* m_pItem;
C/C++:       |                             ^
C/C++:       |                               _Nullable
C/C++: D:/Foundation-SM64/Android/app/.cxx/Debug/592n6c1o/arm64-v8a/_deps/vulkanmemoryallocator-src/include/vk_mem_alloc.h:5314:29: note: insert '_Nonnull' if the pointer should never be null
C/C++:  5314 |         const VmaListItem<T>* m_pItem;
C/C++:       |                             ^
C/C++:       |                               _Nonnull
C/C++: D:/Foundation-SM64/Android/app/.cxx/Debug/592n6c1o/arm64-v8a/_deps/vulkanmemoryallocator-src/include/vk_mem_alloc.h:5316:43: warning: pointer is missing a nullability type specifier (_Nonnull, _Nullable, or _Null_unspecified) [-Wnullability-completeness]
C/C++:  5316 |         const_iterator(const VmaRawList<T>* pList, const VmaListItem<T>* pItem) : m_pList(pList), m_pItem(pItem) {}
C/C++:       |                                           ^
C/C++: D:/Foundation-SM64/Android/app/.cxx/Debug/592n6c1o/arm64-v8a/_deps/vulkanmemoryallocator-src/include/vk_mem_alloc.h:5316:43: note: insert '_Nullable' if the pointer may be null
C/C++:  5316 |         const_iterator(const VmaRawList<T>* pList, const VmaListItem<T>* pItem) : m_pList(pList), m_pItem(pItem) {}
C/C++:       |                                           ^
C/C++:       |                                             _Nullable
C/C++: D:/Foundation-SM64/Android/app/.cxx/Debug/592n6c1o/arm64-v8a/_deps/vulkanmemoryallocator-src/include/vk_mem_alloc.h:5316:43: note: insert '_Nonnull' if the pointer should never be null
C/C++:  5316 |         const_iterator(const VmaRawList<T>* pList, const VmaListItem<T>* pItem) : m_pList(pList), m_pItem(pItem) {}
C/C++:       |                                           ^
C/C++:       |                                             _Nonnull
C/C++: D:/Foundation-SM64/Android/app/.cxx/Debug/592n6c1o/arm64-v8a/_deps/vulkanmemoryallocator-src/include/vk_mem_alloc.h:5316:72: warning: pointer is missing a nullability type specifier (_Nonnull, _Nullable, or _Null_unspecified) [-Wnullability-completeness]
C/C++:  5316 |         const_iterator(const VmaRawList<T>* pList, const VmaListItem<T>* pItem) : m_pList(pList), m_pItem(pItem) {}
C/C++:       |                                                                        ^
C/C++: D:/Foundation-SM64/Android/app/.cxx/Debug/592n6c1o/arm64-v8a/_deps/vulkanmemoryallocator-src/include/vk_mem_alloc.h:5316:72: note: insert '_Nullable' if the pointer may be null
C/C++:  5316 |         const_iterator(const VmaRawList<T>* pList, const VmaListItem<T>* pItem) : m_pList(pList), m_pItem(pItem) {}
C/C++:       |                                                                        ^
C/C++:       |                                                                          _Nullable
C/C++: D:/Foundation-SM64/Android/app/.cxx/Debug/592n6c1o/arm64-v8a/_deps/vulkanmemoryallocator-src/include/vk_mem_alloc.h:5316:72: note: insert '_Nonnull' if the pointer should never be null
C/C++:  5316 |         const_iterator(const VmaRawList<T>* pList, const VmaListItem<T>* pItem) : m_pList(pList), m_pItem(pItem) {}
C/C++:       |                                                                        ^
C/C++:       |                                                                          _Nonnull
C/C++: D:/Foundation-SM64/Android/app/.cxx/Debug/592n6c1o/arm64-v8a/_deps/vulkanmemoryallocator-src/include/vk_mem_alloc.h:5329:16: warning: pointer is missing a nullability type specifier (_Nonnull, _Nullable, or _Null_unspecified) [-Wnullability-completeness]
C/C++:  5329 |         const T* operator->() const { VMA_HEAVY_ASSERT(m_pItem != VMA_NULL); return &m_pItem->Value; }
C/C++:       |                ^
C/C++: D:/Foundation-SM64/Android/app/.cxx/Debug/592n6c1o/arm64-v8a/_deps/vulkanmemoryallocator-src/include/vk_mem_alloc.h:5329:16: note: insert '_Nullable' if the pointer may be null
C/C++:  5329 |         const T* operator->() const { VMA_HEAVY_ASSERT(m_pItem != VMA_NULL); return &m_pItem->Value; }
C/C++:       |                ^
C/C++:       |                  _Nullable
C/C++: D:/Foundation-SM64/Android/app/.cxx/Debug/592n6c1o/arm64-v8a/_deps/vulkanmemoryallocator-src/include/vk_mem_alloc.h:5329:16: note: insert '_Nonnull' if the pointer should never be null
C/C++:  5329 |         const T* operator->() const { VMA_HEAVY_ASSERT(m_pItem != VMA_NULL); return &m_pItem->Value; }
C/C++:       |                ^
C/C++:       |                  _Nonnull
C/C++: D:/Foundation-SM64/Android/app/.cxx/Debug/592n6c1o/arm64-v8a/_deps/vulkanmemoryallocator-src/include/vk_mem_alloc.h:5341:28: warning: pointer is missing a nullability type specifier (_Nonnull, _Nullable, or _Null_unspecified) [-Wnullability-completeness]
C/C++:  5341 |         const VmaRawList<T>* m_pList;
C/C++:       |                            ^
C/C++: D:/Foundation-SM64/Android/app/.cxx/Debug/592n6c1o/arm64-v8a/_deps/vulkanmemoryallocator-src/include/vk_mem_alloc.h:5341:28: note: insert '_Nullable' if the pointer may be null
C/C++:  5341 |         const VmaRawList<T>* m_pList;
C/C++:       |                            ^
C/C++:       |                              _Nullable
C/C++: D:/Foundation-SM64/Android/app/.cxx/Debug/592n6c1o/arm64-v8a/_deps/vulkanmemoryallocator-src/include/vk_mem_alloc.h:5341:28: note: insert '_Nonnull' if the pointer should never be null
C/C++:  5341 |         const VmaRawList<T>* m_pList;
C/C++:       |                            ^
C/C++:       |                              _Nonnull
C/C++: D:/Foundation-SM64/Android/app/.cxx/Debug/592n6c1o/arm64-v8a/_deps/vulkanmemoryallocator-src/include/vk_mem_alloc.h:5342:29: warning: pointer is missing a nullability type specifier (_Nonnull, _Nullable, or _Null_unspecified) [-Wnullability-completeness]
C/C++:  5342 |         const VmaListItem<T>* m_pItem;
C/C++:       |                             ^
C/C++: D:/Foundation-SM64/Android/app/.cxx/Debug/592n6c1o/arm64-v8a/_deps/vulkanmemoryallocator-src/include/vk_mem_alloc.h:5342:29: note: insert '_Nullable' if the pointer may be null
C/C++:  5342 |         const VmaListItem<T>* m_pItem;
C/C++:       |                             ^
C/C++:       |                               _Nullable
C/C++: D:/Foundation-SM64/Android/app/.cxx/Debug/592n6c1o/arm64-v8a/_deps/vulkanmemoryallocator-src/include/vk_mem_alloc.h:5342:29: note: insert '_Nonnull' if the pointer should never be null
C/C++:  5342 |         const VmaListItem<T>* m_pItem;
C/C++:       |                             ^
C/C++:       |                               _Nonnull
C/C++: D:/Foundation-SM64/Android/app/.cxx/Debug/592n6c1o/arm64-v8a/_deps/vulkanmemoryallocator-src/include/vk_mem_alloc.h:5344:51: warning: pointer is missing a nullability type specifier (_Nonnull, _Nullable, or _Null_unspecified) [-Wnullability-completeness]
C/C++:  5344 |         const_reverse_iterator(const VmaRawList<T>* pList, const VmaListItem<T>* pItem) : m_pList(pList), m_pItem(pItem) {}
C/C++:       |                                                   ^
C/C++: D:/Foundation-SM64/Android/app/.cxx/Debug/592n6c1o/arm64-v8a/_deps/vulkanmemoryallocator-src/include/vk_mem_alloc.h:5344:51: note: insert '_Nullable' if the pointer may be null
C/C++:  5344 |         const_reverse_iterator(const VmaRawList<T>* pList, const VmaListItem<T>* pItem) : m_pList(pList), m_pItem(pItem) {}
C/C++:       |                                                   ^
C/C++:       |                                                     _Nullable
C/C++: D:/Foundation-SM64/Android/app/.cxx/Debug/592n6c1o/arm64-v8a/_deps/vulkanmemoryallocator-src/include/vk_mem_alloc.h:5344:51: note: insert '_Nonnull' if the pointer should never be null
C/C++:  5344 |         const_reverse_iterator(const VmaRawList<T>* pList, const VmaListItem<T>* pItem) : m_pList(pList), m_pItem(pItem) {}
C/C++:       |                                                   ^
C/C++:       |                                                     _Nonnull
C/C++: D:/Foundation-SM64/Android/app/.cxx/Debug/592n6c1o/arm64-v8a/_deps/vulkanmemoryallocator-src/include/vk_mem_alloc.h:5344:80: warning: pointer is missing a nullability type specifier (_Nonnull, _Nullable, or _Null_unspecified) [-Wnullability-completeness]
C/C++:  5344 |         const_reverse_iterator(const VmaRawList<T>* pList, const VmaListItem<T>* pItem) : m_pList(pList), m_pItem(pItem) {}
C/C++:       |                                                                                ^
C/C++: D:/Foundation-SM64/Android/app/.cxx/Debug/592n6c1o/arm64-v8a/_deps/vulkanmemoryallocator-src/include/vk_mem_alloc.h:5344:80: note: insert '_Nullable' if the pointer may be null
C/C++:  5344 |         const_reverse_iterator(const VmaRawList<T>* pList, const VmaListItem<T>* pItem) : m_pList(pList), m_pItem(pItem) {}
C/C++:       |                                                                                ^
C/C++:       |                                                                                  _Nullable
C/C++: D:/Foundation-SM64/Android/app/.cxx/Debug/592n6c1o/arm64-v8a/_deps/vulkanmemoryallocator-src/include/vk_mem_alloc.h:5344:80: note: insert '_Nonnull' if the pointer should never be null
C/C++:  5344 |         const_reverse_iterator(const VmaRawList<T>* pList, const VmaListItem<T>* pItem) : m_pList(pList), m_pItem(pItem) {}
C/C++:       |                                                                                ^
C/C++:       |                                                                                  _Nonnull
C/C++: D:/Foundation-SM64/Android/app/.cxx/Debug/592n6c1o/arm64-v8a/_deps/vulkanmemoryallocator-src/include/vk_mem_alloc.h:5460:44: warning: pointer is missing a nullability type specifier (_Nonnull, _Nullable, or _Null_unspecified) [-Wnullability-completeness]
C/C++:  5460 |     static ItemType* GetPrev(const ItemType* item) { return ItemTypeTraits::GetPrev(item); }
C/C++:       |                                            ^
C/C++: D:/Foundation-SM64/Android/app/.cxx/Debug/592n6c1o/arm64-v8a/_deps/vulkanmemoryallocator-src/include/vk_mem_alloc.h:5460:44: note: insert '_Nullable' if the pointer may be null
C/C++:  5460 |     static ItemType* GetPrev(const ItemType* item) { return ItemTypeTraits::GetPrev(item); }
C/C++:       |                                            ^
C/C++:       |                                              _Nullable
C/C++: D:/Foundation-SM64/Android/app/.cxx/Debug/592n6c1o/arm64-v8a/_deps/vulkanmemoryallocator-src/include/vk_mem_alloc.h:5460:44: note: insert '_Nonnull' if the pointer should never be null
C/C++:  5460 |     static ItemType* GetPrev(const ItemType* item) { return ItemTypeTraits::GetPrev(item); }
C/C++:       |                                            ^
C/C++:       |                                              _Nonnull
C/C++: D:/Foundation-SM64/Android/app/.cxx/Debug/592n6c1o/arm64-v8a/_deps/vulkanmemoryallocator-src/include/vk_mem_alloc.h:5460:20: warning: pointer is missing a nullability type specifier (_Nonnull, _Nullable, or _Null_unspecified) [-Wnullability-completeness]
C/C++:  5460 |     static ItemType* GetPrev(const ItemType* item) { return ItemTypeTraits::GetPrev(item); }
C/C++:       |                    ^
C/C++: D:/Foundation-SM64/Android/app/.cxx/Debug/592n6c1o/arm64-v8a/_deps/vulkanmemoryallocator-src/include/vk_mem_alloc.h:5460:20: note: insert '_Nullable' if the pointer may be null
C/C++:  5460 |     static ItemType* GetPrev(const ItemType* item) { return ItemTypeTraits::GetPrev(item); }
C/C++:       |                    ^
C/C++:       |                      _Nullable
C/C++: D:/Foundation-SM64/Android/app/.cxx/Debug/592n6c1o/arm64-v8a/_deps/vulkanmemoryallocator-src/include/vk_mem_alloc.h:5460:20: note: insert '_Nonnull' if the pointer should never be null
C/C++:  5460 |     static ItemType* GetPrev(const ItemType* item) { return ItemTypeTraits::GetPrev(item); }
C/C++:       |                    ^
C/C++:       |                      _Nonnull
C/C++: D:/Foundation-SM64/Android/app/.cxx/Debug/592n6c1o/arm64-v8a/_deps/vulkanmemoryallocator-src/include/vk_mem_alloc.h:5461:44: warning: pointer is missing a nullability type specifier (_Nonnull, _Nullable, or _Null_unspecified) [-Wnullability-completeness]
C/C++:  5461 |     static ItemType* GetNext(const ItemType* item) { return ItemTypeTraits::GetNext(item); }
C/C++:       |                                            ^
C/C++: D:/Foundation-SM64/Android/app/.cxx/Debug/592n6c1o/arm64-v8a/_deps/vulkanmemoryallocator-src/include/vk_mem_alloc.h:5461:44: note: insert '_Nullable' if the pointer may be null
C/C++:  5461 |     static ItemType* GetNext(const ItemType* item) { return ItemTypeTraits::GetNext(item); }
C/C++:       |                                            ^
C/C++:       |                                              _Nullable
C/C++: D:/Foundation-SM64/Android/app/.cxx/Debug/592n6c1o/arm64-v8a/_deps/vulkanmemoryallocator-src/include/vk_mem_alloc.h:5461:44: note: insert '_Nonnull' if the pointer should never be null
C/C++:  5461 |     static ItemType* GetNext(const ItemType* item) { return ItemTypeTraits::GetNext(item); }
C/C++:       |                                            ^
C/C++:       |                                              _Nonnull
C/C++: D:/Foundation-SM64/Android/app/.cxx/Debug/592n6c1o/arm64-v8a/_deps/vulkanmemoryallocator-src/include/vk_mem_alloc.h:5461:20: warning: pointer is missing a nullability type specifier (_Nonnull, _Nullable, or _Null_unspecified) [-Wnullability-completeness]
C/C++:  5461 |     static ItemType* GetNext(const ItemType* item) { return ItemTypeTraits::GetNext(item); }
C/C++:       |                    ^
C/C++: D:/Foundation-SM64/Android/app/.cxx/Debug/592n6c1o/arm64-v8a/_deps/vulkanmemoryallocator-src/include/vk_mem_alloc.h:5461:20: note: insert '_Nullable' if the pointer may be null
C/C++:  5461 |     static ItemType* GetNext(const ItemType* item) { return ItemTypeTraits::GetNext(item); }
C/C++:       |                    ^
C/C++:       |                      _Nullable
C/C++: D:/Foundation-SM64/Android/app/.cxx/Debug/592n6c1o/arm64-v8a/_deps/vulkanmemoryallocator-src/include/vk_mem_alloc.h:5461:20: note: insert '_Nonnull' if the pointer should never be null
C/C++:  5461 |     static ItemType* GetNext(const ItemType* item) { return ItemTypeTraits::GetNext(item); }
C/C++:       |                    ^
C/C++:       |                      _Nonnull
C/C++: D:/Foundation-SM64/Android/app/.cxx/Debug/592n6c1o/arm64-v8a/_deps/vulkanmemoryallocator-src/include/vk_mem_alloc.h:5473:13: warning: pointer is missing a nullability type specifier (_Nonnull, _Nullable, or _Null_unspecified) [-Wnullability-completeness]
C/C++:  5473 |     ItemType* Front() { return m_Front; }
C/C++:       |             ^
C/C++: D:/Foundation-SM64/Android/app/.cxx/Debug/592n6c1o/arm64-v8a/_deps/vulkanmemoryallocator-src/include/vk_mem_alloc.h:5473:13: note: insert '_Nullable' if the pointer may be null
C/C++:  5473 |     ItemType* Front() { return m_Front; }
C/C++:       |             ^
C/C++:       |               _Nullable
C/C++: D:/Foundation-SM64/Android/app/.cxx/Debug/592n6c1o/arm64-v8a/_deps/vulkanmemoryallocator-src/include/vk_mem_alloc.h:5473:13: note: insert '_Nonnull' if the pointer should never be null
C/C++:  5473 |     ItemType* Front() { return m_Front; }
C/C++:       |             ^
C/C++:       |               _Nonnull
C/C++: D:/Foundation-SM64/Android/app/.cxx/Debug/592n6c1o/arm64-v8a/_deps/vulkanmemoryallocator-src/include/vk_mem_alloc.h:5474:13: warning: pointer is missing a nullability type specifier (_Nonnull, _Nullable, or _Null_unspecified) [-Wnullability-completeness]
C/C++:  5474 |     ItemType* Back() { return m_Back; }
C/C++:       |             ^
C/C++: D:/Foundation-SM64/Android/app/.cxx/Debug/592n6c1o/arm64-v8a/_deps/vulkanmemoryallocator-src/include/vk_mem_alloc.h:5474:13: note: insert '_Nullable' if the pointer may be null
C/C++:  5474 |     ItemType* Back() { return m_Back; }
C/C++:       |             ^
C/C++:       |               _Nullable
C/C++: D:/Foundation-SM64/Android/app/.cxx/Debug/592n6c1o/arm64-v8a/_deps/vulkanmemoryallocator-src/include/vk_mem_alloc.h:5474:13: note: insert '_Nonnull' if the pointer should never be null
C/C++:  5474 |     ItemType* Back() { return m_Back; }
C/C++:       |             ^
C/C++:       |               _Nonnull
C/C++: D:/Foundation-SM64/Android/app/.cxx/Debug/592n6c1o/arm64-v8a/_deps/vulkanmemoryallocator-src/include/vk_mem_alloc.h:5475:19: warning: pointer is missing a nullability type specifier (_Nonnull, _Nullable, or _Null_unspecified) [-Wnullability-completeness]
C/C++:  5475 |     const ItemType* Front() const { return m_Front; }
C/C++:       |                   ^
C/C++: D:/Foundation-SM64/Android/app/.cxx/Debug/592n6c1o/arm64-v8a/_deps/vulkanmemoryallocator-src/include/vk_mem_alloc.h:5475:19: note: insert '_Nullable' if the pointer may be null
C/C++:  5475 |     const ItemType* Front() const { return m_Front; }
C/C++:       |                   ^
C/C++:       |                     _Nullable
C/C++: D:/Foundation-SM64/Android/app/.cxx/Debug/592n6c1o/arm64-v8a/_deps/vulkanmemoryallocator-src/include/vk_mem_alloc.h:5475:19: note: insert '_Nonnull' if the pointer should never be null
C/C++:  5475 |     const ItemType* Front() const { return m_Front; }
C/C++:       |                   ^
C/C++:       |                     _Nonnull
C/C++: D:/Foundation-SM64/Android/app/.cxx/Debug/592n6c1o/arm64-v8a/_deps/vulkanmemoryallocator-src/include/vk_mem_alloc.h:5476:19: warning: pointer is missing a nullability type specifier (_Nonnull, _Nullable, or _Null_unspecified) [-Wnullability-completeness]
C/C++:  5476 |     const ItemType* Back() const { return m_Back; }
C/C++:       |                   ^
C/C++: D:/Foundation-SM64/Android/app/.cxx/Debug/592n6c1o/arm64-v8a/_deps/vulkanmemoryallocator-src/include/vk_mem_alloc.h:5476:19: note: insert '_Nullable' if the pointer may be null
C/C++:  5476 |     const ItemType* Back() const { return m_Back; }
C/C++:       |                   ^
C/C++:       |                     _Nullable
C/C++: D:/Foundation-SM64/Android/app/.cxx/Debug/592n6c1o/arm64-v8a/_deps/vulkanmemoryallocator-src/include/vk_mem_alloc.h:5476:19: note: insert '_Nonnull' if the pointer should never be null
C/C++:  5476 |     const ItemType* Back() const { return m_Back; }
C/C++:       |                   ^
C/C++:       |                     _Nonnull
C/C++: D:/Foundation-SM64/Android/app/.cxx/Debug/592n6c1o/arm64-v8a/_deps/vulkanmemoryallocator-src/include/vk_mem_alloc.h:5478:27: warning: pointer is missing a nullability type specifier (_Nonnull, _Nullable, or _Null_unspecified) [-Wnullability-completeness]
C/C++:  5478 |     void PushBack(ItemType* item);
C/C++:       |                           ^
C/C++: D:/Foundation-SM64/Android/app/.cxx/Debug/592n6c1o/arm64-v8a/_deps/vulkanmemoryallocator-src/include/vk_mem_alloc.h:5478:27: note: insert '_Nullable' if the pointer may be null
C/C++:  5478 |     void PushBack(ItemType* item);
C/C++:       |                           ^
C/C++:       |                             _Nullable
C/C++: D:/Foundation-SM64/Android/app/.cxx/Debug/592n6c1o/arm64-v8a/_deps/vulkanmemoryallocator-src/include/vk_mem_alloc.h:5478:27: note: insert '_Nonnull' if the pointer should never be null
C/C++:  5478 |     void PushBack(ItemType* item);
C/C++:       |                           ^
C/C++:       |                             _Nonnull
C/C++: D:/Foundation-SM64/Android/app/.cxx/Debug/592n6c1o/arm64-v8a/_deps/vulkanmemoryallocator-src/include/vk_mem_alloc.h:5479:28: warning: pointer is missing a nullability type specifier (_Nonnull, _Nullable, or _Null_unspecified) [-Wnullability-completeness]
C/C++:  5479 |     void PushFront(ItemType* item);
C/C++:       |                            ^
C/C++: D:/Foundation-SM64/Android/app/.cxx/Debug/592n6c1o/arm64-v8a/_deps/vulkanmemoryallocator-src/include/vk_mem_alloc.h:5479:28: note: insert '_Nullable' if the pointer may be null
C/C++:  5479 |     void PushFront(ItemType* item);
C/C++:       |                            ^
C/C++:       |                              _Nullable
C/C++: D:/Foundation-SM64/Android/app/.cxx/Debug/592n6c1o/arm64-v8a/_deps/vulkanmemoryallocator-src/include/vk_mem_alloc.h:5479:28: note: insert '_Nonnull' if the pointer should never be null
C/C++:  5479 |     void PushFront(ItemType* item);
C/C++:       |                            ^
C/C++:       |                              _Nonnull
C/C++: D:/Foundation-SM64/Android/app/.cxx/Debug/592n6c1o/arm64-v8a/_deps/vulkanmemoryallocator-src/include/vk_mem_alloc.h:5480:13: warning: pointer is missing a nullability type specifier (_Nonnull, _Nullable, or _Null_unspecified) [-Wnullability-completeness]
C/C++:  5480 |     ItemType* PopBack();
C/C++:       |             ^
C/C++: D:/Foundation-SM64/Android/app/.cxx/Debug/592n6c1o/arm64-v8a/_deps/vulkanmemoryallocator-src/include/vk_mem_alloc.h:5480:13: note: insert '_Nullable' if the pointer may be null
C/C++:  5480 |     ItemType* PopBack();
C/C++:       |             ^
C/C++:       |               _Nullable
C/C++: D:/Foundation-SM64/Android/app/.cxx/Debug/592n6c1o/arm64-v8a/_deps/vulkanmemoryallocator-src/include/vk_mem_alloc.h:5480:13: note: insert '_Nonnull' if the pointer should never be null
C/C++:  5480 |     ItemType* PopBack();
C/C++:       |             ^
C/C++:       |               _Nonnull
C/C++: D:/Foundation-SM64/Android/app/.cxx/Debug/592n6c1o/arm64-v8a/_deps/vulkanmemoryallocator-src/include/vk_mem_alloc.h:5481:13: warning: pointer is missing a nullability type specifier (_Nonnull, _Nullable, or _Null_unspecified) [-Wnullability-completeness]
C/C++:  5481 |     ItemType* PopFront();
C/C++:       |             ^
C/C++: D:/Foundation-SM64/Android/app/.cxx/Debug/592n6c1o/arm64-v8a/_deps/vulkanmemoryallocator-src/include/vk_mem_alloc.h:5481:13: note: insert '_Nullable' if the pointer may be null
C/C++:  5481 |     ItemType* PopFront();
C/C++:       |             ^
C/C++:       |               _Nullable
C/C++: D:/Foundation-SM64/Android/app/.cxx/Debug/592n6c1o/arm64-v8a/_deps/vulkanmemoryallocator-src/include/vk_mem_alloc.h:5481:13: note: insert '_Nonnull' if the pointer should never be null
C/C++:  5481 |     ItemType* PopFront();
C/C++:       |             ^
C/C++:       |               _Nonnull
C/C++: D:/Foundation-SM64/Android/app/.cxx/Debug/592n6c1o/arm64-v8a/_deps/vulkanmemoryallocator-src/include/vk_mem_alloc.h:5484:31: warning: pointer is missing a nullability type specifier (_Nonnull, _Nullable, or _Null_unspecified) [-Wnullability-completeness]
C/C++:  5484 |     void InsertBefore(ItemType* existingItem, ItemType* newItem);
C/C++:       |                               ^
C/C++: D:/Foundation-SM64/Android/app/.cxx/Debug/592n6c1o/arm64-v8a/_deps/vulkanmemoryallocator-src/include/vk_mem_alloc.h:5484:31: note: insert '_Nullable' if the pointer may be null
C/C++:  5484 |     void InsertBefore(ItemType* existingItem, ItemType* newItem);
C/C++:       |                               ^
C/C++:       |                                 _Nullable
C/C++: D:/Foundation-SM64/Android/app/.cxx/Debug/592n6c1o/arm64-v8a/_deps/vulkanmemoryallocator-src/include/vk_mem_alloc.h:5484:31: note: insert '_Nonnull' if the pointer should never be null
C/C++:  5484 |     void InsertBefore(ItemType* existingItem, ItemType* newItem);
C/C++:       |                               ^
C/C++:       |                                 _Nonnull
C/C++: D:/Foundation-SM64/Android/app/.cxx/Debug/592n6c1o/arm64-v8a/_deps/vulkanmemoryallocator-src/include/vk_mem_alloc.h:5484:55: warning: pointer is missing a nullability type specifier (_Nonnull, _Nullable, or _Null_unspecified) [-Wnullability-completeness]
C/C++:  5484 |     void InsertBefore(ItemType* existingItem, ItemType* newItem);
C/C++:       |                                                       ^
C/C++: D:/Foundation-SM64/Android/app/.cxx/Debug/592n6c1o/arm64-v8a/_deps/vulkanmemoryallocator-src/include/vk_mem_alloc.h:5484:55: note: insert '_Nullable' if the pointer may be null
C/C++:  5484 |     void InsertBefore(ItemType* existingItem, ItemType* newItem);
C/C++:       |                                                       ^
C/C++:       |                                                         _Nullable
C/C++: D:/Foundation-SM64/Android/app/.cxx/Debug/592n6c1o/arm64-v8a/_deps/vulkanmemoryallocator-src/include/vk_mem_alloc.h:5484:55: note: insert '_Nonnull' if the pointer should never be null
C/C++:  5484 |     void InsertBefore(ItemType* existingItem, ItemType* newItem);
C/C++:       |                                                       ^
C/C++:       |                                                         _Nonnull
C/C++: D:/Foundation-SM64/Android/app/.cxx/Debug/592n6c1o/arm64-v8a/_deps/vulkanmemoryallocator-src/include/vk_mem_alloc.h:5486:30: warning: pointer is missing a nullability type specifier (_Nonnull, _Nullable, or _Null_unspecified) [-Wnullability-completeness]
C/C++:  5486 |     void InsertAfter(ItemType* existingItem, ItemType* newItem);
C/C++:       |                              ^
C/C++: D:/Foundation-SM64/Android/app/.cxx/Debug/592n6c1o/arm64-v8a/_deps/vulkanmemoryallocator-src/include/vk_mem_alloc.h:5486:30: note: insert '_Nullable' if the pointer may be null
C/C++:  5486 |     void InsertAfter(ItemType* existingItem, ItemType* newItem);
C/C++:       |                              ^
C/C++:       |                                _Nullable
C/C++: D:/Foundation-SM64/Android/app/.cxx/Debug/592n6c1o/arm64-v8a/_deps/vulkanmemoryallocator-src/include/vk_mem_alloc.h:5486:30: note: insert '_Nonnull' if the pointer should never be null
C/C++:  5486 |     void InsertAfter(ItemType* existingItem, ItemType* newItem);
C/C++:       |                              ^
C/C++:       |                                _Nonnull
C/C++: D:/Foundation-SM64/Android/app/.cxx/Debug/592n6c1o/arm64-v8a/_deps/vulkanmemoryallocator-src/include/vk_mem_alloc.h:5486:54: warning: pointer is missing a nullability type specifier (_Nonnull, _Nullable, or _Null_unspecified) [-Wnullability-completeness]
C/C++:  5486 |     void InsertAfter(ItemType* existingItem, ItemType* newItem);
C/C++:       |                                                      ^
C/C++: D:/Foundation-SM64/Android/app/.cxx/Debug/592n6c1o/arm64-v8a/_deps/vulkanmemoryallocator-src/include/vk_mem_alloc.h:5486:54: note: insert '_Nullable' if the pointer may be null
C/C++:  5486 |     void InsertAfter(ItemType* existingItem, ItemType* newItem);
C/C++:       |                                                      ^
C/C++:       |                                                        _Nullable
C/C++: D:/Foundation-SM64/Android/app/.cxx/Debug/592n6c1o/arm64-v8a/_deps/vulkanmemoryallocator-src/include/vk_mem_alloc.h:5486:54: note: insert '_Nonnull' if the pointer should never be null
C/C++:  5486 |     void InsertAfter(ItemType* existingItem, ItemType* newItem);
C/C++:       |                                                      ^
C/C++:       |                                                        _Nonnull
C/C++: D:/Foundation-SM64/Android/app/.cxx/Debug/592n6c1o/arm64-v8a/_deps/vulkanmemoryallocator-src/include/vk_mem_alloc.h:5487:25: warning: pointer is missing a nullability type specifier (_Nonnull, _Nullable, or _Null_unspecified) [-Wnullability-completeness]
C/C++:  5487 |     void Remove(ItemType* item);
C/C++:       |                         ^
C/C++: D:/Foundation-SM64/Android/app/.cxx/Debug/592n6c1o/arm64-v8a/_deps/vulkanmemoryallocator-src/include/vk_mem_alloc.h:5487:25: note: insert '_Nullable' if the pointer may be null
C/C++:  5487 |     void Remove(ItemType* item);
C/C++:       |                         ^
C/C++:       |                           _Nullable
C/C++: D:/Foundation-SM64/Android/app/.cxx/Debug/592n6c1o/arm64-v8a/_deps/vulkanmemoryallocator-src/include/vk_mem_alloc.h:5487:25: note: insert '_Nonnull' if the pointer should never be null
C/C++:  5487 |     void Remove(ItemType* item);
C/C++:       |                         ^
C/C++:       |                           _Nonnull
C/C++: D:/Foundation-SM64/Android/app/.cxx/Debug/592n6c1o/arm64-v8a/_deps/vulkanmemoryallocator-src/include/vk_mem_alloc.h:5491:13: warning: pointer is missing a nullability type specifier (_Nonnull, _Nullable, or _Null_unspecified) [-Wnullability-completeness]
C/C++:  5491 |     ItemType* m_Front = VMA_NULL;
C/C++:       |             ^
C/C++: D:/Foundation-SM64/Android/app/.cxx/Debug/592n6c1o/arm64-v8a/_deps/vulkanmemoryallocator-src/include/vk_mem_alloc.h:5491:13: note: insert '_Nullable' if the pointer may be null
C/C++:  5491 |     ItemType* m_Front = VMA_NULL;
C/C++:       |             ^
C/C++:       |               _Nullable
C/C++: D:/Foundation-SM64/Android/app/.cxx/Debug/592n6c1o/arm64-v8a/_deps/vulkanmemoryallocator-src/include/vk_mem_alloc.h:5491:13: note: insert '_Nonnull' if the pointer should never be null
C/C++:  5491 |     ItemType* m_Front = VMA_NULL;
C/C++:       |             ^
C/C++:       |               _Nonnull
C/C++: D:/Foundation-SM64/Android/app/.cxx/Debug/592n6c1o/arm64-v8a/_deps/vulkanmemoryallocator-src/include/vk_mem_alloc.h:5492:13: warning: pointer is missing a nullability type specifier (_Nonnull, _Nullable, or _Null_unspecified) [-Wnullability-completeness]
C/C++:  5492 |     ItemType* m_Back = VMA_NULL;
C/C++:       |             ^
C/C++: D:/Foundation-SM64/Android/app/.cxx/Debug/592n6c1o/arm64-v8a/_deps/vulkanmemoryallocator-src/include/vk_mem_alloc.h:5492:13: note: insert '_Nullable' if the pointer may be null
C/C++:  5492 |     ItemType* m_Back = VMA_NULL;
C/C++:       |             ^
C/C++:       |               _Nullable
C/C++: D:/Foundation-SM64/Android/app/.cxx/Debug/592n6c1o/arm64-v8a/_deps/vulkanmemoryallocator-src/include/vk_mem_alloc.h:5492:13: note: insert '_Nonnull' if the pointer should never be null
C/C++:  5492 |     ItemType* m_Back = VMA_NULL;
C/C++:       |             ^
C/C++:       |               _Nonnull
C/C++: D:/Foundation-SM64/Android/app/.cxx/Debug/592n6c1o/arm64-v8a/_deps/vulkanmemoryallocator-src/include/vk_mem_alloc.h:5521:63: warning: pointer is missing a nullability type specifier (_Nonnull, _Nullable, or _Null_unspecified) [-Wnullability-completeness]
C/C++:  5521 | void VmaIntrusiveLinkedList<ItemTypeTraits>::PushBack(ItemType* item)
C/C++:       |                                                               ^
C/C++: D:/Foundation-SM64/Android/app/.cxx/Debug/592n6c1o/arm64-v8a/_deps/vulkanmemoryallocator-src/include/vk_mem_alloc.h:5521:63: note: insert '_Nullable' if the pointer may be null
C/C++:  5521 | void VmaIntrusiveLinkedList<ItemTypeTraits>::PushBack(ItemType* item)
C/C++:       |                                                               ^
C/C++:       |                                                                 _Nullable
C/C++: D:/Foundation-SM64/Android/app/.cxx/Debug/592n6c1o/arm64-v8a/_deps/vulkanmemoryallocator-src/include/vk_mem_alloc.h:5521:63: note: insert '_Nonnull' if the pointer should never be null
C/C++:  5521 | void VmaIntrusiveLinkedList<ItemTypeTraits>::PushBack(ItemType* item)
C/C++:       |                                                               ^
C/C++:       |                                                                 _Nonnull
C/C++: D:/Foundation-SM64/Android/app/.cxx/Debug/592n6c1o/arm64-v8a/_deps/vulkanmemoryallocator-src/include/vk_mem_alloc.h:5540:64: warning: pointer is missing a nullability type specifier (_Nonnull, _Nullable, or _Null_unspecified) [-Wnullability-completeness]
C/C++:  5540 | void VmaIntrusiveLinkedList<ItemTypeTraits>::PushFront(ItemType* item)
C/C++:       |                                                                ^
C/C++: D:/Foundation-SM64/Android/app/.cxx/Debug/592n6c1o/arm64-v8a/_deps/vulkanmemoryallocator-src/include/vk_mem_alloc.h:5540:64: note: insert '_Nullable' if the pointer may be null
C/C++:  5540 | void VmaIntrusiveLinkedList<ItemTypeTraits>::PushFront(ItemType* item)
C/C++:       |                                                                ^
C/C++:       |                                                                  _Nullable
C/C++: D:/Foundation-SM64/Android/app/.cxx/Debug/592n6c1o/arm64-v8a/_deps/vulkanmemoryallocator-src/include/vk_mem_alloc.h:5540:64: note: insert '_Nonnull' if the pointer should never be null
C/C++:  5540 | void VmaIntrusiveLinkedList<ItemTypeTraits>::PushFront(ItemType* item)
C/C++:       |                                                                ^
C/C++:       |                                                                  _Nonnull
C/C++: D:/Foundation-SM64/Android/app/.cxx/Debug/592n6c1o/arm64-v8a/_deps/vulkanmemoryallocator-src/include/vk_mem_alloc.h:5559:58: warning: pointer is missing a nullability type specifier (_Nonnull, _Nullable, or _Null_unspecified) [-Wnullability-completeness]
C/C++:  5559 | typename VmaIntrusiveLinkedList<ItemTypeTraits>::ItemType* VmaIntrusiveLinkedList<ItemTypeTraits>::PopBack()
C/C++:       |                                                          ^
C/C++: D:/Foundation-SM64/Android/app/.cxx/Debug/592n6c1o/arm64-v8a/_deps/vulkanmemoryallocator-src/include/vk_mem_alloc.h:5559:58: note: insert '_Nullable' if the pointer may be null
C/C++:  5559 | typename VmaIntrusiveLinkedList<ItemTypeTraits>::ItemType* VmaIntrusiveLinkedList<ItemTypeTraits>::PopBack()
C/C++:       |                                                          ^
C/C++:       |                                                            _Nullable
C/C++: D:/Foundation-SM64/Android/app/.cxx/Debug/592n6c1o/arm64-v8a/_deps/vulkanmemoryallocator-src/include/vk_mem_alloc.h:5559:58: note: insert '_Nonnull' if the pointer should never be null
C/C++:  5559 | typename VmaIntrusiveLinkedList<ItemTypeTraits>::ItemType* VmaIntrusiveLinkedList<ItemTypeTraits>::PopBack()
C/C++:       |                                                          ^
C/C++:       |                                                            _Nonnull
C/C++: D:/Foundation-SM64/Android/app/.cxx/Debug/592n6c1o/arm64-v8a/_deps/vulkanmemoryallocator-src/include/vk_mem_alloc.h:5576:58: warning: pointer is missing a nullability type specifier (_Nonnull, _Nullable, or _Null_unspecified) [-Wnullability-completeness]
C/C++:  5576 | typename VmaIntrusiveLinkedList<ItemTypeTraits>::ItemType* VmaIntrusiveLinkedList<ItemTypeTraits>::PopFront()
C/C++:       |                                                          ^
C/C++: D:/Foundation-SM64/Android/app/.cxx/Debug/592n6c1o/arm64-v8a/_deps/vulkanmemoryallocator-src/include/vk_mem_alloc.h:5576:58: note: insert '_Nullable' if the pointer may be null
C/C++:  5576 | typename VmaIntrusiveLinkedList<ItemTypeTraits>::ItemType* VmaIntrusiveLinkedList<ItemTypeTraits>::PopFront()
C/C++:       |                                                          ^
C/C++:       |                                                            _Nullable
C/C++: D:/Foundation-SM64/Android/app/.cxx/Debug/592n6c1o/arm64-v8a/_deps/vulkanmemoryallocator-src/include/vk_mem_alloc.h:5576:58: note: insert '_Nonnull' if the pointer should never be null
C/C++:  5576 | typename VmaIntrusiveLinkedList<ItemTypeTraits>::ItemType* VmaIntrusiveLinkedList<ItemTypeTraits>::PopFront()
C/C++:       |                                                          ^
C/C++:       |                                                            _Nonnull
C/C++: D:/Foundation-SM64/Android/app/.cxx/Debug/592n6c1o/arm64-v8a/_deps/vulkanmemoryallocator-src/include/vk_mem_alloc.h:5593:67: warning: pointer is missing a nullability type specifier (_Nonnull, _Nullable, or _Null_unspecified) [-Wnullability-completeness]
C/C++:  5593 | void VmaIntrusiveLinkedList<ItemTypeTraits>::InsertBefore(ItemType* existingItem, ItemType* newItem)
C/C++:       |                                                                   ^
C/C++: D:/Foundation-SM64/Android/app/.cxx/Debug/592n6c1o/arm64-v8a/_deps/vulkanmemoryallocator-src/include/vk_mem_alloc.h:5593:67: note: insert '_Nullable' if the pointer may be null
C/C++:  5593 | void VmaIntrusiveLinkedList<ItemTypeTraits>::InsertBefore(ItemType* existingItem, ItemType* newItem)
C/C++:       |                                                                   ^
C/C++:       |                                                                     _Nullable
C/C++: D:/Foundation-SM64/Android/app/.cxx/Debug/592n6c1o/arm64-v8a/_deps/vulkanmemoryallocator-src/include/vk_mem_alloc.h:5593:67: note: insert '_Nonnull' if the pointer should never be null
C/C++:  5593 | void VmaIntrusiveLinkedList<ItemTypeTraits>::InsertBefore(ItemType* existingItem, ItemType* newItem)
C/C++:       |                                                                   ^
C/C++:       |                                                                     _Nonnull
C/C++: D:/Foundation-SM64/Android/app/.cxx/Debug/592n6c1o/arm64-v8a/_deps/vulkanmemoryallocator-src/include/vk_mem_alloc.h:5593:91: warning: pointer is missing a nullability type specifier (_Nonnull, _Nullable, or _Null_unspecified) [-Wnullability-completeness]
C/C++:  5593 | void VmaIntrusiveLinkedList<ItemTypeTraits>::InsertBefore(ItemType* existingItem, ItemType* newItem)
C/C++:       |                                                                                           ^
C/C++: D:/Foundation-SM64/Android/app/.cxx/Debug/592n6c1o/arm64-v8a/_deps/vulkanmemoryallocator-src/include/vk_mem_alloc.h:5593:91: note: insert '_Nullable' if the pointer may be null
C/C++:  5593 | void VmaIntrusiveLinkedList<ItemTypeTraits>::InsertBefore(ItemType* existingItem, ItemType* newItem)
C/C++:       |                                                                                           ^
C/C++:       |                                                                                             _Nullable
C/C++: D:/Foundation-SM64/Android/app/.cxx/Debug/592n6c1o/arm64-v8a/_deps/vulkanmemoryallocator-src/include/vk_mem_alloc.h:5593:91: note: insert '_Nonnull' if the pointer should never be null
C/C++:  5593 | void VmaIntrusiveLinkedList<ItemTypeTraits>::InsertBefore(ItemType* existingItem, ItemType* newItem)
C/C++:       |                                                                                           ^
C/C++:       |                                                                                             _Nonnull
C/C++: D:/Foundation-SM64/Android/app/.cxx/Debug/592n6c1o/arm64-v8a/_deps/vulkanmemoryallocator-src/include/vk_mem_alloc.h:5618:66: warning: pointer is missing a nullability type specifier (_Nonnull, _Nullable, or _Null_unspecified) [-Wnullability-completeness]
C/C++:  5618 | void VmaIntrusiveLinkedList<ItemTypeTraits>::InsertAfter(ItemType* existingItem, ItemType* newItem)
C/C++:       |                                                                  ^
C/C++: D:/Foundation-SM64/Android/app/.cxx/Debug/592n6c1o/arm64-v8a/_deps/vulkanmemoryallocator-src/include/vk_mem_alloc.h:5618:66: note: insert '_Nullable' if the pointer may be null
C/C++:  5618 | void VmaIntrusiveLinkedList<ItemTypeTraits>::InsertAfter(ItemType* existingItem, ItemType* newItem)
C/C++:       |                                                                  ^
C/C++:       |                                                                    _Nullable
C/C++: D:/Foundation-SM64/Android/app/.cxx/Debug/592n6c1o/arm64-v8a/_deps/vulkanmemoryallocator-src/include/vk_mem_alloc.h:5618:66: note: insert '_Nonnull' if the pointer should never be null
C/C++:  5618 | void VmaIntrusiveLinkedList<ItemTypeTraits>::InsertAfter(ItemType* existingItem, ItemType* newItem)
C/C++:       |                                                                  ^
C/C++:       |                                                                    _Nonnull
C/C++: D:/Foundation-SM64/Android/app/.cxx/Debug/592n6c1o/arm64-v8a/_deps/vulkanmemoryallocator-src/include/vk_mem_alloc.h:5618:90: warning: pointer is missing a nullability type specifier (_Nonnull, _Nullable, or _Null_unspecified) [-Wnullability-completeness]
C/C++:  5618 | void VmaIntrusiveLinkedList<ItemTypeTraits>::InsertAfter(ItemType* existingItem, ItemType* newItem)
C/C++:       |                                                                                          ^
C/C++: D:/Foundation-SM64/Android/app/.cxx/Debug/592n6c1o/arm64-v8a/_deps/vulkanmemoryallocator-src/include/vk_mem_alloc.h:5618:90: note: insert '_Nullable' if the pointer may be null
C/C++:  5618 | void VmaIntrusiveLinkedList<ItemTypeTraits>::InsertAfter(ItemType* existingItem, ItemType* newItem)
C/C++:       |                                                                                          ^
C/C++:       |                                                                                            _Nullable
C/C++: D:/Foundation-SM64/Android/app/.cxx/Debug/592n6c1o/arm64-v8a/_deps/vulkanmemoryallocator-src/include/vk_mem_alloc.h:5618:90: note: insert '_Nonnull' if the pointer should never be null
C/C++:  5618 | void VmaIntrusiveLinkedList<ItemTypeTraits>::InsertAfter(ItemType* existingItem, ItemType* newItem)
C/C++:       |                                                                                          ^
C/C++:       |                                                                                            _Nonnull
C/C++: D:/Foundation-SM64/Android/app/.cxx/Debug/592n6c1o/arm64-v8a/_deps/vulkanmemoryallocator-src/include/vk_mem_alloc.h:5643:61: warning: pointer is missing a nullability type specifier (_Nonnull, _Nullable, or _Null_unspecified) [-Wnullability-completeness]
C/C++:  5643 | void VmaIntrusiveLinkedList<ItemTypeTraits>::Remove(ItemType* item)
C/C++:       |                                                             ^
C/C++: D:/Foundation-SM64/Android/app/.cxx/Debug/592n6c1o/arm64-v8a/_deps/vulkanmemoryallocator-src/include/vk_mem_alloc.h:5643:61: note: insert '_Nullable' if the pointer may be null
C/C++:  5643 | void VmaIntrusiveLinkedList<ItemTypeTraits>::Remove(ItemType* item)
C/C++:       |                                                             ^
C/C++:       |                                                               _Nullable
C/C++: D:/Foundation-SM64/Android/app/.cxx/Debug/592n6c1o/arm64-v8a/_deps/vulkanmemoryallocator-src/include/vk_mem_alloc.h:5643:61: note: insert '_Nonnull' if the pointer should never be null
C/C++:  5643 | void VmaIntrusiveLinkedList<ItemTypeTraits>::Remove(ItemType* item)
C/C++:       |                                                             ^
C/C++:       |                                                               _Nonnull
C/C++: D:/Foundation-SM64/Android/app/.cxx/Debug/592n6c1o/arm64-v8a/_deps/vulkanmemoryallocator-src/include/vk_mem_alloc.h:5695:58: warning: pointer is missing a nullability type specifier (_Nonnull, _Nullable, or _Null_unspecified) [-Wnullability-completeness]
C/C++:  5695 |     explicit VmaStringBuilder(const VkAllocationCallbacks* allocationCallbacks) : m_Data(VmaStlAllocator<char>(allocationCallbacks)) {}
C/C++:       |                                                          ^
C/C++: D:/Foundation-SM64/Android/app/.cxx/Debug/592n6c1o/arm64-v8a/_deps/vulkanmemoryallocator-src/include/vk_mem_alloc.h:5695:58: note: insert '_Nullable' if the pointer may be null
C/C++:  5695 |     explicit VmaStringBuilder(const VkAllocationCallbacks* allocationCallbacks) : m_Data(VmaStlAllocator<char>(allocationCallbacks)) {}
C/C++:       |                                                          ^
C/C++:       |                                                            _Nullable
C/C++: D:/Foundation-SM64/Android/app/.cxx/Debug/592n6c1o/arm64-v8a/_deps/vulkanmemoryallocator-src/include/vk_mem_alloc.h:5695:58: note: insert '_Nonnull' if the pointer should never be null
C/C++:  5695 |     explicit VmaStringBuilder(const VkAllocationCallbacks* allocationCallbacks) : m_Data(VmaStlAllocator<char>(allocationCallbacks)) {}
C/C++:       |                                                          ^
C/C++:       |                                                            _Nonnull
C/C++: D:/Foundation-SM64/Android/app/.cxx/Debug/592n6c1o/arm64-v8a/_deps/vulkanmemoryallocator-src/include/vk_mem_alloc.h:5700:15: warning: pointer is missing a nullability type specifier (_Nonnull, _Nullable, or _Null_unspecified) [-Wnullability-completeness]
C/C++:  5700 |     const char* GetData() const { return m_Data.data(); }
C/C++:       |               ^
C/C++: D:/Foundation-SM64/Android/app/.cxx/Debug/592n6c1o/arm64-v8a/_deps/vulkanmemoryallocator-src/include/vk_mem_alloc.h:5700:15: note: insert '_Nullable' if the pointer may be null
C/C++:  5700 |     const char* GetData() const { return m_Data.data(); }
C/C++:       |               ^
C/C++:       |                 _Nullable
C/C++: D:/Foundation-SM64/Android/app/.cxx/Debug/592n6c1o/arm64-v8a/_deps/vulkanmemoryallocator-src/include/vk_mem_alloc.h:5700:15: note: insert '_Nonnull' if the pointer should never be null
C/C++:  5700 |     const char* GetData() const { return m_Data.data(); }
C/C++:       |               ^
C/C++:       |                 _Nonnull
C/C++: D:/Foundation-SM64/Android/app/.cxx/Debug/592n6c1o/arm64-v8a/_deps/vulkanmemoryallocator-src/include/vk_mem_alloc.h:5704:24: warning: pointer is missing a nullability type specifier (_Nonnull, _Nullable, or _Null_unspecified) [-Wnullability-completeness]
C/C++:  5704 |     void Add(const char* pStr);
C/C++:       |                        ^
C/C++: D:/Foundation-SM64/Android/app/.cxx/Debug/592n6c1o/arm64-v8a/_deps/vulkanmemoryallocator-src/include/vk_mem_alloc.h:5704:24: note: insert '_Nullable' if the pointer may be null
C/C++:  5704 |     void Add(const char* pStr);
C/C++:       |                        ^
C/C++:       |                          _Nullable
C/C++: D:/Foundation-SM64/Android/app/.cxx/Debug/592n6c1o/arm64-v8a/_deps/vulkanmemoryallocator-src/include/vk_mem_alloc.h:5704:24: note: insert '_Nonnull' if the pointer should never be null
C/C++:  5704 |     void Add(const char* pStr);
C/C++:       |                        ^
C/C++:       |                          _Nonnull
C/C++: D:/Foundation-SM64/Android/app/.cxx/Debug/592n6c1o/arm64-v8a/_deps/vulkanmemoryallocator-src/include/vk_mem_alloc.h:5707:31: warning: pointer is missing a nullability type specifier (_Nonnull, _Nullable, or _Null_unspecified) [-Wnullability-completeness]
C/C++:  5707 |     void AddPointer(const void* ptr);
C/C++:       |                               ^
C/C++: D:/Foundation-SM64/Android/app/.cxx/Debug/592n6c1o/arm64-v8a/_deps/vulkanmemoryallocator-src/include/vk_mem_alloc.h:5707:31: note: insert '_Nullable' if the pointer may be null
C/C++:  5707 |     void AddPointer(const void* ptr);
C/C++:       |                               ^
C/C++:       |                                 _Nullable
C/C++: D:/Foundation-SM64/Android/app/.cxx/Debug/592n6c1o/arm64-v8a/_deps/vulkanmemoryallocator-src/include/vk_mem_alloc.h:5707:31: note: insert '_Nonnull' if the pointer should never be null
C/C++:  5707 |     void AddPointer(const void* ptr);
C/C++:       |                               ^
C/C++:       |                                 _Nonnull
C/C++: D:/Foundation-SM64/Android/app/.cxx/Debug/592n6c1o/arm64-v8a/_deps/vulkanmemoryallocator-src/include/vk_mem_alloc.h:5714:38: warning: pointer is missing a nullability type specifier (_Nonnull, _Nullable, or _Null_unspecified) [-Wnullability-completeness]
C/C++:  5714 | void VmaStringBuilder::Add(const char* pStr)
C/C++:       |                                      ^
C/C++: D:/Foundation-SM64/Android/app/.cxx/Debug/592n6c1o/arm64-v8a/_deps/vulkanmemoryallocator-src/include/vk_mem_alloc.h:5714:38: note: insert '_Nullable' if the pointer may be null
C/C++:  5714 | void VmaStringBuilder::Add(const char* pStr)
C/C++:       |                                      ^
C/C++:       |                                        _Nullable
C/C++: D:/Foundation-SM64/Android/app/.cxx/Debug/592n6c1o/arm64-v8a/_deps/vulkanmemoryallocator-src/include/vk_mem_alloc.h:5714:38: note: insert '_Nonnull' if the pointer should never be null
C/C++:  5714 | void VmaStringBuilder::Add(const char* pStr)
C/C++:       |                                      ^
C/C++:       |                                        _Nonnull
C/C++: D:/Foundation-SM64/Android/app/.cxx/Debug/592n6c1o/arm64-v8a/_deps/vulkanmemoryallocator-src/include/vk_mem_alloc.h:5751:45: warning: pointer is missing a nullability type specifier (_Nonnull, _Nullable, or _Null_unspecified) [-Wnullability-completeness]
C/C++:  5751 | void VmaStringBuilder::AddPointer(const void* ptr)
C/C++:       |                                             ^
C/C++: D:/Foundation-SM64/Android/app/.cxx/Debug/592n6c1o/arm64-v8a/_deps/vulkanmemoryallocator-src/include/vk_mem_alloc.h:5751:45: note: insert '_Nullable' if the pointer may be null
C/C++:  5751 | void VmaStringBuilder::AddPointer(const void* ptr)
C/C++:       |                                             ^
C/C++:       |                                               _Nullable
C/C++: D:/Foundation-SM64/Android/app/.cxx/Debug/592n6c1o/arm64-v8a/_deps/vulkanmemoryallocator-src/include/vk_mem_alloc.h:5751:45: note: insert '_Nonnull' if the pointer should never be null
C/C++:  5751 | void VmaStringBuilder::AddPointer(const void* ptr)
C/C++:       |                                             ^
C/C++:       |                                               _Nonnull
C/C++: D:/Foundation-SM64/Android/app/.cxx/Debug/592n6c1o/arm64-v8a/_deps/vulkanmemoryallocator-src/include/vk_mem_alloc.h:5770:46: warning: pointer is missing a nullability type specifier (_Nonnull, _Nullable, or _Null_unspecified) [-Wnullability-completeness]
C/C++:  5770 |     VmaJsonWriter(const VkAllocationCallbacks* pAllocationCallbacks, VmaStringBuilder& sb);
C/C++:       |                                              ^
C/C++: D:/Foundation-SM64/Android/app/.cxx/Debug/592n6c1o/arm64-v8a/_deps/vulkanmemoryallocator-src/include/vk_mem_alloc.h:5770:46: note: insert '_Nullable' if the pointer may be null
C/C++:  5770 |     VmaJsonWriter(const VkAllocationCallbacks* pAllocationCallbacks, VmaStringBuilder& sb);
C/C++:       |                                              ^
C/C++:       |                                                _Nullable
C/C++: D:/Foundation-SM64/Android/app/.cxx/Debug/592n6c1o/arm64-v8a/_deps/vulkanmemoryallocator-src/include/vk_mem_alloc.h:5770:46: note: insert '_Nonnull' if the pointer should never be null
C/C++:  5770 |     VmaJsonWriter(const VkAllocationCallbacks* pAllocationCallbacks, VmaStringBuilder& sb);
C/C++:       |                                              ^
C/C++:       |                                                _Nonnull
C/C++: D:/Foundation-SM64/Android/app/.cxx/Debug/592n6c1o/arm64-v8a/_deps/vulkanmemoryallocator-src/include/vk_mem_alloc.h:5789:32: warning: pointer is missing a nullability type specifier (_Nonnull, _Nullable, or _Null_unspecified) [-Wnullability-completeness]
C/C++:  5789 |     void WriteString(const char* pStr);
C/C++:       |                                ^
C/C++: D:/Foundation-SM64/Android/app/.cxx/Debug/592n6c1o/arm64-v8a/_deps/vulkanmemoryallocator-src/include/vk_mem_alloc.h:5789:32: note: insert '_Nullable' if the pointer may be null
C/C++:  5789 |     void WriteString(const char* pStr);
C/C++:       |                                ^
C/C++:       |                                  _Nullable
C/C++: D:/Foundation-SM64/Android/app/.cxx/Debug/592n6c1o/arm64-v8a/_deps/vulkanmemoryallocator-src/include/vk_mem_alloc.h:5789:32: note: insert '_Nonnull' if the pointer should never be null
C/C++:  5789 |     void WriteString(const char* pStr);
C/C++:       |                                ^
C/C++:       |                                  _Nonnull
C/C++: D:/Foundation-SM64/Android/app/.cxx/Debug/592n6c1o/arm64-v8a/_deps/vulkanmemoryallocator-src/include/vk_mem_alloc.h:5795:32: warning: pointer is missing a nullability type specifier (_Nonnull, _Nullable, or _Null_unspecified) [-Wnullability-completeness]
C/C++:  5795 |     void BeginString(const char* pStr = VMA_NULL);
C/C++:       |                                ^
C/C++: D:/Foundation-SM64/Android/app/.cxx/Debug/592n6c1o/arm64-v8a/_deps/vulkanmemoryallocator-src/include/vk_mem_alloc.h:5795:32: note: insert '_Nullable' if the pointer may be null
C/C++:  5795 |     void BeginString(const char* pStr = VMA_NULL);
C/C++:       |                                ^
C/C++:       |                                  _Nullable
C/C++: D:/Foundation-SM64/Android/app/.cxx/Debug/592n6c1o/arm64-v8a/_deps/vulkanmemoryallocator-src/include/vk_mem_alloc.h:5795:32: note: insert '_Nonnull' if the pointer should never be null
C/C++:  5795 |     void BeginString(const char* pStr = VMA_NULL);
C/C++:       |                                ^
C/C++:       |                                  _Nonnull
C/C++: D:/Foundation-SM64/Android/app/.cxx/Debug/592n6c1o/arm64-v8a/_deps/vulkanmemoryallocator-src/include/vk_mem_alloc.h:5797:35: warning: pointer is missing a nullability type specifier (_Nonnull, _Nullable, or _Null_unspecified) [-Wnullability-completeness]
C/C++:  5797 |     void ContinueString(const char* pStr);
C/C++:       |                                   ^
C/C++: D:/Foundation-SM64/Android/app/.cxx/Debug/592n6c1o/arm64-v8a/_deps/vulkanmemoryallocator-src/include/vk_mem_alloc.h:5797:35: note: insert '_Nullable' if the pointer may be null
C/C++:  5797 |     void ContinueString(const char* pStr);
C/C++:       |                                   ^
C/C++:       |                                     _Nullable
C/C++: D:/Foundation-SM64/Android/app/.cxx/Debug/592n6c1o/arm64-v8a/_deps/vulkanmemoryallocator-src/include/vk_mem_alloc.h:5797:35: note: insert '_Nonnull' if the pointer should never be null
C/C++:  5797 |     void ContinueString(const char* pStr);
C/C++:       |                                   ^
C/C++:       |                                     _Nonnull
C/C++: D:/Foundation-SM64/Android/app/.cxx/Debug/592n6c1o/arm64-v8a/_deps/vulkanmemoryallocator-src/include/vk_mem_alloc.h:5803:43: warning: pointer is missing a nullability type specifier (_Nonnull, _Nullable, or _Null_unspecified) [-Wnullability-completeness]
C/C++:  5803 |     void ContinueString_Pointer(const void* ptr);
C/C++:       |                                           ^
C/C++: D:/Foundation-SM64/Android/app/.cxx/Debug/592n6c1o/arm64-v8a/_deps/vulkanmemoryallocator-src/include/vk_mem_alloc.h:5803:43: note: insert '_Nullable' if the pointer may be null
C/C++:  5803 |     void ContinueString_Pointer(const void* ptr);
C/C++:       |                                           ^
C/C++:       |                                             _Nullable
C/C++: D:/Foundation-SM64/Android/app/.cxx/Debug/592n6c1o/arm64-v8a/_deps/vulkanmemoryallocator-src/include/vk_mem_alloc.h:5803:43: note: insert '_Nonnull' if the pointer should never be null
C/C++:  5803 |     void ContinueString_Pointer(const void* ptr);
C/C++:       |                                           ^
C/C++:       |                                             _Nonnull
C/C++: D:/Foundation-SM64/Android/app/.cxx/Debug/592n6c1o/arm64-v8a/_deps/vulkanmemoryallocator-src/include/vk_mem_alloc.h:5805:30: warning: pointer is missing a nullability type specifier (_Nonnull, _Nullable, or _Null_unspecified) [-Wnullability-completeness]
C/C++:  5805 |     void EndString(const char* pStr = VMA_NULL);
C/C++:       |                              ^
C/C++: D:/Foundation-SM64/Android/app/.cxx/Debug/592n6c1o/arm64-v8a/_deps/vulkanmemoryallocator-src/include/vk_mem_alloc.h:5805:30: note: insert '_Nullable' if the pointer may be null
C/C++:  5805 |     void EndString(const char* pStr = VMA_NULL);
C/C++:       |                              ^
C/C++:       |                                _Nullable
C/C++: D:/Foundation-SM64/Android/app/.cxx/Debug/592n6c1o/arm64-v8a/_deps/vulkanmemoryallocator-src/include/vk_mem_alloc.h:5805:30: note: insert '_Nonnull' if the pointer should never be null
C/C++:  5805 |     void EndString(const char* pStr = VMA_NULL);
C/C++:       |                              ^
C/C++:       |                                _Nonnull
C/C++: D:/Foundation-SM64/Android/app/.cxx/Debug/592n6c1o/arm64-v8a/_deps/vulkanmemoryallocator-src/include/vk_mem_alloc.h:5828:22: warning: pointer is missing a nullability type specifier (_Nonnull, _Nullable, or _Null_unspecified) [-Wnullability-completeness]
C/C++:  5828 |     static const char* const INDENT;
C/C++:       |                      ^
C/C++: D:/Foundation-SM64/Android/app/.cxx/Debug/592n6c1o/arm64-v8a/_deps/vulkanmemoryallocator-src/include/vk_mem_alloc.h:5828:22: note: insert '_Nullable' if the pointer may be null
C/C++:  5828 |     static const char* const INDENT;
C/C++:       |                      ^
C/C++:       |                        _Nullable
C/C++: D:/Foundation-SM64/Android/app/.cxx/Debug/592n6c1o/arm64-v8a/_deps/vulkanmemoryallocator-src/include/vk_mem_alloc.h:5828:22: note: insert '_Nonnull' if the pointer should never be null
C/C++:  5828 |     static const char* const INDENT;
C/C++:       |                      ^
C/C++:       |                        _Nonnull
C/C++: D:/Foundation-SM64/Android/app/.cxx/Debug/592n6c1o/arm64-v8a/_deps/vulkanmemoryallocator-src/include/vk_mem_alloc.h:5837:11: warning: pointer is missing a nullability type specifier (_Nonnull, _Nullable, or _Null_unspecified) [-Wnullability-completeness]
C/C++:  5837 | const char* const VmaJsonWriter::INDENT = "  ";
C/C++:       |           ^
C/C++: D:/Foundation-SM64/Android/app/.cxx/Debug/592n6c1o/arm64-v8a/_deps/vulkanmemoryallocator-src/include/vk_mem_alloc.h:5837:11: note: insert '_Nullable' if the pointer may be null
C/C++:  5837 | const char* const VmaJsonWriter::INDENT = "  ";
C/C++:       |           ^
C/C++:       |             _Nullable
C/C++: D:/Foundation-SM64/Android/app/.cxx/Debug/592n6c1o/arm64-v8a/_deps/vulkanmemoryallocator-src/include/vk_mem_alloc.h:5837:11: note: insert '_Nonnull' if the pointer should never be null
C/C++:  5837 | const char* const VmaJsonWriter::INDENT = "  ";
C/C++:       |           ^
C/C++:       |             _Nonnull
C/C++: D:/Foundation-SM64/Android/app/.cxx/Debug/592n6c1o/arm64-v8a/_deps/vulkanmemoryallocator-src/include/vk_mem_alloc.h:5840:57: warning: pointer is missing a nullability type specifier (_Nonnull, _Nullable, or _Null_unspecified) [-Wnullability-completeness]
C/C++:  5840 | VmaJsonWriter::VmaJsonWriter(const VkAllocationCallbacks* pAllocationCallbacks, VmaStringBuilder& sb)
C/C++:       |                                                         ^
C/C++: D:/Foundation-SM64/Android/app/.cxx/Debug/592n6c1o/arm64-v8a/_deps/vulkanmemoryallocator-src/include/vk_mem_alloc.h:5840:57: note: insert '_Nullable' if the pointer may be null
C/C++:  5840 | VmaJsonWriter::VmaJsonWriter(const VkAllocationCallbacks* pAllocationCallbacks, VmaStringBuilder& sb)
C/C++:       |                                                         ^
C/C++:       |                                                           _Nullable
C/C++: D:/Foundation-SM64/Android/app/.cxx/Debug/592n6c1o/arm64-v8a/_deps/vulkanmemoryallocator-src/include/vk_mem_alloc.h:5840:57: note: insert '_Nonnull' if the pointer should never be null
C/C++:  5840 | VmaJsonWriter::VmaJsonWriter(const VkAllocationCallbacks* pAllocationCallbacks, VmaStringBuilder& sb)
C/C++:       |                                                         ^
C/C++:       |                                                           _Nonnull
C/C++: D:/Foundation-SM64/Android/app/.cxx/Debug/592n6c1o/arm64-v8a/_deps/vulkanmemoryallocator-src/include/vk_mem_alloc.h:5901:43: warning: pointer is missing a nullability type specifier (_Nonnull, _Nullable, or _Null_unspecified) [-Wnullability-completeness]
C/C++:  5901 | void VmaJsonWriter::WriteString(const char* pStr)
C/C++:       |                                           ^
C/C++: D:/Foundation-SM64/Android/app/.cxx/Debug/592n6c1o/arm64-v8a/_deps/vulkanmemoryallocator-src/include/vk_mem_alloc.h:5901:43: note: insert '_Nullable' if the pointer may be null
C/C++:  5901 | void VmaJsonWriter::WriteString(const char* pStr)
C/C++:       |                                           ^
C/C++:       |                                             _Nullable
C/C++: D:/Foundation-SM64/Android/app/.cxx/Debug/592n6c1o/arm64-v8a/_deps/vulkanmemoryallocator-src/include/vk_mem_alloc.h:5901:43: note: insert '_Nonnull' if the pointer should never be null
C/C++:  5901 | void VmaJsonWriter::WriteString(const char* pStr)
C/C++:       |                                           ^
C/C++:       |                                             _Nonnull
C/C++: D:/Foundation-SM64/Android/app/.cxx/Debug/592n6c1o/arm64-v8a/_deps/vulkanmemoryallocator-src/include/vk_mem_alloc.h:5907:43: warning: pointer is missing a nullability type specifier (_Nonnull, _Nullable, or _Null_unspecified) [-Wnullability-completeness]
C/C++:  5907 | void VmaJsonWriter::BeginString(const char* pStr)
C/C++:       |                                           ^
C/C++: D:/Foundation-SM64/Android/app/.cxx/Debug/592n6c1o/arm64-v8a/_deps/vulkanmemoryallocator-src/include/vk_mem_alloc.h:5907:43: note: insert '_Nullable' if the pointer may be null
C/C++:  5907 | void VmaJsonWriter::BeginString(const char* pStr)
C/C++:       |                                           ^
C/C++:       |                                             _Nullable
C/C++: D:/Foundation-SM64/Android/app/.cxx/Debug/592n6c1o/arm64-v8a/_deps/vulkanmemoryallocator-src/include/vk_mem_alloc.h:5907:43: note: insert '_Nonnull' if the pointer should never be null
C/C++:  5907 | void VmaJsonWriter::BeginString(const char* pStr)
C/C++:       |                                           ^
C/C++:       |                                             _Nonnull
C/C++: D:/Foundation-SM64/Android/app/.cxx/Debug/592n6c1o/arm64-v8a/_deps/vulkanmemoryallocator-src/include/vk_mem_alloc.h:5920:46: warning: pointer is missing a nullability type specifier (_Nonnull, _Nullable, or _Null_unspecified) [-Wnullability-completeness]
C/C++:  5920 | void VmaJsonWriter::ContinueString(const char* pStr)
C/C++:       |                                              ^
C/C++: D:/Foundation-SM64/Android/app/.cxx/Debug/592n6c1o/arm64-v8a/_deps/vulkanmemoryallocator-src/include/vk_mem_alloc.h:5920:46: note: insert '_Nullable' if the pointer may be null
C/C++:  5920 | void VmaJsonWriter::ContinueString(const char* pStr)
C/C++:       |                                              ^
C/C++:       |                                                _Nullable
C/C++: D:/Foundation-SM64/Android/app/.cxx/Debug/592n6c1o/arm64-v8a/_deps/vulkanmemoryallocator-src/include/vk_mem_alloc.h:5920:46: note: insert '_Nonnull' if the pointer should never be null
C/C++:  5920 | void VmaJsonWriter::ContinueString(const char* pStr)
C/C++:       |                                              ^
C/C++:       |                                                _Nonnull
C/C++: D:/Foundation-SM64/Android/app/.cxx/Debug/592n6c1o/arm64-v8a/_deps/vulkanmemoryallocator-src/include/vk_mem_alloc.h:5975:54: warning: pointer is missing a nullability type specifier (_Nonnull, _Nullable, or _Null_unspecified) [-Wnullability-completeness]
C/C++:  5975 | void VmaJsonWriter::ContinueString_Pointer(const void* ptr)
C/C++:       |                                                      ^
C/C++: D:/Foundation-SM64/Android/app/.cxx/Debug/592n6c1o/arm64-v8a/_deps/vulkanmemoryallocator-src/include/vk_mem_alloc.h:5975:54: note: insert '_Nullable' if the pointer may be null
C/C++:  5975 | void VmaJsonWriter::ContinueString_Pointer(const void* ptr)
C/C++:       |                                                      ^
C/C++:       |                                                        _Nullable
C/C++: D:/Foundation-SM64/Android/app/.cxx/Debug/592n6c1o/arm64-v8a/_deps/vulkanmemoryallocator-src/include/vk_mem_alloc.h:5975:54: note: insert '_Nonnull' if the pointer should never be null
C/C++:  5975 | void VmaJsonWriter::ContinueString_Pointer(const void* ptr)
C/C++:       |                                                      ^
C/C++:       |                                                        _Nonnull
C/C++: D:/Foundation-SM64/Android/app/.cxx/Debug/592n6c1o/arm64-v8a/_deps/vulkanmemoryallocator-src/include/vk_mem_alloc.h:5981:41: warning: pointer is missing a nullability type specifier (_Nonnull, _Nullable, or _Null_unspecified) [-Wnullability-completeness]
C/C++:  5981 | void VmaJsonWriter::EndString(const char* pStr)
C/C++:       |                                         ^
C/C++: D:/Foundation-SM64/Android/app/.cxx/Debug/592n6c1o/arm64-v8a/_deps/vulkanmemoryallocator-src/include/vk_mem_alloc.h:5981:41: note: insert '_Nullable' if the pointer may be null
C/C++:  5981 | void VmaJsonWriter::EndString(const char* pStr)
C/C++:       |                                         ^
C/C++:       |                                           _Nullable
C/C++: D:/Foundation-SM64/Android/app/.cxx/Debug/592n6c1o/arm64-v8a/_deps/vulkanmemoryallocator-src/include/vk_mem_alloc.h:5981:41: note: insert '_Nonnull' if the pointer should never be null
C/C++:  5981 | void VmaJsonWriter::EndString(const char* pStr)
C/C++:       |                                         ^
C/C++:       |                                           _Nonnull
C/C++: D:/Foundation-SM64/Android/app/.cxx/Debug/592n6c1o/arm64-v8a/_deps/vulkanmemoryallocator-src/include/vk_mem_alloc.h:6273:9: warning: pointer is missing a nullability type specifier (_Nonnull, _Nullable, or _Null_unspecified) [-Wnullability-completeness]
C/C++:  6273 |     void* placeholder = VMA_NULL;
C/C++:       |         ^
C/C++: D:/Foundation-SM64/Android/app/.cxx/Debug/592n6c1o/arm64-v8a/_deps/vulkanmemoryallocator-src/include/vk_mem_alloc.h:6273:9: note: insert '_Nullable' if the pointer may be null
C/C++:  6273 |     void* placeholder = VMA_NULL;
C/C++:       |         ^
C/C++:       |           _Nullable
C/C++: D:/Foundation-SM64/Android/app/.cxx/Debug/592n6c1o/arm64-v8a/_deps/vulkanmemoryallocator-src/include/vk_mem_alloc.h:6273:9: note: insert '_Nonnull' if the pointer should never be null
C/C++:  6273 |     void* placeholder = VMA_NULL;
C/C++:       |         ^
C/C++:       |           _Nonnull
C/C++: D:/Foundation-SM64/Android/app/.cxx/Debug/592n6c1o/arm64-v8a/_deps/vulkanmemoryallocator-src/include/vk_mem_alloc.h:6292:21: warning: pointer is missing a nullability type specifier (_Nonnull, _Nullable, or _Null_unspecified) [-Wnullability-completeness]
C/C++:  6292 |     VmaBlockMetadata* m_pMetadata;
C/C++:       |                     ^
C/C++: D:/Foundation-SM64/Android/app/.cxx/Debug/592n6c1o/arm64-v8a/_deps/vulkanmemoryallocator-src/include/vk_mem_alloc.h:6292:21: note: insert '_Nullable' if the pointer may be null
C/C++:  6292 |     VmaBlockMetadata* m_pMetadata;
C/C++:       |                     ^
C/C++:       |                       _Nullable
C/C++: D:/Foundation-SM64/Android/app/.cxx/Debug/592n6c1o/arm64-v8a/_deps/vulkanmemoryallocator-src/include/vk_mem_alloc.h:6292:21: note: insert '_Nonnull' if the pointer should never be null
C/C++:  6292 |     VmaBlockMetadata* m_pMetadata;
C/C++:       |                     ^
C/C++:       |                       _Nonnull
C/C++: D:/Foundation-SM64/Android/app/.cxx/Debug/592n6c1o/arm64-v8a/_deps/vulkanmemoryallocator-src/include/vk_mem_alloc.h:6294:35: warning: pointer is missing a nullability type specifier (_Nonnull, _Nullable, or _Null_unspecified) [-Wnullability-completeness]
C/C++:  6294 |     explicit VmaDeviceMemoryBlock(VmaAllocator hAllocator);
C/C++:       |                                   ^
C/C++: D:/Foundation-SM64/Android/app/.cxx/Debug/592n6c1o/arm64-v8a/_deps/vulkanmemoryallocator-src/include/vk_mem_alloc.h:6294:35: note: insert '_Nullable' if the pointer may be null
C/C++:  6294 |     explicit VmaDeviceMemoryBlock(VmaAllocator hAllocator);
C/C++:       |                                   ^
C/C++:       |                                                _Nullable
C/C++: D:/Foundation-SM64/Android/app/.cxx/Debug/592n6c1o/arm64-v8a/_deps/vulkanmemoryallocator-src/include/vk_mem_alloc.h:6294:35: note: insert '_Nonnull' if the pointer should never be null
C/C++:  6294 |     explicit VmaDeviceMemoryBlock(VmaAllocator hAllocator);
C/C++:       |                                   ^
C/C++:       |                                                _Nonnull
C/C++: D:/Foundation-SM64/Android/app/.cxx/Debug/592n6c1o/arm64-v8a/_deps/vulkanmemoryallocator-src/include/vk_mem_alloc.h:6299:9: warning: pointer is missing a nullability type specifier (_Nonnull, _Nullable, or _Null_unspecified) [-Wnullability-completeness]
C/C++:  6299 |         VmaAllocator hAllocator,
C/C++:       |         ^
C/C++: D:/Foundation-SM64/Android/app/.cxx/Debug/592n6c1o/arm64-v8a/_deps/vulkanmemoryallocator-src/include/vk_mem_alloc.h:6299:9: note: insert '_Nullable' if the pointer may be null
C/C++:  6299 |         VmaAllocator hAllocator,
C/C++:       |         ^
C/C++:       |                      _Nullable
C/C++: D:/Foundation-SM64/Android/app/.cxx/Debug/592n6c1o/arm64-v8a/_deps/vulkanmemoryallocator-src/include/vk_mem_alloc.h:6299:9: note: insert '_Nonnull' if the pointer should never be null
C/C++:  6299 |         VmaAllocator hAllocator,
C/C++:       |         ^
C/C++:       |                      _Nonnull
C/C++: D:/Foundation-SM64/Android/app/.cxx/Debug/592n6c1o/arm64-v8a/_deps/vulkanmemoryallocator-src/include/vk_mem_alloc.h:6300:9: warning: pointer is missing a nullability type specifier (_Nonnull, _Nullable, or _Null_unspecified) [-Wnullability-completeness]
C/C++:  6300 |         VmaPool hParentPool,
C/C++:       |         ^
C/C++: D:/Foundation-SM64/Android/app/.cxx/Debug/592n6c1o/arm64-v8a/_deps/vulkanmemoryallocator-src/include/vk_mem_alloc.h:6300:9: note: insert '_Nullable' if the pointer may be null
C/C++:  6300 |         VmaPool hParentPool,
C/C++:       |         ^
C/C++:       |                 _Nullable
C/C++: D:/Foundation-SM64/Android/app/.cxx/Debug/592n6c1o/arm64-v8a/_deps/vulkanmemoryallocator-src/include/vk_mem_alloc.h:6300:9: note: insert '_Nonnull' if the pointer should never be null
C/C++:  6300 |         VmaPool hParentPool,
C/C++:       |         ^
C/C++:       |                 _Nonnull
C/C++: D:/Foundation-SM64/Android/app/.cxx/Debug/592n6c1o/arm64-v8a/_deps/vulkanmemoryallocator-src/include/vk_mem_alloc.h:6302:9: warning: pointer is missing a nullability type specifier (_Nonnull, _Nullable, or _Null_unspecified) [-Wnullability-completeness]
C/C++:  6302 |         VkDeviceMemory newMemory,
C/C++:       |         ^
C/C++: D:/Foundation-SM64/Android/app/.cxx/Debug/592n6c1o/arm64-v8a/_deps/vulkanmemoryallocator-src/include/vk_mem_alloc.h:6302:9: note: insert '_Nullable' if the pointer may be null
C/C++:  6302 |         VkDeviceMemory newMemory,
C/C++:       |         ^
C/C++:       |                        _Nullable
C/C++: D:/Foundation-SM64/Android/app/.cxx/Debug/592n6c1o/arm64-v8a/_deps/vulkanmemoryallocator-src/include/vk_mem_alloc.h:6302:9: note: insert '_Nonnull' if the pointer should never be null
C/C++:  6302 |         VkDeviceMemory newMemory,
C/C++:       |         ^
C/C++:       |                        _Nonnull
C/C++: D:/Foundation-SM64/Android/app/.cxx/Debug/592n6c1o/arm64-v8a/_deps/vulkanmemoryallocator-src/include/vk_mem_alloc.h:6308:18: warning: pointer is missing a nullability type specifier (_Nonnull, _Nullable, or _Null_unspecified) [-Wnullability-completeness]
C/C++:  6308 |     void Destroy(VmaAllocator allocator);
C/C++:       |                  ^
C/C++: D:/Foundation-SM64/Android/app/.cxx/Debug/592n6c1o/arm64-v8a/_deps/vulkanmemoryallocator-src/include/vk_mem_alloc.h:6308:18: note: insert '_Nullable' if the pointer may be null
C/C++:  6308 |     void Destroy(VmaAllocator allocator);
C/C++:       |                  ^
C/C++:       |                               _Nullable
C/C++: D:/Foundation-SM64/Android/app/.cxx/Debug/592n6c1o/arm64-v8a/_deps/vulkanmemoryallocator-src/include/vk_mem_alloc.h:6308:18: note: insert '_Nonnull' if the pointer should never be null
C/C++:  6308 |     void Destroy(VmaAllocator allocator);
C/C++:       |                  ^
C/C++:       |                               _Nonnull
C/C++: D:/Foundation-SM64/Android/app/.cxx/Debug/592n6c1o/arm64-v8a/_deps/vulkanmemoryallocator-src/include/vk_mem_alloc.h:6310:5: warning: pointer is missing a nullability type specifier (_Nonnull, _Nullable, or _Null_unspecified) [-Wnullability-completeness]
C/C++:  6310 |     VmaPool GetParentPool() const { return m_hParentPool; }
C/C++:       |     ^
C/C++: D:/Foundation-SM64/Android/app/.cxx/Debug/592n6c1o/arm64-v8a/_deps/vulkanmemoryallocator-src/include/vk_mem_alloc.h:6310:5: note: insert '_Nullable' if the pointer may be null
C/C++:  6310 |     VmaPool GetParentPool() const { return m_hParentPool; }
C/C++:       |     ^
C/C++:       |             _Nullable
C/C++: D:/Foundation-SM64/Android/app/.cxx/Debug/592n6c1o/arm64-v8a/_deps/vulkanmemoryallocator-src/include/vk_mem_alloc.h:6310:5: note: insert '_Nonnull' if the pointer should never be null
C/C++:  6310 |     VmaPool GetParentPool() const { return m_hParentPool; }
C/C++:       |     ^
C/C++:       |             _Nonnull
C/C++: D:/Foundation-SM64/Android/app/.cxx/Debug/592n6c1o/arm64-v8a/_deps/vulkanmemoryallocator-src/include/vk_mem_alloc.h:6311:5: warning: pointer is missing a nullability type specifier (_Nonnull, _Nullable, or _Null_unspecified) [-Wnullability-completeness]
C/C++:  6311 |     VkDeviceMemory GetDeviceMemory() const { return m_hMemory; }
C/C++:       |     ^
C/C++: D:/Foundation-SM64/Android/app/.cxx/Debug/592n6c1o/arm64-v8a/_deps/vulkanmemoryallocator-src/include/vk_mem_alloc.h:6311:5: note: insert '_Nullable' if the pointer may be null
C/C++:  6311 |     VkDeviceMemory GetDeviceMemory() const { return m_hMemory; }
C/C++:       |     ^
C/C++:       |                    _Nullable
C/C++: D:/Foundation-SM64/Android/app/.cxx/Debug/592n6c1o/arm64-v8a/_deps/vulkanmemoryallocator-src/include/vk_mem_alloc.h:6311:5: note: insert '_Nonnull' if the pointer should never be null
C/C++:  6311 |     VkDeviceMemory GetDeviceMemory() const { return m_hMemory; }
C/C++:       |     ^
C/C++:       |                    _Nonnull
C/C++: D:/Foundation-SM64/Android/app/.cxx/Debug/592n6c1o/arm64-v8a/_deps/vulkanmemoryallocator-src/include/vk_mem_alloc.h:6314:9: warning: pointer is missing a nullability type specifier (_Nonnull, _Nullable, or _Null_unspecified) [-Wnullability-completeness]
C/C++:  6314 |     void* GetMappedData() const { return m_pMappedData; }
C/C++:       |         ^
C/C++: D:/Foundation-SM64/Android/app/.cxx/Debug/592n6c1o/arm64-v8a/_deps/vulkanmemoryallocator-src/include/vk_mem_alloc.h:6314:9: note: insert '_Nullable' if the pointer may be null
C/C++:  6314 |     void* GetMappedData() const { return m_pMappedData; }
C/C++:       |         ^
C/C++:       |           _Nullable
C/C++: D:/Foundation-SM64/Android/app/.cxx/Debug/592n6c1o/arm64-v8a/_deps/vulkanmemoryallocator-src/include/vk_mem_alloc.h:6314:9: note: insert '_Nonnull' if the pointer should never be null
C/C++:  6314 |     void* GetMappedData() const { return m_pMappedData; }
C/C++:       |         ^
C/C++:       |           _Nonnull
C/C++: D:/Foundation-SM64/Android/app/.cxx/Debug/592n6c1o/arm64-v8a/_deps/vulkanmemoryallocator-src/include/vk_mem_alloc.h:6319:20: warning: pointer is missing a nullability type specifier (_Nonnull, _Nullable, or _Null_unspecified) [-Wnullability-completeness]
C/C++:  6319 |     void PostAlloc(VmaAllocator hAllocator);
C/C++:       |                    ^
C/C++: D:/Foundation-SM64/Android/app/.cxx/Debug/592n6c1o/arm64-v8a/_deps/vulkanmemoryallocator-src/include/vk_mem_alloc.h:6319:20: note: insert '_Nullable' if the pointer may be null
C/C++:  6319 |     void PostAlloc(VmaAllocator hAllocator);
C/C++:       |                    ^
C/C++:       |                                 _Nullable
C/C++: D:/Foundation-SM64/Android/app/.cxx/Debug/592n6c1o/arm64-v8a/_deps/vulkanmemoryallocator-src/include/vk_mem_alloc.h:6319:20: note: insert '_Nonnull' if the pointer should never be null
C/C++:  6319 |     void PostAlloc(VmaAllocator hAllocator);
C/C++:       |                    ^
C/C++:       |                                 _Nonnull
C/C++: D:/Foundation-SM64/Android/app/.cxx/Debug/592n6c1o/arm64-v8a/_deps/vulkanmemoryallocator-src/include/vk_mem_alloc.h:6320:19: warning: pointer is missing a nullability type specifier (_Nonnull, _Nullable, or _Null_unspecified) [-Wnullability-completeness]
C/C++:  6320 |     void PostFree(VmaAllocator hAllocator);
C/C++:       |                   ^
C/C++: D:/Foundation-SM64/Android/app/.cxx/Debug/592n6c1o/arm64-v8a/_deps/vulkanmemoryallocator-src/include/vk_mem_alloc.h:6320:19: note: insert '_Nullable' if the pointer may be null
C/C++:  6320 |     void PostFree(VmaAllocator hAllocator);
C/C++:       |                   ^
C/C++:       |                                _Nullable
C/C++: D:/Foundation-SM64/Android/app/.cxx/Debug/592n6c1o/arm64-v8a/_deps/vulkanmemoryallocator-src/include/vk_mem_alloc.h:6320:19: note: insert '_Nonnull' if the pointer should never be null
C/C++:  6320 |     void PostFree(VmaAllocator hAllocator);
C/C++:       |                   ^
C/C++:       |                                _Nonnull
C/C++: D:/Foundation-SM64/Android/app/.cxx/Debug/592n6c1o/arm64-v8a/_deps/vulkanmemoryallocator-src/include/vk_mem_alloc.h:6324:30: warning: pointer is missing a nullability type specifier (_Nonnull, _Nullable, or _Null_unspecified) [-Wnullability-completeness]
C/C++:  6324 |     VkResult CheckCorruption(VmaAllocator hAllocator);
C/C++:       |                              ^
C/C++: D:/Foundation-SM64/Android/app/.cxx/Debug/592n6c1o/arm64-v8a/_deps/vulkanmemoryallocator-src/include/vk_mem_alloc.h:6324:30: note: insert '_Nullable' if the pointer may be null
C/C++:  6324 |     VkResult CheckCorruption(VmaAllocator hAllocator);
C/C++:       |                              ^
C/C++:       |                                           _Nullable
C/C++: D:/Foundation-SM64/Android/app/.cxx/Debug/592n6c1o/arm64-v8a/_deps/vulkanmemoryallocator-src/include/vk_mem_alloc.h:6324:30: note: insert '_Nonnull' if the pointer should never be null
C/C++:  6324 |     VkResult CheckCorruption(VmaAllocator hAllocator);
C/C++:       |                              ^
C/C++:       |                                           _Nonnull
C/C++: D:/Foundation-SM64/Android/app/.cxx/Debug/592n6c1o/arm64-v8a/_deps/vulkanmemoryallocator-src/include/vk_mem_alloc.h:6327:18: warning: pointer is missing a nullability type specifier (_Nonnull, _Nullable, or _Null_unspecified) [-Wnullability-completeness]
C/C++:  6327 |     VkResult Map(VmaAllocator hAllocator, uint32_t count, void** ppData);
C/C++:       |                  ^
C/C++: D:/Foundation-SM64/Android/app/.cxx/Debug/592n6c1o/arm64-v8a/_deps/vulkanmemoryallocator-src/include/vk_mem_alloc.h:6327:18: note: insert '_Nullable' if the pointer may be null
C/C++:  6327 |     VkResult Map(VmaAllocator hAllocator, uint32_t count, void** ppData);
C/C++:       |                  ^
C/C++:       |                               _Nullable
C/C++: D:/Foundation-SM64/Android/app/.cxx/Debug/592n6c1o/arm64-v8a/_deps/vulkanmemoryallocator-src/include/vk_mem_alloc.h:6327:18: note: insert '_Nonnull' if the pointer should never be null
C/C++:  6327 |     VkResult Map(VmaAllocator hAllocator, uint32_t count, void** ppData);
C/C++:       |                  ^
C/C++:       |                               _Nonnull
C/C++: D:/Foundation-SM64/Android/app/.cxx/Debug/592n6c1o/arm64-v8a/_deps/vulkanmemoryallocator-src/include/vk_mem_alloc.h:6327:63: warning: pointer is missing a nullability type specifier (_Nonnull, _Nullable, or _Null_unspecified) [-Wnullability-completeness]
C/C++:  6327 |     VkResult Map(VmaAllocator hAllocator, uint32_t count, void** ppData);
C/C++:       |                                                               ^
C/C++: D:/Foundation-SM64/Android/app/.cxx/Debug/592n6c1o/arm64-v8a/_deps/vulkanmemoryallocator-src/include/vk_mem_alloc.h:6327:63: note: insert '_Nullable' if the pointer may be null
C/C++:  6327 |     VkResult Map(VmaAllocator hAllocator, uint32_t count, void** ppData);
C/C++:       |                                                               ^
C/C++:       |                                                                _Nullable
C/C++: D:/Foundation-SM64/Android/app/.cxx/Debug/592n6c1o/arm64-v8a/_deps/vulkanmemoryallocator-src/include/vk_mem_alloc.h:6327:63: note: insert '_Nonnull' if the pointer should never be null
C/C++:  6327 |     VkResult Map(VmaAllocator hAllocator, uint32_t count, void** ppData);
C/C++:       |                                                               ^
C/C++:       |                                                                _Nonnull
C/C++: D:/Foundation-SM64/Android/app/.cxx/Debug/592n6c1o/arm64-v8a/_deps/vulkanmemoryallocator-src/include/vk_mem_alloc.h:6327:64: warning: pointer is missing a nullability type specifier (_Nonnull, _Nullable, or _Null_unspecified) [-Wnullability-completeness]
C/C++:  6327 |     VkResult Map(VmaAllocator hAllocator, uint32_t count, void** ppData);
C/C++:       |                                                                ^
C/C++: D:/Foundation-SM64/Android/app/.cxx/Debug/592n6c1o/arm64-v8a/_deps/vulkanmemoryallocator-src/include/vk_mem_alloc.h:6327:64: note: insert '_Nullable' if the pointer may be null
C/C++:  6327 |     VkResult Map(VmaAllocator hAllocator, uint32_t count, void** ppData);
C/C++:       |                                                                ^
C/C++:       |                                                                  _Nullable
C/C++: D:/Foundation-SM64/Android/app/.cxx/Debug/592n6c1o/arm64-v8a/_deps/vulkanmemoryallocator-src/include/vk_mem_alloc.h:6327:64: note: insert '_Nonnull' if the pointer should never be null
C/C++:  6327 |     VkResult Map(VmaAllocator hAllocator, uint32_t count, void** ppData);
C/C++:       |                                                                ^
C/C++:       |                                                                  _Nonnull
C/C++: D:/Foundation-SM64/Android/app/.cxx/Debug/592n6c1o/arm64-v8a/_deps/vulkanmemoryallocator-src/include/vk_mem_alloc.h:6328:16: warning: pointer is missing a nullability type specifier (_Nonnull, _Nullable, or _Null_unspecified) [-Wnullability-completeness]
C/C++:  6328 |     void Unmap(VmaAllocator hAllocator, uint32_t count);
C/C++:       |                ^
C/C++: D:/Foundation-SM64/Android/app/.cxx/Debug/592n6c1o/arm64-v8a/_deps/vulkanmemoryallocator-src/include/vk_mem_alloc.h:6328:16: note: insert '_Nullable' if the pointer may be null
C/C++:  6328 |     void Unmap(VmaAllocator hAllocator, uint32_t count);
C/C++:       |                ^
C/C++:       |                             _Nullable
C/C++: D:/Foundation-SM64/Android/app/.cxx/Debug/592n6c1o/arm64-v8a/_deps/vulkanmemoryallocator-src/include/vk_mem_alloc.h:6328:16: note: insert '_Nonnull' if the pointer should never be null
C/C++:  6328 |     void Unmap(VmaAllocator hAllocator, uint32_t count);
C/C++:       |                ^
C/C++:       |                             _Nonnull
C/C++: D:/Foundation-SM64/Android/app/.cxx/Debug/592n6c1o/arm64-v8a/_deps/vulkanmemoryallocator-src/include/vk_mem_alloc.h:6330:45: warning: pointer is missing a nullability type specifier (_Nonnull, _Nullable, or _Null_unspecified) [-Wnullability-completeness]
C/C++:  6330 |     VkResult WriteMagicValueAfterAllocation(VmaAllocator hAllocator, VkDeviceSize allocOffset, VkDeviceSize allocSize);
C/C++:       |                                             ^
C/C++: D:/Foundation-SM64/Android/app/.cxx/Debug/592n6c1o/arm64-v8a/_deps/vulkanmemoryallocator-src/include/vk_mem_alloc.h:6330:45: note: insert '_Nullable' if the pointer may be null
C/C++:  6330 |     VkResult WriteMagicValueAfterAllocation(VmaAllocator hAllocator, VkDeviceSize allocOffset, VkDeviceSize allocSize);
C/C++:       |                                             ^
C/C++:       |                                                          _Nullable
C/C++: D:/Foundation-SM64/Android/app/.cxx/Debug/592n6c1o/arm64-v8a/_deps/vulkanmemoryallocator-src/include/vk_mem_alloc.h:6330:45: note: insert '_Nonnull' if the pointer should never be null
C/C++:  6330 |     VkResult WriteMagicValueAfterAllocation(VmaAllocator hAllocator, VkDeviceSize allocOffset, VkDeviceSize allocSize);
C/C++:       |                                             ^
C/C++:       |                                                          _Nonnull
C/C++: D:/Foundation-SM64/Android/app/.cxx/Debug/592n6c1o/arm64-v8a/_deps/vulkanmemoryallocator-src/include/vk_mem_alloc.h:6331:48: warning: pointer is missing a nullability type specifier (_Nonnull, _Nullable, or _Null_unspecified) [-Wnullability-completeness]
C/C++:  6331 |     VkResult ValidateMagicValueAfterAllocation(VmaAllocator hAllocator, VkDeviceSize allocOffset, VkDeviceSize allocSize);
C/C++:       |                                                ^
C/C++: D:/Foundation-SM64/Android/app/.cxx/Debug/592n6c1o/arm64-v8a/_deps/vulkanmemoryallocator-src/include/vk_mem_alloc.h:6331:48: note: insert '_Nullable' if the pointer may be null
C/C++:  6331 |     VkResult ValidateMagicValueAfterAllocation(VmaAllocator hAllocator, VkDeviceSize allocOffset, VkDeviceSize allocSize);
C/C++:       |                                                ^
C/C++:       |                                                             _Nullable
C/C++: D:/Foundation-SM64/Android/app/.cxx/Debug/592n6c1o/arm64-v8a/_deps/vulkanmemoryallocator-src/include/vk_mem_alloc.h:6331:48: note: insert '_Nonnull' if the pointer should never be null
C/C++:  6331 |     VkResult ValidateMagicValueAfterAllocation(VmaAllocator hAllocator, VkDeviceSize allocOffset, VkDeviceSize allocSize);
C/C++:       |                                                ^
C/C++:       |                                                             _Nonnull
C/C++: D:/Foundation-SM64/Android/app/.cxx/Debug/592n6c1o/arm64-v8a/_deps/vulkanmemoryallocator-src/include/vk_mem_alloc.h:6334:9: warning: pointer is missing a nullability type specifier (_Nonnull, _Nullable, or _Null_unspecified) [-Wnullability-completeness]
C/C++:  6334 |         VmaAllocator hAllocator,
C/C++:       |         ^
C/C++: D:/Foundation-SM64/Android/app/.cxx/Debug/592n6c1o/arm64-v8a/_deps/vulkanmemoryallocator-src/include/vk_mem_alloc.h:6334:9: note: insert '_Nullable' if the pointer may be null
C/C++:  6334 |         VmaAllocator hAllocator,
C/C++:       |         ^
C/C++:       |                      _Nullable
C/C++: D:/Foundation-SM64/Android/app/.cxx/Debug/592n6c1o/arm64-v8a/_deps/vulkanmemoryallocator-src/include/vk_mem_alloc.h:6334:9: note: insert '_Nonnull' if the pointer should never be null
C/C++:  6334 |         VmaAllocator hAllocator,
C/C++:       |         ^
C/C++:       |                      _Nonnull
C/C++: D:/Foundation-SM64/Android/app/.cxx/Debug/592n6c1o/arm64-v8a/_deps/vulkanmemoryallocator-src/include/vk_mem_alloc.h:6335:9: warning: pointer is missing a nullability type specifier (_Nonnull, _Nullable, or _Null_unspecified) [-Wnullability-completeness]
C/C++:  6335 |         VmaAllocation hAllocation,
C/C++:       |         ^
C/C++: D:/Foundation-SM64/Android/app/.cxx/Debug/592n6c1o/arm64-v8a/_deps/vulkanmemoryallocator-src/include/vk_mem_alloc.h:6335:9: note: insert '_Nullable' if the pointer may be null
C/C++:  6335 |         VmaAllocation hAllocation,
C/C++:       |         ^
C/C++:       |                       _Nullable
C/C++: D:/Foundation-SM64/Android/app/.cxx/Debug/592n6c1o/arm64-v8a/_deps/vulkanmemoryallocator-src/include/vk_mem_alloc.h:6335:9: note: insert '_Nonnull' if the pointer should never be null
C/C++:  6335 |         VmaAllocation hAllocation,
C/C++:       |         ^
C/C++:       |                       _Nonnull
C/C++: D:/Foundation-SM64/Android/app/.cxx/Debug/592n6c1o/arm64-v8a/_deps/vulkanmemoryallocator-src/include/vk_mem_alloc.h:6337:9: warning: pointer is missing a nullability type specifier (_Nonnull, _Nullable, or _Null_unspecified) [-Wnullability-completeness]
C/C++:  6337 |         VkBuffer hBuffer,
C/C++:       |         ^
C/C++: D:/Foundation-SM64/Android/app/.cxx/Debug/592n6c1o/arm64-v8a/_deps/vulkanmemoryallocator-src/include/vk_mem_alloc.h:6337:9: note: insert '_Nullable' if the pointer may be null
C/C++:  6337 |         VkBuffer hBuffer,
C/C++:       |         ^
C/C++:       |                  _Nullable
C/C++: D:/Foundation-SM64/Android/app/.cxx/Debug/592n6c1o/arm64-v8a/_deps/vulkanmemoryallocator-src/include/vk_mem_alloc.h:6337:9: note: insert '_Nonnull' if the pointer should never be null
C/C++:  6337 |         VkBuffer hBuffer,
C/C++:       |         ^
C/C++:       |                  _Nonnull
C/C++: D:/Foundation-SM64/Android/app/.cxx/Debug/592n6c1o/arm64-v8a/_deps/vulkanmemoryallocator-src/include/vk_mem_alloc.h:6338:19: warning: pointer is missing a nullability type specifier (_Nonnull, _Nullable, or _Null_unspecified) [-Wnullability-completeness]
C/C++:  6338 |         const void* pNext);
C/C++:       |                   ^
C/C++: D:/Foundation-SM64/Android/app/.cxx/Debug/592n6c1o/arm64-v8a/_deps/vulkanmemoryallocator-src/include/vk_mem_alloc.h:6338:19: note: insert '_Nullable' if the pointer may be null
C/C++:  6338 |         const void* pNext);
C/C++:       |                   ^
C/C++:       |                     _Nullable
C/C++: D:/Foundation-SM64/Android/app/.cxx/Debug/592n6c1o/arm64-v8a/_deps/vulkanmemoryallocator-src/include/vk_mem_alloc.h:6338:19: note: insert '_Nonnull' if the pointer should never be null
C/C++:  6338 |         const void* pNext);
C/C++:       |                   ^
C/C++:       |                     _Nonnull
C/C++: D:/Foundation-SM64/Android/app/.cxx/Debug/592n6c1o/arm64-v8a/_deps/vulkanmemoryallocator-src/include/vk_mem_alloc.h:6340:9: warning: pointer is missing a nullability type specifier (_Nonnull, _Nullable, or _Null_unspecified) [-Wnullability-completeness]
C/C++:  6340 |         VmaAllocator hAllocator,
C/C++:       |         ^
C/C++: D:/Foundation-SM64/Android/app/.cxx/Debug/592n6c1o/arm64-v8a/_deps/vulkanmemoryallocator-src/include/vk_mem_alloc.h:6340:9: note: insert '_Nullable' if the pointer may be null
C/C++:  6340 |         VmaAllocator hAllocator,
C/C++:       |         ^
C/C++:       |                      _Nullable
C/C++: D:/Foundation-SM64/Android/app/.cxx/Debug/592n6c1o/arm64-v8a/_deps/vulkanmemoryallocator-src/include/vk_mem_alloc.h:6340:9: note: insert '_Nonnull' if the pointer should never be null
C/C++:  6340 |         VmaAllocator hAllocator,
C/C++:       |         ^
C/C++:       |                      _Nonnull
C/C++: D:/Foundation-SM64/Android/app/.cxx/Debug/592n6c1o/arm64-v8a/_deps/vulkanmemoryallocator-src/include/vk_mem_alloc.h:6341:9: warning: pointer is missing a nullability type specifier (_Nonnull, _Nullable, or _Null_unspecified) [-Wnullability-completeness]
C/C++:  6341 |         VmaAllocation hAllocation,
C/C++:       |         ^
C/C++: D:/Foundation-SM64/Android/app/.cxx/Debug/592n6c1o/arm64-v8a/_deps/vulkanmemoryallocator-src/include/vk_mem_alloc.h:6341:9: note: insert '_Nullable' if the pointer may be null
C/C++:  6341 |         VmaAllocation hAllocation,
C/C++:       |         ^
C/C++:       |                       _Nullable
C/C++: D:/Foundation-SM64/Android/app/.cxx/Debug/592n6c1o/arm64-v8a/_deps/vulkanmemoryallocator-src/include/vk_mem_alloc.h:6341:9: note: insert '_Nonnull' if the pointer should never be null
C/C++:  6341 |         VmaAllocation hAllocation,
C/C++:       |         ^
C/C++:       |                       _Nonnull
C/C++: D:/Foundation-SM64/Android/app/.cxx/Debug/592n6c1o/arm64-v8a/_deps/vulkanmemoryallocator-src/include/vk_mem_alloc.h:6343:9: warning: pointer is missing a nullability type specifier (_Nonnull, _Nullable, or _Null_unspecified) [-Wnullability-completeness]
C/C++:  6343 |         VkImage hImage,
C/C++:       |         ^
C/C++: D:/Foundation-SM64/Android/app/.cxx/Debug/592n6c1o/arm64-v8a/_deps/vulkanmemoryallocator-src/include/vk_mem_alloc.h:6343:9: note: insert '_Nullable' if the pointer may be null
C/C++:  6343 |         VkImage hImage,
C/C++:       |         ^
C/C++:       |                 _Nullable
C/C++: D:/Foundation-SM64/Android/app/.cxx/Debug/592n6c1o/arm64-v8a/_deps/vulkanmemoryallocator-src/include/vk_mem_alloc.h:6343:9: note: insert '_Nonnull' if the pointer should never be null
C/C++:  6343 |         VkImage hImage,
C/C++:       |         ^
C/C++:       |                 _Nonnull
C/C++: D:/Foundation-SM64/Android/app/.cxx/Debug/592n6c1o/arm64-v8a/_deps/vulkanmemoryallocator-src/include/vk_mem_alloc.h:6344:19: warning: pointer is missing a nullability type specifier (_Nonnull, _Nullable, or _Null_unspecified) [-Wnullability-completeness]
C/C++:  6344 |         const void* pNext);
C/C++:       |                   ^
C/C++: D:/Foundation-SM64/Android/app/.cxx/Debug/592n6c1o/arm64-v8a/_deps/vulkanmemoryallocator-src/include/vk_mem_alloc.h:6344:19: note: insert '_Nullable' if the pointer may be null
C/C++:  6344 |         const void* pNext);
C/C++:       |                   ^
C/C++:       |                     _Nullable
C/C++: D:/Foundation-SM64/Android/app/.cxx/Debug/592n6c1o/arm64-v8a/_deps/vulkanmemoryallocator-src/include/vk_mem_alloc.h:6344:19: note: insert '_Nonnull' if the pointer should never be null
C/C++:  6344 |         const void* pNext);
C/C++:       |                   ^
C/C++:       |                     _Nonnull
C/C++: D:/Foundation-SM64/Android/app/.cxx/Debug/592n6c1o/arm64-v8a/_deps/vulkanmemoryallocator-src/include/vk_mem_alloc.h:6353:5: warning: pointer is missing a nullability type specifier (_Nonnull, _Nullable, or _Null_unspecified) [-Wnullability-completeness]
C/C++:  6353 |     VmaPool m_hParentPool; // VK_NULL_HANDLE if not belongs to custom pool.
C/C++:       |     ^
C/C++: D:/Foundation-SM64/Android/app/.cxx/Debug/592n6c1o/arm64-v8a/_deps/vulkanmemoryallocator-src/include/vk_mem_alloc.h:6353:5: note: insert '_Nullable' if the pointer may be null
C/C++:  6353 |     VmaPool m_hParentPool; // VK_NULL_HANDLE if not belongs to custom pool.
C/C++:       |     ^
C/C++:       |             _Nullable
C/C++: D:/Foundation-SM64/Android/app/.cxx/Debug/592n6c1o/arm64-v8a/_deps/vulkanmemoryallocator-src/include/vk_mem_alloc.h:6353:5: note: insert '_Nonnull' if the pointer should never be null
C/C++:  6353 |     VmaPool m_hParentPool; // VK_NULL_HANDLE if not belongs to custom pool.
C/C++:       |     ^
C/C++:       |             _Nonnull
C/C++: D:/Foundation-SM64/Android/app/.cxx/Debug/592n6c1o/arm64-v8a/_deps/vulkanmemoryallocator-src/include/vk_mem_alloc.h:6356:5: warning: pointer is missing a nullability type specifier (_Nonnull, _Nullable, or _Null_unspecified) [-Wnullability-completeness]
C/C++:  6356 |     VkDeviceMemory m_hMemory;
C/C++:       |     ^
C/C++: D:/Foundation-SM64/Android/app/.cxx/Debug/592n6c1o/arm64-v8a/_deps/vulkanmemoryallocator-src/include/vk_mem_alloc.h:6356:5: note: insert '_Nullable' if the pointer may be null
C/C++:  6356 |     VkDeviceMemory m_hMemory;
C/C++:       |     ^
C/C++:       |                    _Nullable
C/C++: D:/Foundation-SM64/Android/app/.cxx/Debug/592n6c1o/arm64-v8a/_deps/vulkanmemoryallocator-src/include/vk_mem_alloc.h:6356:5: note: insert '_Nonnull' if the pointer should never be null
C/C++:  6356 |     VkDeviceMemory m_hMemory;
C/C++:       |     ^
C/C++:       |                    _Nonnull
C/C++: D:/Foundation-SM64/Android/app/.cxx/Debug/592n6c1o/arm64-v8a/_deps/vulkanmemoryallocator-src/include/vk_mem_alloc.h:6366:9: warning: pointer is missing a nullability type specifier (_Nonnull, _Nullable, or _Null_unspecified) [-Wnullability-completeness]
C/C++:  6366 |     void* m_pMappedData;
C/C++:       |         ^
C/C++: D:/Foundation-SM64/Android/app/.cxx/Debug/592n6c1o/arm64-v8a/_deps/vulkanmemoryallocator-src/include/vk_mem_alloc.h:6366:9: note: insert '_Nullable' if the pointer may be null
C/C++:  6366 |     void* m_pMappedData;
C/C++:       |         ^
C/C++:       |           _Nullable
C/C++: D:/Foundation-SM64/Android/app/.cxx/Debug/592n6c1o/arm64-v8a/_deps/vulkanmemoryallocator-src/include/vk_mem_alloc.h:6366:9: note: insert '_Nonnull' if the pointer should never be null
C/C++:  6366 |     void* m_pMappedData;
C/C++:       |         ^
C/C++:       |           _Nonnull
C/C++: D:/Foundation-SM64/Android/app/.cxx/Debug/592n6c1o/arm64-v8a/_deps/vulkanmemoryallocator-src/include/vk_mem_alloc.h:6375:9: warning: pointer is missing a nullability type specifier (_Nonnull, _Nullable, or _Null_unspecified) [-Wnullability-completeness]
C/C++:  6375 |     void* m_pMappedData = VMA_NULL; // Not null means memory is mapped.
C/C++:       |         ^
C/C++: D:/Foundation-SM64/Android/app/.cxx/Debug/592n6c1o/arm64-v8a/_deps/vulkanmemoryallocator-src/include/vk_mem_alloc.h:6375:9: note: insert '_Nullable' if the pointer may be null
C/C++:  6375 |     void* m_pMappedData = VMA_NULL; // Not null means memory is mapped.
C/C++:       |         ^
C/C++:       |           _Nullable
C/C++: D:/Foundation-SM64/Android/app/.cxx/Debug/592n6c1o/arm64-v8a/_deps/vulkanmemoryallocator-src/include/vk_mem_alloc.h:6375:9: note: insert '_Nonnull' if the pointer should never be null
C/C++:  6375 |     void* m_pMappedData = VMA_NULL; // Not null means memory is mapped.
C/C++:       |         ^
C/C++:       |           _Nonnull
C/C++: D:/Foundation-SM64/Android/app/.cxx/Debug/592n6c1o/arm64-v8a/_deps/vulkanmemoryallocator-src/include/vk_mem_alloc.h:6402:29: warning: pointer is missing a nullability type specifier (_Nonnull, _Nullable, or _Null_unspecified) [-Wnullability-completeness]
C/C++:  6402 |         VmaDeviceMemoryBlock* block,
C/C++:       |                             ^
C/C++: D:/Foundation-SM64/Android/app/.cxx/Debug/592n6c1o/arm64-v8a/_deps/vulkanmemoryallocator-src/include/vk_mem_alloc.h:6402:29: note: insert '_Nullable' if the pointer may be null
C/C++:  6402 |         VmaDeviceMemoryBlock* block,
C/C++:       |                             ^
C/C++:       |                               _Nullable
C/C++: D:/Foundation-SM64/Android/app/.cxx/Debug/592n6c1o/arm64-v8a/_deps/vulkanmemoryallocator-src/include/vk_mem_alloc.h:6402:29: note: insert '_Nonnull' if the pointer should never be null
C/C++:  6402 |         VmaDeviceMemoryBlock* block,
C/C++:       |                             ^
C/C++:       |                               _Nonnull
C/C++: D:/Foundation-SM64/Android/app/.cxx/Debug/592n6c1o/arm64-v8a/_deps/vulkanmemoryallocator-src/include/vk_mem_alloc.h:6403:9: warning: pointer is missing a nullability type specifier (_Nonnull, _Nullable, or _Null_unspecified) [-Wnullability-completeness]
C/C++:  6403 |         VmaAllocHandle allocHandle,
C/C++:       |         ^
C/C++: D:/Foundation-SM64/Android/app/.cxx/Debug/592n6c1o/arm64-v8a/_deps/vulkanmemoryallocator-src/include/vk_mem_alloc.h:6403:9: note: insert '_Nullable' if the pointer may be null
C/C++:  6403 |         VmaAllocHandle allocHandle,
C/C++:       |         ^
C/C++:       |                        _Nullable
C/C++: D:/Foundation-SM64/Android/app/.cxx/Debug/592n6c1o/arm64-v8a/_deps/vulkanmemoryallocator-src/include/vk_mem_alloc.h:6403:9: note: insert '_Nonnull' if the pointer should never be null
C/C++:  6403 |         VmaAllocHandle allocHandle,
C/C++:       |         ^
C/C++:       |                        _Nonnull
C/C++: D:/Foundation-SM64/Android/app/.cxx/Debug/592n6c1o/arm64-v8a/_deps/vulkanmemoryallocator-src/include/vk_mem_alloc.h:6411:9: warning: pointer is missing a nullability type specifier (_Nonnull, _Nullable, or _Null_unspecified) [-Wnullability-completeness]
C/C++:  6411 |         VmaAllocator allocator,
C/C++:       |         ^
C/C++: D:/Foundation-SM64/Android/app/.cxx/Debug/592n6c1o/arm64-v8a/_deps/vulkanmemoryallocator-src/include/vk_mem_alloc.h:6411:9: note: insert '_Nullable' if the pointer may be null
C/C++:  6411 |         VmaAllocator allocator,
C/C++:       |         ^
C/C++:       |                      _Nullable
C/C++: D:/Foundation-SM64/Android/app/.cxx/Debug/592n6c1o/arm64-v8a/_deps/vulkanmemoryallocator-src/include/vk_mem_alloc.h:6411:9: note: insert '_Nonnull' if the pointer should never be null
C/C++:  6411 |         VmaAllocator allocator,
C/C++:       |         ^
C/C++:       |                      _Nonnull
C/C++: D:/Foundation-SM64/Android/app/.cxx/Debug/592n6c1o/arm64-v8a/_deps/vulkanmemoryallocator-src/include/vk_mem_alloc.h:6412:9: warning: pointer is missing a nullability type specifier (_Nonnull, _Nullable, or _Null_unspecified) [-Wnullability-completeness]
C/C++:  6412 |         VmaPool hParentPool,
C/C++:       |         ^
C/C++: D:/Foundation-SM64/Android/app/.cxx/Debug/592n6c1o/arm64-v8a/_deps/vulkanmemoryallocator-src/include/vk_mem_alloc.h:6412:9: note: insert '_Nullable' if the pointer may be null
C/C++:  6412 |         VmaPool hParentPool,
C/C++:       |         ^
C/C++:       |                 _Nullable
C/C++: D:/Foundation-SM64/Android/app/.cxx/Debug/592n6c1o/arm64-v8a/_deps/vulkanmemoryallocator-src/include/vk_mem_alloc.h:6412:9: note: insert '_Nonnull' if the pointer should never be null
C/C++:  6412 |         VmaPool hParentPool,
C/C++:       |         ^
C/C++:       |                 _Nonnull
C/C++: D:/Foundation-SM64/Android/app/.cxx/Debug/592n6c1o/arm64-v8a/_deps/vulkanmemoryallocator-src/include/vk_mem_alloc.h:6414:9: warning: pointer is missing a nullability type specifier (_Nonnull, _Nullable, or _Null_unspecified) [-Wnullability-completeness]
C/C++:  6414 |         VkDeviceMemory hMemory,
C/C++:       |         ^
C/C++: D:/Foundation-SM64/Android/app/.cxx/Debug/592n6c1o/arm64-v8a/_deps/vulkanmemoryallocator-src/include/vk_mem_alloc.h:6414:9: note: insert '_Nullable' if the pointer may be null
C/C++:  6414 |         VkDeviceMemory hMemory,
C/C++:       |         ^
C/C++:       |                        _Nullable
C/C++: D:/Foundation-SM64/Android/app/.cxx/Debug/592n6c1o/arm64-v8a/_deps/vulkanmemoryallocator-src/include/vk_mem_alloc.h:6414:9: note: insert '_Nonnull' if the pointer should never be null
C/C++:  6414 |         VkDeviceMemory hMemory,
C/C++:       |         ^
C/C++:       |                        _Nonnull
C/C++: D:/Foundation-SM64/Android/app/.cxx/Debug/592n6c1o/arm64-v8a/_deps/vulkanmemoryallocator-src/include/vk_mem_alloc.h:6416:13: warning: pointer is missing a nullability type specifier (_Nonnull, _Nullable, or _Null_unspecified) [-Wnullability-completeness]
C/C++:  6416 |         void* pMappedData,
C/C++:       |             ^
C/C++: D:/Foundation-SM64/Android/app/.cxx/Debug/592n6c1o/arm64-v8a/_deps/vulkanmemoryallocator-src/include/vk_mem_alloc.h:6416:13: note: insert '_Nullable' if the pointer may be null
C/C++:  6416 |         void* pMappedData,
C/C++:       |             ^
C/C++:       |               _Nullable
C/C++: D:/Foundation-SM64/Android/app/.cxx/Debug/592n6c1o/arm64-v8a/_deps/vulkanmemoryallocator-src/include/vk_mem_alloc.h:6416:13: note: insert '_Nonnull' if the pointer should never be null
C/C++:  6416 |         void* pMappedData,
C/C++:       |             ^
C/C++:       |               _Nonnull
C/C++: D:/Foundation-SM64/Android/app/.cxx/Debug/592n6c1o/arm64-v8a/_deps/vulkanmemoryallocator-src/include/vk_mem_alloc.h:6418:18: warning: pointer is missing a nullability type specifier (_Nonnull, _Nullable, or _Null_unspecified) [-Wnullability-completeness]
C/C++:  6418 |     void Destroy(VmaAllocator allocator);
C/C++:       |                  ^
C/C++: D:/Foundation-SM64/Android/app/.cxx/Debug/592n6c1o/arm64-v8a/_deps/vulkanmemoryallocator-src/include/vk_mem_alloc.h:6418:18: note: insert '_Nullable' if the pointer may be null
C/C++:  6418 |     void Destroy(VmaAllocator allocator);
C/C++:       |                  ^
C/C++:       |                               _Nullable
C/C++: D:/Foundation-SM64/Android/app/.cxx/Debug/592n6c1o/arm64-v8a/_deps/vulkanmemoryallocator-src/include/vk_mem_alloc.h:6418:18: note: insert '_Nonnull' if the pointer should never be null
C/C++:  6418 |     void Destroy(VmaAllocator allocator);
C/C++:       |                  ^
C/C++:       |                               _Nonnull
C/C++: D:/Foundation-SM64/Android/app/.cxx/Debug/592n6c1o/arm64-v8a/_deps/vulkanmemoryallocator-src/include/vk_mem_alloc.h:6423:9: warning: pointer is missing a nullability type specifier (_Nonnull, _Nullable, or _Null_unspecified) [-Wnullability-completeness]
C/C++:  6423 |     void* GetUserData() const { return m_pUserData; }
C/C++:       |         ^
C/C++: D:/Foundation-SM64/Android/app/.cxx/Debug/592n6c1o/arm64-v8a/_deps/vulkanmemoryallocator-src/include/vk_mem_alloc.h:6423:9: note: insert '_Nullable' if the pointer may be null
C/C++:  6423 |     void* GetUserData() const { return m_pUserData; }
C/C++:       |         ^
C/C++:       |           _Nullable
C/C++: D:/Foundation-SM64/Android/app/.cxx/Debug/592n6c1o/arm64-v8a/_deps/vulkanmemoryallocator-src/include/vk_mem_alloc.h:6423:9: note: insert '_Nonnull' if the pointer should never be null
C/C++:  6423 |     void* GetUserData() const { return m_pUserData; }
C/C++:       |         ^
C/C++:       |           _Nonnull
C/C++: D:/Foundation-SM64/Android/app/.cxx/Debug/592n6c1o/arm64-v8a/_deps/vulkanmemoryallocator-src/include/vk_mem_alloc.h:6424:15: warning: pointer is missing a nullability type specifier (_Nonnull, _Nullable, or _Null_unspecified) [-Wnullability-completeness]
C/C++:  6424 |     const char* GetName() const { return m_pName; }
C/C++:       |               ^
C/C++: D:/Foundation-SM64/Android/app/.cxx/Debug/592n6c1o/arm64-v8a/_deps/vulkanmemoryallocator-src/include/vk_mem_alloc.h:6424:15: note: insert '_Nullable' if the pointer may be null
C/C++:  6424 |     const char* GetName() const { return m_pName; }
C/C++:       |               ^
C/C++:       |                 _Nullable
C/C++: D:/Foundation-SM64/Android/app/.cxx/Debug/592n6c1o/arm64-v8a/_deps/vulkanmemoryallocator-src/include/vk_mem_alloc.h:6424:15: note: insert '_Nonnull' if the pointer should never be null
C/C++:  6424 |     const char* GetName() const { return m_pName; }
C/C++:       |               ^
C/C++:       |                 _Nonnull
C/C++: D:/Foundation-SM64/Android/app/.cxx/Debug/592n6c1o/arm64-v8a/_deps/vulkanmemoryallocator-src/include/vk_mem_alloc.h:6427:25: warning: pointer is missing a nullability type specifier (_Nonnull, _Nullable, or _Null_unspecified) [-Wnullability-completeness]
C/C++:  6427 |     VmaDeviceMemoryBlock* GetBlock() const { VMA_ASSERT(m_Type == ALLOCATION_TYPE_BLOCK); return m_BlockAllocation.m_Block; }
C/C++:       |                         ^
C/C++: D:/Foundation-SM64/Android/app/.cxx/Debug/592n6c1o/arm64-v8a/_deps/vulkanmemoryallocator-src/include/vk_mem_alloc.h:6427:25: note: insert '_Nullable' if the pointer may be null
C/C++:  6427 |     VmaDeviceMemoryBlock* GetBlock() const { VMA_ASSERT(m_Type == ALLOCATION_TYPE_BLOCK); return m_BlockAllocation.m_Block; }
C/C++:       |                         ^
C/C++:       |                           _Nullable
C/C++: D:/Foundation-SM64/Android/app/.cxx/Debug/592n6c1o/arm64-v8a/_deps/vulkanmemoryallocator-src/include/vk_mem_alloc.h:6427:25: note: insert '_Nonnull' if the pointer should never be null
C/C++:  6427 |     VmaDeviceMemoryBlock* GetBlock() const { VMA_ASSERT(m_Type == ALLOCATION_TYPE_BLOCK); return m_BlockAllocation.m_Block; }
C/C++:       |                         ^
C/C++:       |                           _Nonnull
C/C++: D:/Foundation-SM64/Android/app/.cxx/Debug/592n6c1o/arm64-v8a/_deps/vulkanmemoryallocator-src/include/vk_mem_alloc.h:6432:22: warning: pointer is missing a nullability type specifier (_Nonnull, _Nullable, or _Null_unspecified) [-Wnullability-completeness]
C/C++:  6432 |     void SetUserData(VmaAllocator hAllocator, void* pUserData) { m_pUserData = pUserData; }
C/C++:       |                      ^
C/C++: D:/Foundation-SM64/Android/app/.cxx/Debug/592n6c1o/arm64-v8a/_deps/vulkanmemoryallocator-src/include/vk_mem_alloc.h:6432:22: note: insert '_Nullable' if the pointer may be null
C/C++:  6432 |     void SetUserData(VmaAllocator hAllocator, void* pUserData) { m_pUserData = pUserData; }
C/C++:       |                      ^
C/C++:       |                                   _Nullable
C/C++: D:/Foundation-SM64/Android/app/.cxx/Debug/592n6c1o/arm64-v8a/_deps/vulkanmemoryallocator-src/include/vk_mem_alloc.h:6432:22: note: insert '_Nonnull' if the pointer should never be null
C/C++:  6432 |     void SetUserData(VmaAllocator hAllocator, void* pUserData) { m_pUserData = pUserData; }
C/C++:       |                      ^
C/C++:       |                                   _Nonnull
C/C++: D:/Foundation-SM64/Android/app/.cxx/Debug/592n6c1o/arm64-v8a/_deps/vulkanmemoryallocator-src/include/vk_mem_alloc.h:6432:51: warning: pointer is missing a nullability type specifier (_Nonnull, _Nullable, or _Null_unspecified) [-Wnullability-completeness]
C/C++:  6432 |     void SetUserData(VmaAllocator hAllocator, void* pUserData) { m_pUserData = pUserData; }
C/C++:       |                                                   ^
C/C++: D:/Foundation-SM64/Android/app/.cxx/Debug/592n6c1o/arm64-v8a/_deps/vulkanmemoryallocator-src/include/vk_mem_alloc.h:6432:51: note: insert '_Nullable' if the pointer may be null
C/C++:  6432 |     void SetUserData(VmaAllocator hAllocator, void* pUserData) { m_pUserData = pUserData; }
C/C++:       |                                                   ^
C/C++:       |                                                     _Nullable
C/C++: D:/Foundation-SM64/Android/app/.cxx/Debug/592n6c1o/arm64-v8a/_deps/vulkanmemoryallocator-src/include/vk_mem_alloc.h:6432:51: note: insert '_Nonnull' if the pointer should never be null
C/C++:  6432 |     void SetUserData(VmaAllocator hAllocator, void* pUserData) { m_pUserData = pUserData; }
C/C++:       |                                                   ^
C/C++:       |                                                     _Nonnull
C/C++: D:/Foundation-SM64/Android/app/.cxx/Debug/592n6c1o/arm64-v8a/_deps/vulkanmemoryallocator-src/include/vk_mem_alloc.h:6433:18: warning: pointer is missing a nullability type specifier (_Nonnull, _Nullable, or _Null_unspecified) [-Wnullability-completeness]
C/C++:  6433 |     void SetName(VmaAllocator hAllocator, const char* pName);
C/C++:       |                  ^
C/C++: D:/Foundation-SM64/Android/app/.cxx/Debug/592n6c1o/arm64-v8a/_deps/vulkanmemoryallocator-src/include/vk_mem_alloc.h:6433:18: note: insert '_Nullable' if the pointer may be null
C/C++:  6433 |     void SetName(VmaAllocator hAllocator, const char* pName);
C/C++:       |                  ^
C/C++:       |                               _Nullable
C/C++: D:/Foundation-SM64/Android/app/.cxx/Debug/592n6c1o/arm64-v8a/_deps/vulkanmemoryallocator-src/include/vk_mem_alloc.h:6433:18: note: insert '_Nonnull' if the pointer should never be null
C/C++:  6433 |     void SetName(VmaAllocator hAllocator, const char* pName);
C/C++:       |                  ^
C/C++:       |                               _Nonnull
C/C++: D:/Foundation-SM64/Android/app/.cxx/Debug/592n6c1o/arm64-v8a/_deps/vulkanmemoryallocator-src/include/vk_mem_alloc.h:6433:53: warning: pointer is missing a nullability type specifier (_Nonnull, _Nullable, or _Null_unspecified) [-Wnullability-completeness]
C/C++:  6433 |     void SetName(VmaAllocator hAllocator, const char* pName);
C/C++:       |                                                     ^
C/C++: D:/Foundation-SM64/Android/app/.cxx/Debug/592n6c1o/arm64-v8a/_deps/vulkanmemoryallocator-src/include/vk_mem_alloc.h:6433:53: note: insert '_Nullable' if the pointer may be null
C/C++:  6433 |     void SetName(VmaAllocator hAllocator, const char* pName);
C/C++:       |                                                     ^
C/C++:       |                                                       _Nullable
C/C++: D:/Foundation-SM64/Android/app/.cxx/Debug/592n6c1o/arm64-v8a/_deps/vulkanmemoryallocator-src/include/vk_mem_alloc.h:6433:53: note: insert '_Nonnull' if the pointer should never be null
C/C++:  6433 |     void SetName(VmaAllocator hAllocator, const char* pName);
C/C++:       |                                                     ^
C/C++:       |                                                       _Nonnull
C/C++: D:/Foundation-SM64/Android/app/.cxx/Debug/592n6c1o/arm64-v8a/_deps/vulkanmemoryallocator-src/include/vk_mem_alloc.h:6434:19: warning: pointer is missing a nullability type specifier (_Nonnull, _Nullable, or _Null_unspecified) [-Wnullability-completeness]
C/C++:  6434 |     void FreeName(VmaAllocator hAllocator);
C/C++:       |                   ^
C/C++: D:/Foundation-SM64/Android/app/.cxx/Debug/592n6c1o/arm64-v8a/_deps/vulkanmemoryallocator-src/include/vk_mem_alloc.h:6434:19: note: insert '_Nullable' if the pointer may be null
C/C++:  6434 |     void FreeName(VmaAllocator hAllocator);
C/C++:       |                   ^
C/C++:       |                                _Nullable
C/C++: D:/Foundation-SM64/Android/app/.cxx/Debug/592n6c1o/arm64-v8a/_deps/vulkanmemoryallocator-src/include/vk_mem_alloc.h:6434:19: note: insert '_Nonnull' if the pointer should never be null
C/C++:  6434 |     void FreeName(VmaAllocator hAllocator);
C/C++:       |                   ^
C/C++:       |                                _Nonnull
C/C++: D:/Foundation-SM64/Android/app/.cxx/Debug/592n6c1o/arm64-v8a/_deps/vulkanmemoryallocator-src/include/vk_mem_alloc.h:6435:33: warning: pointer is missing a nullability type specifier (_Nonnull, _Nullable, or _Null_unspecified) [-Wnullability-completeness]
C/C++:  6435 |     uint8_t SwapBlockAllocation(VmaAllocator hAllocator, VmaAllocation allocation);
C/C++:       |                                 ^
C/C++: D:/Foundation-SM64/Android/app/.cxx/Debug/592n6c1o/arm64-v8a/_deps/vulkanmemoryallocator-src/include/vk_mem_alloc.h:6435:33: note: insert '_Nullable' if the pointer may be null
C/C++:  6435 |     uint8_t SwapBlockAllocation(VmaAllocator hAllocator, VmaAllocation allocation);
C/C++:       |                                 ^
C/C++:       |                                              _Nullable
C/C++: D:/Foundation-SM64/Android/app/.cxx/Debug/592n6c1o/arm64-v8a/_deps/vulkanmemoryallocator-src/include/vk_mem_alloc.h:6435:33: note: insert '_Nonnull' if the pointer should never be null
C/C++:  6435 |     uint8_t SwapBlockAllocation(VmaAllocator hAllocator, VmaAllocation allocation);
C/C++:       |                                 ^
C/C++:       |                                              _Nonnull
C/C++: D:/Foundation-SM64/Android/app/.cxx/Debug/592n6c1o/arm64-v8a/_deps/vulkanmemoryallocator-src/include/vk_mem_alloc.h:6435:58: warning: pointer is missing a nullability type specifier (_Nonnull, _Nullable, or _Null_unspecified) [-Wnullability-completeness]
C/C++:  6435 |     uint8_t SwapBlockAllocation(VmaAllocator hAllocator, VmaAllocation allocation);
C/C++:       |                                                          ^
C/C++: D:/Foundation-SM64/Android/app/.cxx/Debug/592n6c1o/arm64-v8a/_deps/vulkanmemoryallocator-src/include/vk_mem_alloc.h:6435:58: note: insert '_Nullable' if the pointer may be null
C/C++:  6435 |     uint8_t SwapBlockAllocation(VmaAllocator hAllocator, VmaAllocation allocation);
C/C++:       |                                                          ^
C/C++:       |                                                                        _Nullable
C/C++: D:/Foundation-SM64/Android/app/.cxx/Debug/592n6c1o/arm64-v8a/_deps/vulkanmemoryallocator-src/include/vk_mem_alloc.h:6435:58: note: insert '_Nonnull' if the pointer should never be null
C/C++:  6435 |     uint8_t SwapBlockAllocation(VmaAllocator hAllocator, VmaAllocation allocation);
C/C++:       |                                                          ^
C/C++:       |                                                                        _Nonnull
C/C++: D:/Foundation-SM64/Android/app/.cxx/Debug/592n6c1o/arm64-v8a/_deps/vulkanmemoryallocator-src/include/vk_mem_alloc.h:6436:5: warning: pointer is missing a nullability type specifier (_Nonnull, _Nullable, or _Null_unspecified) [-Wnullability-completeness]
C/C++:  6436 |     VmaAllocHandle GetAllocHandle() const;
C/C++:       |     ^
C/C++: D:/Foundation-SM64/Android/app/.cxx/Debug/592n6c1o/arm64-v8a/_deps/vulkanmemoryallocator-src/include/vk_mem_alloc.h:6436:5: note: insert '_Nullable' if the pointer may be null
C/C++:  6436 |     VmaAllocHandle GetAllocHandle() const;
C/C++:       |     ^
C/C++:       |                    _Nullable
C/C++: D:/Foundation-SM64/Android/app/.cxx/Debug/592n6c1o/arm64-v8a/_deps/vulkanmemoryallocator-src/include/vk_mem_alloc.h:6436:5: note: insert '_Nonnull' if the pointer should never be null
C/C++:  6436 |     VmaAllocHandle GetAllocHandle() const;
C/C++:       |     ^
C/C++:       |                    _Nonnull
C/C++: D:/Foundation-SM64/Android/app/.cxx/Debug/592n6c1o/arm64-v8a/_deps/vulkanmemoryallocator-src/include/vk_mem_alloc.h:6438:5: warning: pointer is missing a nullability type specifier (_Nonnull, _Nullable, or _Null_unspecified) [-Wnullability-completeness]
C/C++:  6438 |     VmaPool GetParentPool() const;
C/C++:       |     ^
C/C++: D:/Foundation-SM64/Android/app/.cxx/Debug/592n6c1o/arm64-v8a/_deps/vulkanmemoryallocator-src/include/vk_mem_alloc.h:6438:5: note: insert '_Nullable' if the pointer may be null
C/C++:  6438 |     VmaPool GetParentPool() const;
C/C++:       |     ^
C/C++:       |             _Nullable
C/C++: D:/Foundation-SM64/Android/app/.cxx/Debug/592n6c1o/arm64-v8a/_deps/vulkanmemoryallocator-src/include/vk_mem_alloc.h:6438:5: note: insert '_Nonnull' if the pointer should never be null
C/C++:  6438 |     VmaPool GetParentPool() const;
C/C++:       |     ^
C/C++:       |             _Nonnull
C/C++: D:/Foundation-SM64/Android/app/.cxx/Debug/592n6c1o/arm64-v8a/_deps/vulkanmemoryallocator-src/include/vk_mem_alloc.h:6439:5: warning: pointer is missing a nullability type specifier (_Nonnull, _Nullable, or _Null_unspecified) [-Wnullability-completeness]
C/C++:  6439 |     VkDeviceMemory GetMemory() const;
C/C++:       |     ^
C/C++: D:/Foundation-SM64/Android/app/.cxx/Debug/592n6c1o/arm64-v8a/_deps/vulkanmemoryallocator-src/include/vk_mem_alloc.h:6439:5: note: insert '_Nullable' if the pointer may be null
C/C++:  6439 |     VkDeviceMemory GetMemory() const;
C/C++:       |     ^
C/C++:       |                    _Nullable
C/C++: D:/Foundation-SM64/Android/app/.cxx/Debug/592n6c1o/arm64-v8a/_deps/vulkanmemoryallocator-src/include/vk_mem_alloc.h:6439:5: note: insert '_Nonnull' if the pointer should never be null
C/C++:  6439 |     VkDeviceMemory GetMemory() const;
C/C++:       |     ^
C/C++:       |                    _Nonnull
C/C++: D:/Foundation-SM64/Android/app/.cxx/Debug/592n6c1o/arm64-v8a/_deps/vulkanmemoryallocator-src/include/vk_mem_alloc.h:6440:9: warning: pointer is missing a nullability type specifier (_Nonnull, _Nullable, or _Null_unspecified) [-Wnullability-completeness]
C/C++:  6440 |     void* GetMappedData() const;
C/C++:       |         ^
C/C++: D:/Foundation-SM64/Android/app/.cxx/Debug/592n6c1o/arm64-v8a/_deps/vulkanmemoryallocator-src/include/vk_mem_alloc.h:6440:9: note: insert '_Nullable' if the pointer may be null
C/C++:  6440 |     void* GetMappedData() const;
C/C++:       |         ^
C/C++:       |           _Nullable
C/C++: D:/Foundation-SM64/Android/app/.cxx/Debug/592n6c1o/arm64-v8a/_deps/vulkanmemoryallocator-src/include/vk_mem_alloc.h:6440:9: note: insert '_Nonnull' if the pointer should never be null
C/C++:  6440 |     void* GetMappedData() const;
C/C++:       |         ^
C/C++:       |           _Nonnull
C/C++: D:/Foundation-SM64/Android/app/.cxx/Debug/592n6c1o/arm64-v8a/_deps/vulkanmemoryallocator-src/include/vk_mem_alloc.h:6444:32: warning: pointer is missing a nullability type specifier (_Nonnull, _Nullable, or _Null_unspecified) [-Wnullability-completeness]
C/C++:  6444 |     VkResult DedicatedAllocMap(VmaAllocator hAllocator, void** ppData);
C/C++:       |                                ^
C/C++: D:/Foundation-SM64/Android/app/.cxx/Debug/592n6c1o/arm64-v8a/_deps/vulkanmemoryallocator-src/include/vk_mem_alloc.h:6444:32: note: insert '_Nullable' if the pointer may be null
C/C++:  6444 |     VkResult DedicatedAllocMap(VmaAllocator hAllocator, void** ppData);
C/C++:       |                                ^
C/C++:       |                                             _Nullable
C/C++: D:/Foundation-SM64/Android/app/.cxx/Debug/592n6c1o/arm64-v8a/_deps/vulkanmemoryallocator-src/include/vk_mem_alloc.h:6444:32: note: insert '_Nonnull' if the pointer should never be null
C/C++:  6444 |     VkResult DedicatedAllocMap(VmaAllocator hAllocator, void** ppData);
C/C++:       |                                ^
C/C++:       |                                             _Nonnull
C/C++: D:/Foundation-SM64/Android/app/.cxx/Debug/592n6c1o/arm64-v8a/_deps/vulkanmemoryallocator-src/include/vk_mem_alloc.h:6444:61: warning: pointer is missing a nullability type specifier (_Nonnull, _Nullable, or _Null_unspecified) [-Wnullability-completeness]
C/C++:  6444 |     VkResult DedicatedAllocMap(VmaAllocator hAllocator, void** ppData);
C/C++:       |                                                             ^
C/C++: D:/Foundation-SM64/Android/app/.cxx/Debug/592n6c1o/arm64-v8a/_deps/vulkanmemoryallocator-src/include/vk_mem_alloc.h:6444:61: note: insert '_Nullable' if the pointer may be null
C/C++:  6444 |     VkResult DedicatedAllocMap(VmaAllocator hAllocator, void** ppData);
C/C++:       |                                                             ^
C/C++:       |                                                              _Nullable
C/C++: D:/Foundation-SM64/Android/app/.cxx/Debug/592n6c1o/arm64-v8a/_deps/vulkanmemoryallocator-src/include/vk_mem_alloc.h:6444:61: note: insert '_Nonnull' if the pointer should never be null
C/C++:  6444 |     VkResult DedicatedAllocMap(VmaAllocator hAllocator, void** ppData);
C/C++:       |                                                             ^
C/C++:       |                                                              _Nonnull
C/C++: D:/Foundation-SM64/Android/app/.cxx/Debug/592n6c1o/arm64-v8a/_deps/vulkanmemoryallocator-src/include/vk_mem_alloc.h:6444:62: warning: pointer is missing a nullability type specifier (_Nonnull, _Nullable, or _Null_unspecified) [-Wnullability-completeness]
C/C++:  6444 |     VkResult DedicatedAllocMap(VmaAllocator hAllocator, void** ppData);
C/C++:       |                                                              ^
C/C++: D:/Foundation-SM64/Android/app/.cxx/Debug/592n6c1o/arm64-v8a/_deps/vulkanmemoryallocator-src/include/vk_mem_alloc.h:6444:62: note: insert '_Nullable' if the pointer may be null
C/C++:  6444 |     VkResult DedicatedAllocMap(VmaAllocator hAllocator, void** ppData);
C/C++:       |                                                              ^
C/C++:       |                                                                _Nullable
C/C++: D:/Foundation-SM64/Android/app/.cxx/Debug/592n6c1o/arm64-v8a/_deps/vulkanmemoryallocator-src/include/vk_mem_alloc.h:6444:62: note: insert '_Nonnull' if the pointer should never be null
C/C++:  6444 |     VkResult DedicatedAllocMap(VmaAllocator hAllocator, void** ppData);
C/C++:       |                                                              ^
C/C++:       |                                                                _Nonnull
C/C++: D:/Foundation-SM64/Android/app/.cxx/Debug/592n6c1o/arm64-v8a/_deps/vulkanmemoryallocator-src/include/vk_mem_alloc.h:6445:30: warning: pointer is missing a nullability type specifier (_Nonnull, _Nullable, or _Null_unspecified) [-Wnullability-completeness]
C/C++:  6445 |     void DedicatedAllocUnmap(VmaAllocator hAllocator);
C/C++:       |                              ^
C/C++: D:/Foundation-SM64/Android/app/.cxx/Debug/592n6c1o/arm64-v8a/_deps/vulkanmemoryallocator-src/include/vk_mem_alloc.h:6445:30: note: insert '_Nullable' if the pointer may be null
C/C++:  6445 |     void DedicatedAllocUnmap(VmaAllocator hAllocator);
C/C++:       |                              ^
C/C++:       |                                           _Nullable
C/C++: D:/Foundation-SM64/Android/app/.cxx/Debug/592n6c1o/arm64-v8a/_deps/vulkanmemoryallocator-src/include/vk_mem_alloc.h:6445:30: note: insert '_Nonnull' if the pointer should never be null
C/C++:  6445 |     void DedicatedAllocUnmap(VmaAllocator hAllocator);
C/C++:       |                              ^
C/C++:       |                                           _Nonnull
C/C++: D:/Foundation-SM64/Android/app/.cxx/Debug/592n6c1o/arm64-v8a/_deps/vulkanmemoryallocator-src/include/vk_mem_alloc.h:6470:29: warning: pointer is missing a nullability type specifier (_Nonnull, _Nullable, or _Null_unspecified) [-Wnullability-completeness]
C/C++:  6470 |         VmaDeviceMemoryBlock* m_Block;
C/C++:       |                             ^
C/C++: D:/Foundation-SM64/Android/app/.cxx/Debug/592n6c1o/arm64-v8a/_deps/vulkanmemoryallocator-src/include/vk_mem_alloc.h:6470:29: note: insert '_Nullable' if the pointer may be null
C/C++:  6470 |         VmaDeviceMemoryBlock* m_Block;
C/C++:       |                             ^
C/C++:       |                               _Nullable
C/C++: D:/Foundation-SM64/Android/app/.cxx/Debug/592n6c1o/arm64-v8a/_deps/vulkanmemoryallocator-src/include/vk_mem_alloc.h:6470:29: note: insert '_Nonnull' if the pointer should never be null
C/C++:  6470 |         VmaDeviceMemoryBlock* m_Block;
C/C++:       |                             ^
C/C++:       |                               _Nonnull
C/C++: D:/Foundation-SM64/Android/app/.cxx/Debug/592n6c1o/arm64-v8a/_deps/vulkanmemoryallocator-src/include/vk_mem_alloc.h:6471:9: warning: pointer is missing a nullability type specifier (_Nonnull, _Nullable, or _Null_unspecified) [-Wnullability-completeness]
C/C++:  6471 |         VmaAllocHandle m_AllocHandle;
C/C++:       |         ^
C/C++: D:/Foundation-SM64/Android/app/.cxx/Debug/592n6c1o/arm64-v8a/_deps/vulkanmemoryallocator-src/include/vk_mem_alloc.h:6471:9: note: insert '_Nullable' if the pointer may be null
C/C++:  6471 |         VmaAllocHandle m_AllocHandle;
C/C++:       |         ^
C/C++:       |                        _Nullable
C/C++: D:/Foundation-SM64/Android/app/.cxx/Debug/592n6c1o/arm64-v8a/_deps/vulkanmemoryallocator-src/include/vk_mem_alloc.h:6471:9: note: insert '_Nonnull' if the pointer should never be null
C/C++:  6471 |         VmaAllocHandle m_AllocHandle;
C/C++:       |         ^
C/C++:       |                        _Nonnull
C/C++: D:/Foundation-SM64/Android/app/.cxx/Debug/592n6c1o/arm64-v8a/_deps/vulkanmemoryallocator-src/include/vk_mem_alloc.h:6476:9: warning: pointer is missing a nullability type specifier (_Nonnull, _Nullable, or _Null_unspecified) [-Wnullability-completeness]
C/C++:  6476 |         VmaPool m_hParentPool; // VK_NULL_HANDLE if not belongs to custom pool.
C/C++:       |         ^
C/C++: D:/Foundation-SM64/Android/app/.cxx/Debug/592n6c1o/arm64-v8a/_deps/vulkanmemoryallocator-src/include/vk_mem_alloc.h:6476:9: note: insert '_Nullable' if the pointer may be null
C/C++:  6476 |         VmaPool m_hParentPool; // VK_NULL_HANDLE if not belongs to custom pool.
C/C++:       |         ^
C/C++:       |                 _Nullable
C/C++: D:/Foundation-SM64/Android/app/.cxx/Debug/592n6c1o/arm64-v8a/_deps/vulkanmemoryallocator-src/include/vk_mem_alloc.h:6476:9: note: insert '_Nonnull' if the pointer should never be null
C/C++:  6476 |         VmaPool m_hParentPool; // VK_NULL_HANDLE if not belongs to custom pool.
C/C++:       |         ^
C/C++:       |                 _Nonnull
C/C++: D:/Foundation-SM64/Android/app/.cxx/Debug/592n6c1o/arm64-v8a/_deps/vulkanmemoryallocator-src/include/vk_mem_alloc.h:6477:9: warning: pointer is missing a nullability type specifier (_Nonnull, _Nullable, or _Null_unspecified) [-Wnullability-completeness]
C/C++:  6477 |         VkDeviceMemory m_hMemory;
C/C++:       |         ^
C/C++: D:/Foundation-SM64/Android/app/.cxx/Debug/592n6c1o/arm64-v8a/_deps/vulkanmemoryallocator-src/include/vk_mem_alloc.h:6477:9: note: insert '_Nullable' if the pointer may be null
C/C++:  6477 |         VkDeviceMemory m_hMemory;
C/C++:       |         ^
C/C++:       |                        _Nullable
C/C++: D:/Foundation-SM64/Android/app/.cxx/Debug/592n6c1o/arm64-v8a/_deps/vulkanmemoryallocator-src/include/vk_mem_alloc.h:6477:9: note: insert '_Nonnull' if the pointer should never be null
C/C++:  6477 |         VkDeviceMemory m_hMemory;
C/C++:       |         ^
C/C++:       |                        _Nonnull
C/C++: D:/Foundation-SM64/Android/app/.cxx/Debug/592n6c1o/arm64-v8a/_deps/vulkanmemoryallocator-src/include/vk_mem_alloc.h:6478:31: warning: pointer is missing a nullability type specifier (_Nonnull, _Nullable, or _Null_unspecified) [-Wnullability-completeness]
C/C++:  6478 |         VmaAllocationExtraData* m_ExtraData;
C/C++:       |                               ^
C/C++: D:/Foundation-SM64/Android/app/.cxx/Debug/592n6c1o/arm64-v8a/_deps/vulkanmemoryallocator-src/include/vk_mem_alloc.h:6478:31: note: insert '_Nullable' if the pointer may be null
C/C++:  6478 |         VmaAllocationExtraData* m_ExtraData;
C/C++:       |                               ^
C/C++:       |                                 _Nullable
C/C++: D:/Foundation-SM64/Android/app/.cxx/Debug/592n6c1o/arm64-v8a/_deps/vulkanmemoryallocator-src/include/vk_mem_alloc.h:6478:31: note: insert '_Nonnull' if the pointer should never be null
C/C++:  6478 |         VmaAllocationExtraData* m_ExtraData;
C/C++:       |                               ^
C/C++:       |                                 _Nonnull
C/C++: D:/Foundation-SM64/Android/app/.cxx/Debug/592n6c1o/arm64-v8a/_deps/vulkanmemoryallocator-src/include/vk_mem_alloc.h:6479:24: warning: pointer is missing a nullability type specifier (_Nonnull, _Nullable, or _Null_unspecified) [-Wnullability-completeness]
C/C++:  6479 |         VmaAllocation_T* m_Prev;
C/C++:       |                        ^
C/C++: D:/Foundation-SM64/Android/app/.cxx/Debug/592n6c1o/arm64-v8a/_deps/vulkanmemoryallocator-src/include/vk_mem_alloc.h:6479:24: note: insert '_Nullable' if the pointer may be null
C/C++:  6479 |         VmaAllocation_T* m_Prev;
C/C++:       |                        ^
C/C++:       |                          _Nullable
C/C++: D:/Foundation-SM64/Android/app/.cxx/Debug/592n6c1o/arm64-v8a/_deps/vulkanmemoryallocator-src/include/vk_mem_alloc.h:6479:24: note: insert '_Nonnull' if the pointer should never be null
C/C++:  6479 |         VmaAllocation_T* m_Prev;
C/C++:       |                        ^
C/C++:       |                          _Nonnull
C/C++: D:/Foundation-SM64/Android/app/.cxx/Debug/592n6c1o/arm64-v8a/_deps/vulkanmemoryallocator-src/include/vk_mem_alloc.h:6480:24: warning: pointer is missing a nullability type specifier (_Nonnull, _Nullable, or _Null_unspecified) [-Wnullability-completeness]
C/C++:  6480 |         VmaAllocation_T* m_Next;
C/C++:       |                        ^
C/C++: D:/Foundation-SM64/Android/app/.cxx/Debug/592n6c1o/arm64-v8a/_deps/vulkanmemoryallocator-src/include/vk_mem_alloc.h:6480:24: note: insert '_Nullable' if the pointer may be null
C/C++:  6480 |         VmaAllocation_T* m_Next;
C/C++:       |                        ^
C/C++:       |                          _Nullable
C/C++: D:/Foundation-SM64/Android/app/.cxx/Debug/592n6c1o/arm64-v8a/_deps/vulkanmemoryallocator-src/include/vk_mem_alloc.h:6480:24: note: insert '_Nonnull' if the pointer should never be null
C/C++:  6480 |         VmaAllocation_T* m_Next;
C/C++:       |                        ^
C/C++:       |                          _Nonnull
C/C++: D:/Foundation-SM64/Android/app/.cxx/Debug/592n6c1o/arm64-v8a/_deps/vulkanmemoryallocator-src/include/vk_mem_alloc.h:6492:9: warning: pointer is missing a nullability type specifier (_Nonnull, _Nullable, or _Null_unspecified) [-Wnullability-completeness]
C/C++:  6492 |     void* m_pUserData;
C/C++:       |         ^
C/C++: D:/Foundation-SM64/Android/app/.cxx/Debug/592n6c1o/arm64-v8a/_deps/vulkanmemoryallocator-src/include/vk_mem_alloc.h:6492:9: note: insert '_Nullable' if the pointer may be null
C/C++:  6492 |     void* m_pUserData;
C/C++:       |         ^
C/C++:       |           _Nullable
C/C++: D:/Foundation-SM64/Android/app/.cxx/Debug/592n6c1o/arm64-v8a/_deps/vulkanmemoryallocator-src/include/vk_mem_alloc.h:6492:9: note: insert '_Nonnull' if the pointer should never be null
C/C++:  6492 |     void* m_pUserData;
C/C++:       |         ^
C/C++:       |           _Nonnull
C/C++: D:/Foundation-SM64/Android/app/.cxx/Debug/592n6c1o/arm64-v8a/_deps/vulkanmemoryallocator-src/include/vk_mem_alloc.h:6493:9: warning: pointer is missing a nullability type specifier (_Nonnull, _Nullable, or _Null_unspecified) [-Wnullability-completeness]
C/C++:  6493 |     char* m_pName;
C/C++:       |         ^
C/C++: D:/Foundation-SM64/Android/app/.cxx/Debug/592n6c1o/arm64-v8a/_deps/vulkanmemoryallocator-src/include/vk_mem_alloc.h:6493:9: note: insert '_Nullable' if the pointer may be null
C/C++:  6493 |     char* m_pName;
C/C++:       |         ^
C/C++:       |           _Nullable
C/C++: D:/Foundation-SM64/Android/app/.cxx/Debug/592n6c1o/arm64-v8a/_deps/vulkanmemoryallocator-src/include/vk_mem_alloc.h:6493:9: note: insert '_Nonnull' if the pointer should never be null
C/C++:  6493 |     char* m_pName;
C/C++:       |         ^
C/C++:       |           _Nonnull
C/C++: D:/Foundation-SM64/Android/app/.cxx/Debug/592n6c1o/arm64-v8a/_deps/vulkanmemoryallocator-src/include/vk_mem_alloc.h:6504:26: warning: pointer is missing a nullability type specifier (_Nonnull, _Nullable, or _Null_unspecified) [-Wnullability-completeness]
C/C++:  6504 |     void EnsureExtraData(VmaAllocator hAllocator);
C/C++:       |                          ^
C/C++: D:/Foundation-SM64/Android/app/.cxx/Debug/592n6c1o/arm64-v8a/_deps/vulkanmemoryallocator-src/include/vk_mem_alloc.h:6504:26: note: insert '_Nullable' if the pointer may be null
C/C++:  6504 |     void EnsureExtraData(VmaAllocator hAllocator);
C/C++:       |                          ^
C/C++:       |                                       _Nullable
C/C++: D:/Foundation-SM64/Android/app/.cxx/Debug/592n6c1o/arm64-v8a/_deps/vulkanmemoryallocator-src/include/vk_mem_alloc.h:6504:26: note: insert '_Nonnull' if the pointer should never be null
C/C++:  6504 |     void EnsureExtraData(VmaAllocator hAllocator);
C/C++:       |                          ^
C/C++:       |                                       _Nonnull
C/C++: D:/Foundation-SM64/Android/app/.cxx/Debug/592n6c1o/arm64-v8a/_deps/vulkanmemoryallocator-src/include/vk_mem_alloc.h:6513:44: warning: pointer is missing a nullability type specifier (_Nonnull, _Nullable, or _Null_unspecified) [-Wnullability-completeness]
C/C++:  6513 |     static ItemType* GetPrev(const ItemType* item)
C/C++:       |                                            ^
C/C++: D:/Foundation-SM64/Android/app/.cxx/Debug/592n6c1o/arm64-v8a/_deps/vulkanmemoryallocator-src/include/vk_mem_alloc.h:6513:44: note: insert '_Nullable' if the pointer may be null
C/C++:  6513 |     static ItemType* GetPrev(const ItemType* item)
C/C++:       |                                            ^
C/C++:       |                                              _Nullable
C/C++: D:/Foundation-SM64/Android/app/.cxx/Debug/592n6c1o/arm64-v8a/_deps/vulkanmemoryallocator-src/include/vk_mem_alloc.h:6513:44: note: insert '_Nonnull' if the pointer should never be null
C/C++:  6513 |     static ItemType* GetPrev(const ItemType* item)
C/C++:       |                                            ^
C/C++:       |                                              _Nonnull
C/C++: D:/Foundation-SM64/Android/app/.cxx/Debug/592n6c1o/arm64-v8a/_deps/vulkanmemoryallocator-src/include/vk_mem_alloc.h:6513:20: warning: pointer is missing a nullability type specifier (_Nonnull, _Nullable, or _Null_unspecified) [-Wnullability-completeness]
C/C++:  6513 |     static ItemType* GetPrev(const ItemType* item)
C/C++:       |                    ^
C/C++: D:/Foundation-SM64/Android/app/.cxx/Debug/592n6c1o/arm64-v8a/_deps/vulkanmemoryallocator-src/include/vk_mem_alloc.h:6513:20: note: insert '_Nullable' if the pointer may be null
C/C++:  6513 |     static ItemType* GetPrev(const ItemType* item)
C/C++:       |                    ^
C/C++:       |                      _Nullable
C/C++: D:/Foundation-SM64/Android/app/.cxx/Debug/592n6c1o/arm64-v8a/_deps/vulkanmemoryallocator-src/include/vk_mem_alloc.h:6513:20: note: insert '_Nonnull' if the pointer should never be null
C/C++:  6513 |     static ItemType* GetPrev(const ItemType* item)
C/C++:       |                    ^
C/C++:       |                      _Nonnull
C/C++: D:/Foundation-SM64/Android/app/.cxx/Debug/592n6c1o/arm64-v8a/_deps/vulkanmemoryallocator-src/include/vk_mem_alloc.h:6518:44: warning: pointer is missing a nullability type specifier (_Nonnull, _Nullable, or _Null_unspecified) [-Wnullability-completeness]
C/C++:  6518 |     static ItemType* GetNext(const ItemType* item)
C/C++:       |                                            ^
C/C++: D:/Foundation-SM64/Android/app/.cxx/Debug/592n6c1o/arm64-v8a/_deps/vulkanmemoryallocator-src/include/vk_mem_alloc.h:6518:44: note: insert '_Nullable' if the pointer may be null
C/C++:  6518 |     static ItemType* GetNext(const ItemType* item)
C/C++:       |                                            ^
C/C++:       |                                              _Nullable
C/C++: D:/Foundation-SM64/Android/app/.cxx/Debug/592n6c1o/arm64-v8a/_deps/vulkanmemoryallocator-src/include/vk_mem_alloc.h:6518:44: note: insert '_Nonnull' if the pointer should never be null
C/C++:  6518 |     static ItemType* GetNext(const ItemType* item)
C/C++:       |                                            ^
C/C++:       |                                              _Nonnull
C/C++: D:/Foundation-SM64/Android/app/.cxx/Debug/592n6c1o/arm64-v8a/_deps/vulkanmemoryallocator-src/include/vk_mem_alloc.h:6518:20: warning: pointer is missing a nullability type specifier (_Nonnull, _Nullable, or _Null_unspecified) [-Wnullability-completeness]
C/C++:  6518 |     static ItemType* GetNext(const ItemType* item)
C/C++:       |                    ^
C/C++: D:/Foundation-SM64/Android/app/.cxx/Debug/592n6c1o/arm64-v8a/_deps/vulkanmemoryallocator-src/include/vk_mem_alloc.h:6518:20: note: insert '_Nullable' if the pointer may be null
C/C++:  6518 |     static ItemType* GetNext(const ItemType* item)
C/C++:       |                    ^
C/C++:       |                      _Nullable
C/C++: D:/Foundation-SM64/Android/app/.cxx/Debug/592n6c1o/arm64-v8a/_deps/vulkanmemoryallocator-src/include/vk_mem_alloc.h:6518:20: note: insert '_Nonnull' if the pointer should never be null
C/C++:  6518 |     static ItemType* GetNext(const ItemType* item)
C/C++:       |                    ^
C/C++:       |                      _Nonnull
C/C++: D:/Foundation-SM64/Android/app/.cxx/Debug/592n6c1o/arm64-v8a/_deps/vulkanmemoryallocator-src/include/vk_mem_alloc.h:6523:42: warning: pointer is missing a nullability type specifier (_Nonnull, _Nullable, or _Null_unspecified) [-Wnullability-completeness]
C/C++:  6523 |     static ItemType*& AccessPrev(ItemType* item)
C/C++:       |                                          ^
C/C++: D:/Foundation-SM64/Android/app/.cxx/Debug/592n6c1o/arm64-v8a/_deps/vulkanmemoryallocator-src/include/vk_mem_alloc.h:6523:42: note: insert '_Nullable' if the pointer may be null
C/C++:  6523 |     static ItemType*& AccessPrev(ItemType* item)
C/C++:       |                                          ^
C/C++:       |                                            _Nullable
C/C++: D:/Foundation-SM64/Android/app/.cxx/Debug/592n6c1o/arm64-v8a/_deps/vulkanmemoryallocator-src/include/vk_mem_alloc.h:6523:42: note: insert '_Nonnull' if the pointer should never be null
C/C++:  6523 |     static ItemType*& AccessPrev(ItemType* item)
C/C++:       |                                          ^
C/C++:       |                                            _Nonnull
C/C++: D:/Foundation-SM64/Android/app/.cxx/Debug/592n6c1o/arm64-v8a/_deps/vulkanmemoryallocator-src/include/vk_mem_alloc.h:6523:20: warning: pointer is missing a nullability type specifier (_Nonnull, _Nullable, or _Null_unspecified) [-Wnullability-completeness]
C/C++:  6523 |     static ItemType*& AccessPrev(ItemType* item)
C/C++:       |                    ^
C/C++: D:/Foundation-SM64/Android/app/.cxx/Debug/592n6c1o/arm64-v8a/_deps/vulkanmemoryallocator-src/include/vk_mem_alloc.h:6523:20: note: insert '_Nullable' if the pointer may be null
C/C++:  6523 |     static ItemType*& AccessPrev(ItemType* item)
C/C++:       |                    ^
C/C++:       |                     _Nullable
C/C++: D:/Foundation-SM64/Android/app/.cxx/Debug/592n6c1o/arm64-v8a/_deps/vulkanmemoryallocator-src/include/vk_mem_alloc.h:6523:20: note: insert '_Nonnull' if the pointer should never be null
C/C++:  6523 |     static ItemType*& AccessPrev(ItemType* item)
C/C++:       |                    ^
C/C++:       |                     _Nonnull
C/C++: D:/Foundation-SM64/Android/app/.cxx/Debug/592n6c1o/arm64-v8a/_deps/vulkanmemoryallocator-src/include/vk_mem_alloc.h:6528:42: warning: pointer is missing a nullability type specifier (_Nonnull, _Nullable, or _Null_unspecified) [-Wnullability-completeness]
C/C++:  6528 |     static ItemType*& AccessNext(ItemType* item)
C/C++:       |                                          ^
C/C++: D:/Foundation-SM64/Android/app/.cxx/Debug/592n6c1o/arm64-v8a/_deps/vulkanmemoryallocator-src/include/vk_mem_alloc.h:6528:42: note: insert '_Nullable' if the pointer may be null
C/C++:  6528 |     static ItemType*& AccessNext(ItemType* item)
C/C++:       |                                          ^
C/C++:       |                                            _Nullable
C/C++: D:/Foundation-SM64/Android/app/.cxx/Debug/592n6c1o/arm64-v8a/_deps/vulkanmemoryallocator-src/include/vk_mem_alloc.h:6528:42: note: insert '_Nonnull' if the pointer should never be null
C/C++:  6528 |     static ItemType*& AccessNext(ItemType* item)
C/C++:       |                                          ^
C/C++:       |                                            _Nonnull
C/C++: D:/Foundation-SM64/Android/app/.cxx/Debug/592n6c1o/arm64-v8a/_deps/vulkanmemoryallocator-src/include/vk_mem_alloc.h:6528:20: warning: pointer is missing a nullability type specifier (_Nonnull, _Nullable, or _Null_unspecified) [-Wnullability-completeness]
C/C++:  6528 |     static ItemType*& AccessNext(ItemType* item)
C/C++:       |                    ^
C/C++: D:/Foundation-SM64/Android/app/.cxx/Debug/592n6c1o/arm64-v8a/_deps/vulkanmemoryallocator-src/include/vk_mem_alloc.h:6528:20: note: insert '_Nullable' if the pointer may be null
C/C++:  6528 |     static ItemType*& AccessNext(ItemType* item)
C/C++:       |                    ^
C/C++:       |                     _Nullable
C/C++: D:/Foundation-SM64/Android/app/.cxx/Debug/592n6c1o/arm64-v8a/_deps/vulkanmemoryallocator-src/include/vk_mem_alloc.h:6528:20: note: insert '_Nonnull' if the pointer should never be null
C/C++:  6528 |     static ItemType*& AccessNext(ItemType* item)
C/C++:       |                    ^
C/C++:       |                     _Nonnull
C/C++: D:/Foundation-SM64/Android/app/.cxx/Debug/592n6c1o/arm64-v8a/_deps/vulkanmemoryallocator-src/include/vk_mem_alloc.h:6559:19: warning: pointer is missing a nullability type specifier (_Nonnull, _Nullable, or _Null_unspecified) [-Wnullability-completeness]
C/C++:  6559 |     void Register(VmaAllocation alloc);
C/C++:       |                   ^
C/C++: D:/Foundation-SM64/Android/app/.cxx/Debug/592n6c1o/arm64-v8a/_deps/vulkanmemoryallocator-src/include/vk_mem_alloc.h:6559:19: note: insert '_Nullable' if the pointer may be null
C/C++:  6559 |     void Register(VmaAllocation alloc);
C/C++:       |                   ^
C/C++:       |                                 _Nullable
C/C++: D:/Foundation-SM64/Android/app/.cxx/Debug/592n6c1o/arm64-v8a/_deps/vulkanmemoryallocator-src/include/vk_mem_alloc.h:6559:19: note: insert '_Nonnull' if the pointer should never be null
C/C++:  6559 |     void Register(VmaAllocation alloc);
C/C++:       |                   ^
C/C++:       |                                 _Nonnull
C/C++: D:/Foundation-SM64/Android/app/.cxx/Debug/592n6c1o/arm64-v8a/_deps/vulkanmemoryallocator-src/include/vk_mem_alloc.h:6560:21: warning: pointer is missing a nullability type specifier (_Nonnull, _Nullable, or _Null_unspecified) [-Wnullability-completeness]
C/C++:  6560 |     void Unregister(VmaAllocation alloc);
C/C++:       |                     ^
C/C++: D:/Foundation-SM64/Android/app/.cxx/Debug/592n6c1o/arm64-v8a/_deps/vulkanmemoryallocator-src/include/vk_mem_alloc.h:6560:21: note: insert '_Nullable' if the pointer may be null
C/C++:  6560 |     void Unregister(VmaAllocation alloc);
C/C++:       |                     ^
C/C++:       |                                   _Nullable
C/C++: D:/Foundation-SM64/Android/app/.cxx/Debug/592n6c1o/arm64-v8a/_deps/vulkanmemoryallocator-src/include/vk_mem_alloc.h:6560:21: note: insert '_Nonnull' if the pointer should never be null
C/C++:  6560 |     void Unregister(VmaAllocation alloc);
C/C++:       |                     ^
C/C++:       |                                   _Nonnull
C/C++: D:/Foundation-SM64/Android/app/.cxx/Debug/592n6c1o/arm64-v8a/_deps/vulkanmemoryallocator-src/include/vk_mem_alloc.h:6646:43: warning: pointer is missing a nullability type specifier (_Nonnull, _Nullable, or _Null_unspecified) [-Wnullability-completeness]
C/C++:  6646 | void VmaDedicatedAllocationList::Register(VmaAllocation alloc)
C/C++:       |                                           ^
C/C++: D:/Foundation-SM64/Android/app/.cxx/Debug/592n6c1o/arm64-v8a/_deps/vulkanmemoryallocator-src/include/vk_mem_alloc.h:6646:43: note: insert '_Nullable' if the pointer may be null
C/C++:  6646 | void VmaDedicatedAllocationList::Register(VmaAllocation alloc)
C/C++:       |                                           ^
C/C++:       |                                                         _Nullable
C/C++: D:/Foundation-SM64/Android/app/.cxx/Debug/592n6c1o/arm64-v8a/_deps/vulkanmemoryallocator-src/include/vk_mem_alloc.h:6646:43: note: insert '_Nonnull' if the pointer should never be null
C/C++:  6646 | void VmaDedicatedAllocationList::Register(VmaAllocation alloc)
C/C++:       |                                           ^
C/C++:       |                                                         _Nonnull
C/C++: D:/Foundation-SM64/Android/app/.cxx/Debug/592n6c1o/arm64-v8a/_deps/vulkanmemoryallocator-src/include/vk_mem_alloc.h:6652:45: warning: pointer is missing a nullability type specifier (_Nonnull, _Nullable, or _Null_unspecified) [-Wnullability-completeness]
C/C++:  6652 | void VmaDedicatedAllocationList::Unregister(VmaAllocation alloc)
C/C++:       |                                             ^
C/C++: D:/Foundation-SM64/Android/app/.cxx/Debug/592n6c1o/arm64-v8a/_deps/vulkanmemoryallocator-src/include/vk_mem_alloc.h:6652:45: note: insert '_Nullable' if the pointer may be null
C/C++:  6652 | void VmaDedicatedAllocationList::Unregister(VmaAllocation alloc)
C/C++:       |                                             ^
C/C++:       |                                                           _Nullable
C/C++: D:/Foundation-SM64/Android/app/.cxx/Debug/592n6c1o/arm64-v8a/_deps/vulkanmemoryallocator-src/include/vk_mem_alloc.h:6652:45: note: insert '_Nonnull' if the pointer should never be null
C/C++:  6652 | void VmaDedicatedAllocationList::Unregister(VmaAllocation alloc)
C/C++:       |                                             ^
C/C++:       |                                                           _Nonnull
C/C++: D:/Foundation-SM64/Android/app/.cxx/Debug/592n6c1o/arm64-v8a/_deps/vulkanmemoryallocator-src/include/vk_mem_alloc.h:6669:9: warning: pointer is missing a nullability type specifier (_Nonnull, _Nullable, or _Null_unspecified) [-Wnullability-completeness]
C/C++:  6669 |     void* userData;
C/C++:       |         ^
C/C++: D:/Foundation-SM64/Android/app/.cxx/Debug/592n6c1o/arm64-v8a/_deps/vulkanmemoryallocator-src/include/vk_mem_alloc.h:6669:9: note: insert '_Nullable' if the pointer may be null
C/C++:  6669 |     void* userData;
C/C++:       |         ^
C/C++:       |           _Nullable
C/C++: D:/Foundation-SM64/Android/app/.cxx/Debug/592n6c1o/arm64-v8a/_deps/vulkanmemoryallocator-src/include/vk_mem_alloc.h:6669:9: note: insert '_Nonnull' if the pointer should never be null
C/C++:  6669 |     void* userData;
C/C++:       |         ^
C/C++:       |           _Nonnull
C/C++: D:/Foundation-SM64/Android/app/.cxx/Debug/592n6c1o/arm64-v8a/_deps/vulkanmemoryallocator-src/include/vk_mem_alloc.h:6713:5: warning: pointer is missing a nullability type specifier (_Nonnull, _Nullable, or _Null_unspecified) [-Wnullability-completeness]
C/C++:  6713 |     VmaAllocHandle allocHandle;
C/C++:       |     ^
C/C++: D:/Foundation-SM64/Android/app/.cxx/Debug/592n6c1o/arm64-v8a/_deps/vulkanmemoryallocator-src/include/vk_mem_alloc.h:6713:5: note: insert '_Nullable' if the pointer may be null
C/C++:  6713 |     VmaAllocHandle allocHandle;
C/C++:       |     ^
C/C++:       |                    _Nullable
C/C++: D:/Foundation-SM64/Android/app/.cxx/Debug/592n6c1o/arm64-v8a/_deps/vulkanmemoryallocator-src/include/vk_mem_alloc.h:6713:5: note: insert '_Nonnull' if the pointer should never be null
C/C++:  6713 |     VmaAllocHandle allocHandle;
C/C++:       |     ^
C/C++:       |                    _Nonnull
C/C++: D:/Foundation-SM64/Android/app/.cxx/Debug/592n6c1o/arm64-v8a/_deps/vulkanmemoryallocator-src/include/vk_mem_alloc.h:6716:9: warning: pointer is missing a nullability type specifier (_Nonnull, _Nullable, or _Null_unspecified) [-Wnullability-completeness]
C/C++:  6716 |     void* customData;
C/C++:       |         ^
C/C++: D:/Foundation-SM64/Android/app/.cxx/Debug/592n6c1o/arm64-v8a/_deps/vulkanmemoryallocator-src/include/vk_mem_alloc.h:6716:9: note: insert '_Nullable' if the pointer may be null
C/C++:  6716 |     void* customData;
C/C++:       |         ^
C/C++:       |           _Nullable
C/C++: D:/Foundation-SM64/Android/app/.cxx/Debug/592n6c1o/arm64-v8a/_deps/vulkanmemoryallocator-src/include/vk_mem_alloc.h:6716:9: note: insert '_Nonnull' if the pointer should never be null
C/C++:  6716 |     void* customData;
C/C++:       |         ^
C/C++:       |           _Nonnull
C/C++: D:/Foundation-SM64/Android/app/.cxx/Debug/592n6c1o/arm64-v8a/_deps/vulkanmemoryallocator-src/include/vk_mem_alloc.h:6732:49: warning: pointer is missing a nullability type specifier (_Nonnull, _Nullable, or _Null_unspecified) [-Wnullability-completeness]
C/C++:  6732 |     VmaBlockMetadata(const VkAllocationCallbacks* pAllocationCallbacks,
C/C++:       |                                                 ^
C/C++: D:/Foundation-SM64/Android/app/.cxx/Debug/592n6c1o/arm64-v8a/_deps/vulkanmemoryallocator-src/include/vk_mem_alloc.h:6732:49: note: insert '_Nullable' if the pointer may be null
C/C++:  6732 |     VmaBlockMetadata(const VkAllocationCallbacks* pAllocationCallbacks,
C/C++:       |                                                 ^
C/C++:       |                                                   _Nullable
C/C++: D:/Foundation-SM64/Android/app/.cxx/Debug/592n6c1o/arm64-v8a/_deps/vulkanmemoryallocator-src/include/vk_mem_alloc.h:6732:49: note: insert '_Nonnull' if the pointer should never be null
C/C++:  6732 |     VmaBlockMetadata(const VkAllocationCallbacks* pAllocationCallbacks,
C/C++:       |                                                 ^
C/C++:       |                                                   _Nonnull
C/C++: D:/Foundation-SM64/Android/app/.cxx/Debug/592n6c1o/arm64-v8a/_deps/vulkanmemoryallocator-src/include/vk_mem_alloc.h:6747:36: warning: pointer is missing a nullability type specifier (_Nonnull, _Nullable, or _Null_unspecified) [-Wnullability-completeness]
C/C++:  6747 |     virtual void GetAllocationInfo(VmaAllocHandle allocHandle, VmaVirtualAllocationInfo& outInfo) = 0;
C/C++:       |                                    ^
C/C++: D:/Foundation-SM64/Android/app/.cxx/Debug/592n6c1o/arm64-v8a/_deps/vulkanmemoryallocator-src/include/vk_mem_alloc.h:6747:36: note: insert '_Nullable' if the pointer may be null
C/C++:  6747 |     virtual void GetAllocationInfo(VmaAllocHandle allocHandle, VmaVirtualAllocationInfo& outInfo) = 0;
C/C++:       |                                    ^
C/C++:       |                                                   _Nullable
C/C++: D:/Foundation-SM64/Android/app/.cxx/Debug/592n6c1o/arm64-v8a/_deps/vulkanmemoryallocator-src/include/vk_mem_alloc.h:6747:36: note: insert '_Nonnull' if the pointer should never be null
C/C++:  6747 |     virtual void GetAllocationInfo(VmaAllocHandle allocHandle, VmaVirtualAllocationInfo& outInfo) = 0;
C/C++:       |                                    ^
C/C++:       |                                                   _Nonnull
C/C++: D:/Foundation-SM64/Android/app/.cxx/Debug/592n6c1o/arm64-v8a/_deps/vulkanmemoryallocator-src/include/vk_mem_alloc.h:6748:46: warning: pointer is missing a nullability type specifier (_Nonnull, _Nullable, or _Null_unspecified) [-Wnullability-completeness]
C/C++:  6748 |     virtual VkDeviceSize GetAllocationOffset(VmaAllocHandle allocHandle) const = 0;
C/C++:       |                                              ^
C/C++: D:/Foundation-SM64/Android/app/.cxx/Debug/592n6c1o/arm64-v8a/_deps/vulkanmemoryallocator-src/include/vk_mem_alloc.h:6748:46: note: insert '_Nullable' if the pointer may be null
C/C++:  6748 |     virtual VkDeviceSize GetAllocationOffset(VmaAllocHandle allocHandle) const = 0;
C/C++:       |                                              ^
C/C++:       |                                                             _Nullable
C/C++: D:/Foundation-SM64/Android/app/.cxx/Debug/592n6c1o/arm64-v8a/_deps/vulkanmemoryallocator-src/include/vk_mem_alloc.h:6748:46: note: insert '_Nonnull' if the pointer should never be null
C/C++:  6748 |     virtual VkDeviceSize GetAllocationOffset(VmaAllocHandle allocHandle) const = 0;
C/C++:       |                                              ^
C/C++:       |                                                             _Nonnull
C/C++: D:/Foundation-SM64/Android/app/.cxx/Debug/592n6c1o/arm64-v8a/_deps/vulkanmemoryallocator-src/include/vk_mem_alloc.h:6749:41: warning: pointer is missing a nullability type specifier (_Nonnull, _Nullable, or _Null_unspecified) [-Wnullability-completeness]
C/C++:  6749 |     virtual void* GetAllocationUserData(VmaAllocHandle allocHandle) const = 0;
C/C++:       |                                         ^
C/C++: D:/Foundation-SM64/Android/app/.cxx/Debug/592n6c1o/arm64-v8a/_deps/vulkanmemoryallocator-src/include/vk_mem_alloc.h:6749:41: note: insert '_Nullable' if the pointer may be null
C/C++:  6749 |     virtual void* GetAllocationUserData(VmaAllocHandle allocHandle) const = 0;
C/C++:       |                                         ^
C/C++:       |                                                        _Nullable
C/C++: D:/Foundation-SM64/Android/app/.cxx/Debug/592n6c1o/arm64-v8a/_deps/vulkanmemoryallocator-src/include/vk_mem_alloc.h:6749:41: note: insert '_Nonnull' if the pointer should never be null
C/C++:  6749 |     virtual void* GetAllocationUserData(VmaAllocHandle allocHandle) const = 0;
C/C++:       |                                         ^
C/C++:       |                                                        _Nonnull
C/C++: D:/Foundation-SM64/Android/app/.cxx/Debug/592n6c1o/arm64-v8a/_deps/vulkanmemoryallocator-src/include/vk_mem_alloc.h:6749:17: warning: pointer is missing a nullability type specifier (_Nonnull, _Nullable, or _Null_unspecified) [-Wnullability-completeness]
C/C++:  6749 |     virtual void* GetAllocationUserData(VmaAllocHandle allocHandle) const = 0;
C/C++:       |                 ^
C/C++: D:/Foundation-SM64/Android/app/.cxx/Debug/592n6c1o/arm64-v8a/_deps/vulkanmemoryallocator-src/include/vk_mem_alloc.h:6749:17: note: insert '_Nullable' if the pointer may be null
C/C++:  6749 |     virtual void* GetAllocationUserData(VmaAllocHandle allocHandle) const = 0;
C/C++:       |                 ^
C/C++:       |                   _Nullable
C/C++: D:/Foundation-SM64/Android/app/.cxx/Debug/592n6c1o/arm64-v8a/_deps/vulkanmemoryallocator-src/include/vk_mem_alloc.h:6749:17: note: insert '_Nonnull' if the pointer should never be null
C/C++:  6749 |     virtual void* GetAllocationUserData(VmaAllocHandle allocHandle) const = 0;
C/C++:       |                 ^
C/C++:       |                   _Nonnull
C/C++: D:/Foundation-SM64/Android/app/.cxx/Debug/592n6c1o/arm64-v8a/_deps/vulkanmemoryallocator-src/include/vk_mem_alloc.h:6751:13: warning: pointer is missing a nullability type specifier (_Nonnull, _Nullable, or _Null_unspecified) [-Wnullability-completeness]
C/C++:  6751 |     virtual VmaAllocHandle GetAllocationListBegin() const = 0;
C/C++:       |             ^
C/C++: D:/Foundation-SM64/Android/app/.cxx/Debug/592n6c1o/arm64-v8a/_deps/vulkanmemoryallocator-src/include/vk_mem_alloc.h:6751:13: note: insert '_Nullable' if the pointer may be null
C/C++:  6751 |     virtual VmaAllocHandle GetAllocationListBegin() const = 0;
C/C++:       |             ^
C/C++:       |                            _Nullable
C/C++: D:/Foundation-SM64/Android/app/.cxx/Debug/592n6c1o/arm64-v8a/_deps/vulkanmemoryallocator-src/include/vk_mem_alloc.h:6751:13: note: insert '_Nonnull' if the pointer should never be null
C/C++:  6751 |     virtual VmaAllocHandle GetAllocationListBegin() const = 0;
C/C++:       |             ^
C/C++:       |                            _Nonnull
C/C++: D:/Foundation-SM64/Android/app/.cxx/Debug/592n6c1o/arm64-v8a/_deps/vulkanmemoryallocator-src/include/vk_mem_alloc.h:6752:46: warning: pointer is missing a nullability type specifier (_Nonnull, _Nullable, or _Null_unspecified) [-Wnullability-completeness]
C/C++:  6752 |     virtual VmaAllocHandle GetNextAllocation(VmaAllocHandle prevAlloc) const = 0;
C/C++:       |                                              ^
C/C++: D:/Foundation-SM64/Android/app/.cxx/Debug/592n6c1o/arm64-v8a/_deps/vulkanmemoryallocator-src/include/vk_mem_alloc.h:6752:46: note: insert '_Nullable' if the pointer may be null
C/C++:  6752 |     virtual VmaAllocHandle GetNextAllocation(VmaAllocHandle prevAlloc) const = 0;
C/C++:       |                                              ^
C/C++:       |                                                             _Nullable
C/C++: D:/Foundation-SM64/Android/app/.cxx/Debug/592n6c1o/arm64-v8a/_deps/vulkanmemoryallocator-src/include/vk_mem_alloc.h:6752:46: note: insert '_Nonnull' if the pointer should never be null
C/C++:  6752 |     virtual VmaAllocHandle GetNextAllocation(VmaAllocHandle prevAlloc) const = 0;
C/C++:       |                                              ^
C/C++:       |                                                             _Nonnull
C/C++: D:/Foundation-SM64/Android/app/.cxx/Debug/592n6c1o/arm64-v8a/_deps/vulkanmemoryallocator-src/include/vk_mem_alloc.h:6752:13: warning: pointer is missing a nullability type specifier (_Nonnull, _Nullable, or _Null_unspecified) [-Wnullability-completeness]
C/C++:  6752 |     virtual VmaAllocHandle GetNextAllocation(VmaAllocHandle prevAlloc) const = 0;
C/C++:       |             ^
C/C++: D:/Foundation-SM64/Android/app/.cxx/Debug/592n6c1o/arm64-v8a/_deps/vulkanmemoryallocator-src/include/vk_mem_alloc.h:6752:13: note: insert '_Nullable' if the pointer may be null
C/C++:  6752 |     virtual VmaAllocHandle GetNextAllocation(VmaAllocHandle prevAlloc) const = 0;
C/C++:       |             ^
C/C++:       |                            _Nullable
C/C++: D:/Foundation-SM64/Android/app/.cxx/Debug/592n6c1o/arm64-v8a/_deps/vulkanmemoryallocator-src/include/vk_mem_alloc.h:6752:13: note: insert '_Nonnull' if the pointer should never be null
C/C++:  6752 |     virtual VmaAllocHandle GetNextAllocation(VmaAllocHandle prevAlloc) const = 0;
C/C++:       |             ^
C/C++:       |                            _Nonnull
C/C++: D:/Foundation-SM64/Android/app/.cxx/Debug/592n6c1o/arm64-v8a/_deps/vulkanmemoryallocator-src/include/vk_mem_alloc.h:6753:48: warning: pointer is missing a nullability type specifier (_Nonnull, _Nullable, or _Null_unspecified) [-Wnullability-completeness]
C/C++:  6753 |     virtual VkDeviceSize GetNextFreeRegionSize(VmaAllocHandle alloc) const = 0;
C/C++:       |                                                ^
C/C++: D:/Foundation-SM64/Android/app/.cxx/Debug/592n6c1o/arm64-v8a/_deps/vulkanmemoryallocator-src/include/vk_mem_alloc.h:6753:48: note: insert '_Nullable' if the pointer may be null
C/C++:  6753 |     virtual VkDeviceSize GetNextFreeRegionSize(VmaAllocHandle alloc) const = 0;
C/C++:       |                                                ^
C/C++:       |                                                               _Nullable
C/C++: D:/Foundation-SM64/Android/app/.cxx/Debug/592n6c1o/arm64-v8a/_deps/vulkanmemoryallocator-src/include/vk_mem_alloc.h:6753:48: note: insert '_Nonnull' if the pointer should never be null
C/C++:  6753 |     virtual VkDeviceSize GetNextFreeRegionSize(VmaAllocHandle alloc) const = 0;
C/C++:       |                                                ^
C/C++:       |                                                               _Nonnull
C/C++: D:/Foundation-SM64/Android/app/.cxx/Debug/592n6c1o/arm64-v8a/_deps/vulkanmemoryallocator-src/include/vk_mem_alloc.h:6773:29: warning: pointer is missing a nullability type specifier (_Nonnull, _Nullable, or _Null_unspecified) [-Wnullability-completeness]
C/C++:  6773 |         VmaAllocationRequest* pAllocationRequest) = 0;
C/C++:       |                             ^
C/C++: D:/Foundation-SM64/Android/app/.cxx/Debug/592n6c1o/arm64-v8a/_deps/vulkanmemoryallocator-src/include/vk_mem_alloc.h:6773:29: note: insert '_Nullable' if the pointer may be null
C/C++:  6773 |         VmaAllocationRequest* pAllocationRequest) = 0;
C/C++:       |                             ^
C/C++:       |                               _Nullable
C/C++: D:/Foundation-SM64/Android/app/.cxx/Debug/592n6c1o/arm64-v8a/_deps/vulkanmemoryallocator-src/include/vk_mem_alloc.h:6773:29: note: insert '_Nonnull' if the pointer should never be null
C/C++:  6773 |         VmaAllocationRequest* pAllocationRequest) = 0;
C/C++:       |                             ^
C/C++:       |                               _Nonnull
C/C++: D:/Foundation-SM64/Android/app/.cxx/Debug/592n6c1o/arm64-v8a/_deps/vulkanmemoryallocator-src/include/vk_mem_alloc.h:6775:48: warning: pointer is missing a nullability type specifier (_Nonnull, _Nullable, or _Null_unspecified) [-Wnullability-completeness]
C/C++:  6775 |     virtual VkResult CheckCorruption(const void* pBlockData) = 0;
C/C++:       |                                                ^
C/C++: D:/Foundation-SM64/Android/app/.cxx/Debug/592n6c1o/arm64-v8a/_deps/vulkanmemoryallocator-src/include/vk_mem_alloc.h:6775:48: note: insert '_Nullable' if the pointer may be null
C/C++:  6775 |     virtual VkResult CheckCorruption(const void* pBlockData) = 0;
C/C++:       |                                                ^
C/C++:       |                                                  _Nullable
C/C++: D:/Foundation-SM64/Android/app/.cxx/Debug/592n6c1o/arm64-v8a/_deps/vulkanmemoryallocator-src/include/vk_mem_alloc.h:6775:48: note: insert '_Nonnull' if the pointer should never be null
C/C++:  6775 |     virtual VkResult CheckCorruption(const void* pBlockData) = 0;
C/C++:       |                                                ^
C/C++:       |                                                  _Nonnull
C/C++: D:/Foundation-SM64/Android/app/.cxx/Debug/592n6c1o/arm64-v8a/_deps/vulkanmemoryallocator-src/include/vk_mem_alloc.h:6781:13: warning: pointer is missing a nullability type specifier (_Nonnull, _Nullable, or _Null_unspecified) [-Wnullability-completeness]
C/C++:  6781 |         void* userData) = 0;
C/C++:       |             ^
C/C++: D:/Foundation-SM64/Android/app/.cxx/Debug/592n6c1o/arm64-v8a/_deps/vulkanmemoryallocator-src/include/vk_mem_alloc.h:6781:13: note: insert '_Nullable' if the pointer may be null
C/C++:  6781 |         void* userData) = 0;
C/C++:       |             ^
C/C++:       |               _Nullable
C/C++: D:/Foundation-SM64/Android/app/.cxx/Debug/592n6c1o/arm64-v8a/_deps/vulkanmemoryallocator-src/include/vk_mem_alloc.h:6781:13: note: insert '_Nonnull' if the pointer should never be null
C/C++:  6781 |         void* userData) = 0;
C/C++:       |             ^
C/C++:       |               _Nonnull
C/C++: D:/Foundation-SM64/Android/app/.cxx/Debug/592n6c1o/arm64-v8a/_deps/vulkanmemoryallocator-src/include/vk_mem_alloc.h:6784:23: warning: pointer is missing a nullability type specifier (_Nonnull, _Nullable, or _Null_unspecified) [-Wnullability-completeness]
C/C++:  6784 |     virtual void Free(VmaAllocHandle allocHandle) = 0;
C/C++:       |                       ^
C/C++: D:/Foundation-SM64/Android/app/.cxx/Debug/592n6c1o/arm64-v8a/_deps/vulkanmemoryallocator-src/include/vk_mem_alloc.h:6784:23: note: insert '_Nullable' if the pointer may be null
C/C++:  6784 |     virtual void Free(VmaAllocHandle allocHandle) = 0;
C/C++:       |                       ^
C/C++:       |                                      _Nullable
C/C++: D:/Foundation-SM64/Android/app/.cxx/Debug/592n6c1o/arm64-v8a/_deps/vulkanmemoryallocator-src/include/vk_mem_alloc.h:6784:23: note: insert '_Nonnull' if the pointer should never be null
C/C++:  6784 |     virtual void Free(VmaAllocHandle allocHandle) = 0;
C/C++:       |                       ^
C/C++:       |                                      _Nonnull
C/C++: D:/Foundation-SM64/Android/app/.cxx/Debug/592n6c1o/arm64-v8a/_deps/vulkanmemoryallocator-src/include/vk_mem_alloc.h:6790:40: warning: pointer is missing a nullability type specifier (_Nonnull, _Nullable, or _Null_unspecified) [-Wnullability-completeness]
C/C++:  6790 |     virtual void SetAllocationUserData(VmaAllocHandle allocHandle, void* userData) = 0;
C/C++:       |                                        ^
C/C++: D:/Foundation-SM64/Android/app/.cxx/Debug/592n6c1o/arm64-v8a/_deps/vulkanmemoryallocator-src/include/vk_mem_alloc.h:6790:40: note: insert '_Nullable' if the pointer may be null
C/C++:  6790 |     virtual void SetAllocationUserData(VmaAllocHandle allocHandle, void* userData) = 0;
C/C++:       |                                        ^
C/C++:       |                                                       _Nullable
C/C++: D:/Foundation-SM64/Android/app/.cxx/Debug/592n6c1o/arm64-v8a/_deps/vulkanmemoryallocator-src/include/vk_mem_alloc.h:6790:40: note: insert '_Nonnull' if the pointer should never be null
C/C++:  6790 |     virtual void SetAllocationUserData(VmaAllocHandle allocHandle, void* userData) = 0;
C/C++:       |                                        ^
C/C++:       |                                                       _Nonnull
C/C++: D:/Foundation-SM64/Android/app/.cxx/Debug/592n6c1o/arm64-v8a/_deps/vulkanmemoryallocator-src/include/vk_mem_alloc.h:6790:72: warning: pointer is missing a nullability type specifier (_Nonnull, _Nullable, or _Null_unspecified) [-Wnullability-completeness]
C/C++:  6790 |     virtual void SetAllocationUserData(VmaAllocHandle allocHandle, void* userData) = 0;
C/C++:       |                                                                        ^
C/C++: D:/Foundation-SM64/Android/app/.cxx/Debug/592n6c1o/arm64-v8a/_deps/vulkanmemoryallocator-src/include/vk_mem_alloc.h:6790:72: note: insert '_Nullable' if the pointer may be null
C/C++:  6790 |     virtual void SetAllocationUserData(VmaAllocHandle allocHandle, void* userData) = 0;
C/C++:       |                                                                        ^
C/C++:       |                                                                          _Nullable
C/C++: D:/Foundation-SM64/Android/app/.cxx/Debug/592n6c1o/arm64-v8a/_deps/vulkanmemoryallocator-src/include/vk_mem_alloc.h:6790:72: note: insert '_Nonnull' if the pointer should never be null
C/C++:  6790 |     virtual void SetAllocationUserData(VmaAllocHandle allocHandle, void* userData) = 0;
C/C++:       |                                                                        ^
C/C++:       |                                                                          _Nonnull
C/C++: D:/Foundation-SM64/Android/app/.cxx/Debug/592n6c1o/arm64-v8a/_deps/vulkanmemoryallocator-src/include/vk_mem_alloc.h:6794:32: warning: pointer is missing a nullability type specifier (_Nonnull, _Nullable, or _Null_unspecified) [-Wnullability-completeness]
C/C++:  6794 |     const VkAllocationCallbacks* GetAllocationCallbacks() const { return m_pAllocationCallbacks; }
C/C++:       |                                ^
C/C++: D:/Foundation-SM64/Android/app/.cxx/Debug/592n6c1o/arm64-v8a/_deps/vulkanmemoryallocator-src/include/vk_mem_alloc.h:6794:32: note: insert '_Nullable' if the pointer may be null
C/C++:  6794 |     const VkAllocationCallbacks* GetAllocationCallbacks() const { return m_pAllocationCallbacks; }
C/C++:       |                                ^
C/C++:       |                                  _Nullable
C/C++: D:/Foundation-SM64/Android/app/.cxx/Debug/592n6c1o/arm64-v8a/_deps/vulkanmemoryallocator-src/include/vk_mem_alloc.h:6794:32: note: insert '_Nonnull' if the pointer should never be null
C/C++:  6794 |     const VkAllocationCallbacks* GetAllocationCallbacks() const { return m_pAllocationCallbacks; }
C/C++:       |                                ^
C/C++:       |                                  _Nonnull
C/C++: D:/Foundation-SM64/Android/app/.cxx/Debug/592n6c1o/arm64-v8a/_deps/vulkanmemoryallocator-src/include/vk_mem_alloc.h:6798:73: warning: pointer is missing a nullability type specifier (_Nonnull, _Nullable, or _Null_unspecified) [-Wnullability-completeness]
C/C++:  6798 |     void DebugLogAllocation(VkDeviceSize offset, VkDeviceSize size, void* userData) const;
C/C++:       |                                                                         ^
C/C++: D:/Foundation-SM64/Android/app/.cxx/Debug/592n6c1o/arm64-v8a/_deps/vulkanmemoryallocator-src/include/vk_mem_alloc.h:6798:73: note: insert '_Nullable' if the pointer may be null
C/C++:  6798 |     void DebugLogAllocation(VkDeviceSize offset, VkDeviceSize size, void* userData) const;
C/C++:       |                                                                         ^
C/C++:       |                                                                           _Nullable
C/C++: D:/Foundation-SM64/Android/app/.cxx/Debug/592n6c1o/arm64-v8a/_deps/vulkanmemoryallocator-src/include/vk_mem_alloc.h:6798:73: note: insert '_Nonnull' if the pointer should never be null
C/C++:  6798 |     void DebugLogAllocation(VkDeviceSize offset, VkDeviceSize size, void* userData) const;
C/C++:       |                                                                         ^
C/C++:       |                                                                           _Nonnull
C/C++: D:/Foundation-SM64/Android/app/.cxx/Debug/592n6c1o/arm64-v8a/_deps/vulkanmemoryallocator-src/include/vk_mem_alloc.h:6806:53: warning: pointer is missing a nullability type specifier (_Nonnull, _Nullable, or _Null_unspecified) [-Wnullability-completeness]
C/C++:  6806 |         VkDeviceSize offset, VkDeviceSize size, void* userData) const;
C/C++:       |                                                     ^
C/C++: D:/Foundation-SM64/Android/app/.cxx/Debug/592n6c1o/arm64-v8a/_deps/vulkanmemoryallocator-src/include/vk_mem_alloc.h:6806:53: note: insert '_Nullable' if the pointer may be null
C/C++:  6806 |         VkDeviceSize offset, VkDeviceSize size, void* userData) const;
C/C++:       |                                                     ^
C/C++:       |                                                       _Nullable
C/C++: D:/Foundation-SM64/Android/app/.cxx/Debug/592n6c1o/arm64-v8a/_deps/vulkanmemoryallocator-src/include/vk_mem_alloc.h:6806:53: note: insert '_Nonnull' if the pointer should never be null
C/C++:  6806 |         VkDeviceSize offset, VkDeviceSize size, void* userData) const;
C/C++:       |                                                     ^
C/C++:       |                                                       _Nonnull
C/C++: D:/Foundation-SM64/Android/app/.cxx/Debug/592n6c1o/arm64-v8a/_deps/vulkanmemoryallocator-src/include/vk_mem_alloc.h:6815:32: warning: pointer is missing a nullability type specifier (_Nonnull, _Nullable, or _Null_unspecified) [-Wnullability-completeness]
C/C++:  6815 |     const VkAllocationCallbacks* m_pAllocationCallbacks;
C/C++:       |                                ^
C/C++: D:/Foundation-SM64/Android/app/.cxx/Debug/592n6c1o/arm64-v8a/_deps/vulkanmemoryallocator-src/include/vk_mem_alloc.h:6815:32: note: insert '_Nullable' if the pointer may be null
C/C++:  6815 |     const VkAllocationCallbacks* m_pAllocationCallbacks;
C/C++:       |                                ^
C/C++:       |                                  _Nullable
C/C++: D:/Foundation-SM64/Android/app/.cxx/Debug/592n6c1o/arm64-v8a/_deps/vulkanmemoryallocator-src/include/vk_mem_alloc.h:6815:32: note: insert '_Nonnull' if the pointer should never be null
C/C++:  6815 |     const VkAllocationCallbacks* m_pAllocationCallbacks;
C/C++:       |                                ^
C/C++:       |                                  _Nonnull
C/C++: D:/Foundation-SM64/Android/app/.cxx/Debug/592n6c1o/arm64-v8a/_deps/vulkanmemoryallocator-src/include/vk_mem_alloc.h:6821:63: warning: pointer is missing a nullability type specifier (_Nonnull, _Nullable, or _Null_unspecified) [-Wnullability-completeness]
C/C++:  6821 | VmaBlockMetadata::VmaBlockMetadata(const VkAllocationCallbacks* pAllocationCallbacks,
C/C++:       |                                                               ^
C/C++: D:/Foundation-SM64/Android/app/.cxx/Debug/592n6c1o/arm64-v8a/_deps/vulkanmemoryallocator-src/include/vk_mem_alloc.h:6821:63: note: insert '_Nullable' if the pointer may be null
C/C++:  6821 | VmaBlockMetadata::VmaBlockMetadata(const VkAllocationCallbacks* pAllocationCallbacks,
C/C++:       |                                                               ^
C/C++:       |                                                                 _Nullable
C/C++: D:/Foundation-SM64/Android/app/.cxx/Debug/592n6c1o/arm64-v8a/_deps/vulkanmemoryallocator-src/include/vk_mem_alloc.h:6821:63: note: insert '_Nonnull' if the pointer should never be null
C/C++:  6821 | VmaBlockMetadata::VmaBlockMetadata(const VkAllocationCallbacks* pAllocationCallbacks,
C/C++:       |                                                               ^
C/C++:       |                                                                 _Nonnull
C/C++: D:/Foundation-SM64/Android/app/.cxx/Debug/592n6c1o/arm64-v8a/_deps/vulkanmemoryallocator-src/include/vk_mem_alloc.h:6828:87: warning: pointer is missing a nullability type specifier (_Nonnull, _Nullable, or _Null_unspecified) [-Wnullability-completeness]
C/C++:  6828 | void VmaBlockMetadata::DebugLogAllocation(VkDeviceSize offset, VkDeviceSize size, void* userData) const
C/C++:       |                                                                                       ^
C/C++: D:/Foundation-SM64/Android/app/.cxx/Debug/592n6c1o/arm64-v8a/_deps/vulkanmemoryallocator-src/include/vk_mem_alloc.h:6828:87: note: insert '_Nullable' if the pointer may be null
C/C++:  6828 | void VmaBlockMetadata::DebugLogAllocation(VkDeviceSize offset, VkDeviceSize size, void* userData) const
C/C++:       |                                                                                       ^
C/C++:       |                                                                                         _Nullable
C/C++: D:/Foundation-SM64/Android/app/.cxx/Debug/592n6c1o/arm64-v8a/_deps/vulkanmemoryallocator-src/include/vk_mem_alloc.h:6828:87: note: insert '_Nonnull' if the pointer should never be null
C/C++:  6828 | void VmaBlockMetadata::DebugLogAllocation(VkDeviceSize offset, VkDeviceSize size, void* userData) const
C/C++:       |                                                                                       ^
C/C++:       |                                                                                         _Nonnull
C/C++: D:/Foundation-SM64/Android/app/.cxx/Debug/592n6c1o/arm64-v8a/_deps/vulkanmemoryallocator-src/include/vk_mem_alloc.h:6877:49: warning: pointer is missing a nullability type specifier (_Nonnull, _Nullable, or _Null_unspecified) [-Wnullability-completeness]
C/C++:  6877 |     VkDeviceSize offset, VkDeviceSize size, void* userData) const
C/C++:       |                                                 ^
C/C++: D:/Foundation-SM64/Android/app/.cxx/Debug/592n6c1o/arm64-v8a/_deps/vulkanmemoryallocator-src/include/vk_mem_alloc.h:6877:49: note: insert '_Nullable' if the pointer may be null
C/C++:  6877 |     VkDeviceSize offset, VkDeviceSize size, void* userData) const
C/C++:       |                                                 ^
C/C++:       |                                                   _Nullable
C/C++: D:/Foundation-SM64/Android/app/.cxx/Debug/592n6c1o/arm64-v8a/_deps/vulkanmemoryallocator-src/include/vk_mem_alloc.h:6877:49: note: insert '_Nonnull' if the pointer should never be null
C/C++:  6877 |     VkDeviceSize offset, VkDeviceSize size, void* userData) const
C/C++:       |                                                 ^
C/C++:       |                                                   _Nonnull
C/C++: D:/Foundation-SM64/Android/app/.cxx/Debug/592n6c1o/arm64-v8a/_deps/vulkanmemoryallocator-src/include/vk_mem_alloc.h:6936:36: warning: pointer is missing a nullability type specifier (_Nonnull, _Nullable, or _Null_unspecified) [-Wnullability-completeness]
C/C++:  6936 |         const VkAllocationCallbacks* allocCallbacks;
C/C++:       |                                    ^
C/C++: D:/Foundation-SM64/Android/app/.cxx/Debug/592n6c1o/arm64-v8a/_deps/vulkanmemoryallocator-src/include/vk_mem_alloc.h:6936:36: note: insert '_Nullable' if the pointer may be null
C/C++:  6936 |         const VkAllocationCallbacks* allocCallbacks;
C/C++:       |                                    ^
C/C++:       |                                      _Nullable
C/C++: D:/Foundation-SM64/Android/app/.cxx/Debug/592n6c1o/arm64-v8a/_deps/vulkanmemoryallocator-src/include/vk_mem_alloc.h:6936:36: note: insert '_Nonnull' if the pointer should never be null
C/C++:  6936 |         const VkAllocationCallbacks* allocCallbacks;
C/C++:       |                                    ^
C/C++:       |                                      _Nonnull
C/C++: D:/Foundation-SM64/Android/app/.cxx/Debug/592n6c1o/arm64-v8a/_deps/vulkanmemoryallocator-src/include/vk_mem_alloc.h:6937:17: warning: pointer is missing a nullability type specifier (_Nonnull, _Nullable, or _Null_unspecified) [-Wnullability-completeness]
C/C++:  6937 |         uint16_t* pageAllocs;
C/C++:       |                 ^
C/C++: D:/Foundation-SM64/Android/app/.cxx/Debug/592n6c1o/arm64-v8a/_deps/vulkanmemoryallocator-src/include/vk_mem_alloc.h:6937:17: note: insert '_Nullable' if the pointer may be null
C/C++:  6937 |         uint16_t* pageAllocs;
C/C++:       |                 ^
C/C++:       |                   _Nullable
C/C++: D:/Foundation-SM64/Android/app/.cxx/Debug/592n6c1o/arm64-v8a/_deps/vulkanmemoryallocator-src/include/vk_mem_alloc.h:6937:17: note: insert '_Nonnull' if the pointer should never be null
C/C++:  6937 |         uint16_t* pageAllocs;
C/C++:       |                 ^
C/C++:       |                   _Nonnull
C/C++: D:/Foundation-SM64/Android/app/.cxx/Debug/592n6c1o/arm64-v8a/_deps/vulkanmemoryallocator-src/include/vk_mem_alloc.h:6945:42: warning: pointer is missing a nullability type specifier (_Nonnull, _Nullable, or _Null_unspecified) [-Wnullability-completeness]
C/C++:  6945 |     void Init(const VkAllocationCallbacks* pAllocationCallbacks, VkDeviceSize size);
C/C++:       |                                          ^
C/C++: D:/Foundation-SM64/Android/app/.cxx/Debug/592n6c1o/arm64-v8a/_deps/vulkanmemoryallocator-src/include/vk_mem_alloc.h:6945:42: note: insert '_Nullable' if the pointer may be null
C/C++:  6945 |     void Init(const VkAllocationCallbacks* pAllocationCallbacks, VkDeviceSize size);
C/C++:       |                                          ^
C/C++:       |                                            _Nullable
C/C++: D:/Foundation-SM64/Android/app/.cxx/Debug/592n6c1o/arm64-v8a/_deps/vulkanmemoryallocator-src/include/vk_mem_alloc.h:6945:42: note: insert '_Nonnull' if the pointer should never be null
C/C++:  6945 |     void Init(const VkAllocationCallbacks* pAllocationCallbacks, VkDeviceSize size);
C/C++:       |                                          ^
C/C++:       |                                            _Nonnull
C/C++: D:/Foundation-SM64/Android/app/.cxx/Debug/592n6c1o/arm64-v8a/_deps/vulkanmemoryallocator-src/include/vk_mem_alloc.h:6947:45: warning: pointer is missing a nullability type specifier (_Nonnull, _Nullable, or _Null_unspecified) [-Wnullability-completeness]
C/C++:  6947 |     void Destroy(const VkAllocationCallbacks* pAllocationCallbacks);
C/C++:       |                                             ^
C/C++: D:/Foundation-SM64/Android/app/.cxx/Debug/592n6c1o/arm64-v8a/_deps/vulkanmemoryallocator-src/include/vk_mem_alloc.h:6947:45: note: insert '_Nullable' if the pointer may be null
C/C++:  6947 |     void Destroy(const VkAllocationCallbacks* pAllocationCallbacks);
C/C++:       |                                             ^
C/C++:       |                                               _Nullable
C/C++: D:/Foundation-SM64/Android/app/.cxx/Debug/592n6c1o/arm64-v8a/_deps/vulkanmemoryallocator-src/include/vk_mem_alloc.h:6947:45: note: insert '_Nonnull' if the pointer should never be null
C/C++:  6947 |     void Destroy(const VkAllocationCallbacks* pAllocationCallbacks);
C/C++:       |                                             ^
C/C++:       |                                               _Nonnull
C/C++: D:/Foundation-SM64/Android/app/.cxx/Debug/592n6c1o/arm64-v8a/_deps/vulkanmemoryallocator-src/include/vk_mem_alloc.h:6963:66: warning: pointer is missing a nullability type specifier (_Nonnull, _Nullable, or _Null_unspecified) [-Wnullability-completeness]
C/C++:  6963 |     ValidationContext StartValidation(const VkAllocationCallbacks* pAllocationCallbacks,
C/C++:       |                                                                  ^
C/C++: D:/Foundation-SM64/Android/app/.cxx/Debug/592n6c1o/arm64-v8a/_deps/vulkanmemoryallocator-src/include/vk_mem_alloc.h:6963:66: note: insert '_Nullable' if the pointer may be null
C/C++:  6963 |     ValidationContext StartValidation(const VkAllocationCallbacks* pAllocationCallbacks,
C/C++:       |                                                                  ^
C/C++:       |                                                                    _Nullable
C/C++: D:/Foundation-SM64/Android/app/.cxx/Debug/592n6c1o/arm64-v8a/_deps/vulkanmemoryallocator-src/include/vk_mem_alloc.h:6963:66: note: insert '_Nonnull' if the pointer should never be null
C/C++:  6963 |     ValidationContext StartValidation(const VkAllocationCallbacks* pAllocationCallbacks,
C/C++:       |                                                                  ^
C/C++:       |                                                                    _Nonnull
C/C++: D:/Foundation-SM64/Android/app/.cxx/Debug/592n6c1o/arm64-v8a/_deps/vulkanmemoryallocator-src/include/vk_mem_alloc.h:6979:15: warning: pointer is missing a nullability type specifier (_Nonnull, _Nullable, or _Null_unspecified) [-Wnullability-completeness]
C/C++:  6979 |     RegionInfo* m_RegionInfo;
C/C++:       |               ^
C/C++: D:/Foundation-SM64/Android/app/.cxx/Debug/592n6c1o/arm64-v8a/_deps/vulkanmemoryallocator-src/include/vk_mem_alloc.h:6979:15: note: insert '_Nullable' if the pointer may be null
C/C++:  6979 |     RegionInfo* m_RegionInfo;
C/C++:       |               ^
C/C++:       |                 _Nullable
C/C++: D:/Foundation-SM64/Android/app/.cxx/Debug/592n6c1o/arm64-v8a/_deps/vulkanmemoryallocator-src/include/vk_mem_alloc.h:6979:15: note: insert '_Nonnull' if the pointer should never be null
C/C++:  6979 |     RegionInfo* m_RegionInfo;
C/C++:       |               ^
C/C++:       |                 _Nonnull
C/C++: D:/Foundation-SM64/Android/app/.cxx/Debug/592n6c1o/arm64-v8a/_deps/vulkanmemoryallocator-src/include/vk_mem_alloc.h:6999:70: warning: pointer is missing a nullability type specifier (_Nonnull, _Nullable, or _Null_unspecified) [-Wnullability-completeness]
C/C++:  6999 | void VmaBlockBufferImageGranularity::Init(const VkAllocationCallbacks* pAllocationCallbacks, VkDeviceSize size)
C/C++:       |                                                                      ^
C/C++: D:/Foundation-SM64/Android/app/.cxx/Debug/592n6c1o/arm64-v8a/_deps/vulkanmemoryallocator-src/include/vk_mem_alloc.h:6999:70: note: insert '_Nullable' if the pointer may be null
C/C++:  6999 | void VmaBlockBufferImageGranularity::Init(const VkAllocationCallbacks* pAllocationCallbacks, VkDeviceSize size)
C/C++:       |                                                                      ^
C/C++:       |                                                                        _Nullable
C/C++: D:/Foundation-SM64/Android/app/.cxx/Debug/592n6c1o/arm64-v8a/_deps/vulkanmemoryallocator-src/include/vk_mem_alloc.h:6999:70: note: insert '_Nonnull' if the pointer should never be null
C/C++:  6999 | void VmaBlockBufferImageGranularity::Init(const VkAllocationCallbacks* pAllocationCallbacks, VkDeviceSize size)
C/C++:       |                                                                      ^
C/C++:       |                                                                        _Nonnull
C/C++: D:/Foundation-SM64/Android/app/.cxx/Debug/592n6c1o/arm64-v8a/_deps/vulkanmemoryallocator-src/include/vk_mem_alloc.h:7009:73: warning: pointer is missing a nullability type specifier (_Nonnull, _Nullable, or _Null_unspecified) [-Wnullability-completeness]
C/C++:  7009 | void VmaBlockBufferImageGranularity::Destroy(const VkAllocationCallbacks* pAllocationCallbacks)
C/C++:       |                                                                         ^
C/C++: D:/Foundation-SM64/Android/app/.cxx/Debug/592n6c1o/arm64-v8a/_deps/vulkanmemoryallocator-src/include/vk_mem_alloc.h:7009:73: note: insert '_Nullable' if the pointer may be null
C/C++:  7009 | void VmaBlockBufferImageGranularity::Destroy(const VkAllocationCallbacks* pAllocationCallbacks)
C/C++:       |                                                                         ^
C/C++:       |                                                                           _Nullable
C/C++: D:/Foundation-SM64/Android/app/.cxx/Debug/592n6c1o/arm64-v8a/_deps/vulkanmemoryallocator-src/include/vk_mem_alloc.h:7009:73: note: insert '_Nonnull' if the pointer should never be null
C/C++:  7009 | void VmaBlockBufferImageGranularity::Destroy(const VkAllocationCallbacks* pAllocationCallbacks)
C/C++:       |                                                                         ^
C/C++:       |                                                                           _Nonnull
C/C++: D:/Foundation-SM64/Android/app/.cxx/Debug/592n6c1o/arm64-v8a/_deps/vulkanmemoryallocator-src/include/vk_mem_alloc.h:7101:32: warning: pointer is missing a nullability type specifier (_Nonnull, _Nullable, or _Null_unspecified) [-Wnullability-completeness]
C/C++:  7101 |     const VkAllocationCallbacks* pAllocationCallbacks, bool isVirutal) const
C/C++:       |                                ^
C/C++: D:/Foundation-SM64/Android/app/.cxx/Debug/592n6c1o/arm64-v8a/_deps/vulkanmemoryallocator-src/include/vk_mem_alloc.h:7101:32: note: insert '_Nullable' if the pointer may be null
C/C++:  7101 |     const VkAllocationCallbacks* pAllocationCallbacks, bool isVirutal) const
C/C++:       |                                ^
C/C++:       |                                  _Nullable
C/C++: D:/Foundation-SM64/Android/app/.cxx/Debug/592n6c1o/arm64-v8a/_deps/vulkanmemoryallocator-src/include/vk_mem_alloc.h:7101:32: note: insert '_Nonnull' if the pointer should never be null
C/C++:  7101 |     const VkAllocationCallbacks* pAllocationCallbacks, bool isVirutal) const
C/C++:       |                                ^
C/C++:       |                                  _Nonnull
C/C++: D:/Foundation-SM64/Android/app/.cxx/Debug/592n6c1o/arm64-v8a/_deps/vulkanmemoryallocator-src/include/vk_mem_alloc.h:7247:56: warning: pointer is missing a nullability type specifier (_Nonnull, _Nullable, or _Null_unspecified) [-Wnullability-completeness]
C/C++:  7247 |     VmaBlockMetadata_Linear(const VkAllocationCallbacks* pAllocationCallbacks,
C/C++:       |                                                        ^
C/C++: D:/Foundation-SM64/Android/app/.cxx/Debug/592n6c1o/arm64-v8a/_deps/vulkanmemoryallocator-src/include/vk_mem_alloc.h:7247:56: note: insert '_Nullable' if the pointer may be null
C/C++:  7247 |     VmaBlockMetadata_Linear(const VkAllocationCallbacks* pAllocationCallbacks,
C/C++:       |                                                        ^
C/C++:       |                                                          _Nullable
C/C++: D:/Foundation-SM64/Android/app/.cxx/Debug/592n6c1o/arm64-v8a/_deps/vulkanmemoryallocator-src/include/vk_mem_alloc.h:7247:56: note: insert '_Nonnull' if the pointer should never be null
C/C++:  7247 |     VmaBlockMetadata_Linear(const VkAllocationCallbacks* pAllocationCallbacks,
C/C++:       |                                                        ^
C/C++:       |                                                          _Nonnull
C/C++: D:/Foundation-SM64/Android/app/.cxx/Debug/592n6c1o/arm64-v8a/_deps/vulkanmemoryallocator-src/include/vk_mem_alloc.h:7253:38: warning: pointer is missing a nullability type specifier (_Nonnull, _Nullable, or _Null_unspecified) [-Wnullability-completeness]
C/C++:  7253 |     VkDeviceSize GetAllocationOffset(VmaAllocHandle allocHandle) const override { return (VkDeviceSize)allocHandle - 1; }
C/C++:       |                                      ^
C/C++: D:/Foundation-SM64/Android/app/.cxx/Debug/592n6c1o/arm64-v8a/_deps/vulkanmemoryallocator-src/include/vk_mem_alloc.h:7253:38: note: insert '_Nullable' if the pointer may be null
C/C++:  7253 |     VkDeviceSize GetAllocationOffset(VmaAllocHandle allocHandle) const override { return (VkDeviceSize)allocHandle - 1; }
C/C++:       |                                      ^
C/C++:       |                                                     _Nullable
C/C++: D:/Foundation-SM64/Android/app/.cxx/Debug/592n6c1o/arm64-v8a/_deps/vulkanmemoryallocator-src/include/vk_mem_alloc.h:7253:38: note: insert '_Nonnull' if the pointer should never be null
C/C++:  7253 |     VkDeviceSize GetAllocationOffset(VmaAllocHandle allocHandle) const override { return (VkDeviceSize)allocHandle - 1; }
C/C++:       |                                      ^
C/C++:       |                                                     _Nonnull
C/C++: D:/Foundation-SM64/Android/app/.cxx/Debug/592n6c1o/arm64-v8a/_deps/vulkanmemoryallocator-src/include/vk_mem_alloc.h:7273:29: warning: pointer is missing a nullability type specifier (_Nonnull, _Nullable, or _Null_unspecified) [-Wnullability-completeness]
C/C++:  7273 |         VmaAllocationRequest* pAllocationRequest) override;
C/C++:       |                             ^
C/C++: D:/Foundation-SM64/Android/app/.cxx/Debug/592n6c1o/arm64-v8a/_deps/vulkanmemoryallocator-src/include/vk_mem_alloc.h:7273:29: note: insert '_Nullable' if the pointer may be null
C/C++:  7273 |         VmaAllocationRequest* pAllocationRequest) override;
C/C++:       |                             ^
C/C++:       |                               _Nullable
C/C++: D:/Foundation-SM64/Android/app/.cxx/Debug/592n6c1o/arm64-v8a/_deps/vulkanmemoryallocator-src/include/vk_mem_alloc.h:7273:29: note: insert '_Nonnull' if the pointer should never be null
C/C++:  7273 |         VmaAllocationRequest* pAllocationRequest) override;
C/C++:       |                             ^
C/C++:       |                               _Nonnull
C/C++: D:/Foundation-SM64/Android/app/.cxx/Debug/592n6c1o/arm64-v8a/_deps/vulkanmemoryallocator-src/include/vk_mem_alloc.h:7275:40: warning: pointer is missing a nullability type specifier (_Nonnull, _Nullable, or _Null_unspecified) [-Wnullability-completeness]
C/C++:  7275 |     VkResult CheckCorruption(const void* pBlockData) override;
C/C++:       |                                        ^
C/C++: D:/Foundation-SM64/Android/app/.cxx/Debug/592n6c1o/arm64-v8a/_deps/vulkanmemoryallocator-src/include/vk_mem_alloc.h:7275:40: note: insert '_Nullable' if the pointer may be null
C/C++:  7275 |     VkResult CheckCorruption(const void* pBlockData) override;
C/C++:       |                                        ^
C/C++:       |                                          _Nullable
C/C++: D:/Foundation-SM64/Android/app/.cxx/Debug/592n6c1o/arm64-v8a/_deps/vulkanmemoryallocator-src/include/vk_mem_alloc.h:7275:40: note: insert '_Nonnull' if the pointer should never be null
C/C++:  7275 |     VkResult CheckCorruption(const void* pBlockData) override;
C/C++:       |                                        ^
C/C++:       |                                          _Nonnull
C/C++: D:/Foundation-SM64/Android/app/.cxx/Debug/592n6c1o/arm64-v8a/_deps/vulkanmemoryallocator-src/include/vk_mem_alloc.h:7280:13: warning: pointer is missing a nullability type specifier (_Nonnull, _Nullable, or _Null_unspecified) [-Wnullability-completeness]
C/C++:  7280 |         void* userData) override;
C/C++:       |             ^
C/C++: D:/Foundation-SM64/Android/app/.cxx/Debug/592n6c1o/arm64-v8a/_deps/vulkanmemoryallocator-src/include/vk_mem_alloc.h:7280:13: note: insert '_Nullable' if the pointer may be null
C/C++:  7280 |         void* userData) override;
C/C++:       |             ^
C/C++:       |               _Nullable
C/C++: D:/Foundation-SM64/Android/app/.cxx/Debug/592n6c1o/arm64-v8a/_deps/vulkanmemoryallocator-src/include/vk_mem_alloc.h:7280:13: note: insert '_Nonnull' if the pointer should never be null
C/C++:  7280 |         void* userData) override;
C/C++:       |             ^
C/C++:       |               _Nonnull
C/C++: D:/Foundation-SM64/Android/app/.cxx/Debug/592n6c1o/arm64-v8a/_deps/vulkanmemoryallocator-src/include/vk_mem_alloc.h:7282:15: warning: pointer is missing a nullability type specifier (_Nonnull, _Nullable, or _Null_unspecified) [-Wnullability-completeness]
C/C++:  7282 |     void Free(VmaAllocHandle allocHandle) override;
C/C++:       |               ^
C/C++: D:/Foundation-SM64/Android/app/.cxx/Debug/592n6c1o/arm64-v8a/_deps/vulkanmemoryallocator-src/include/vk_mem_alloc.h:7282:15: note: insert '_Nullable' if the pointer may be null
C/C++:  7282 |     void Free(VmaAllocHandle allocHandle) override;
C/C++:       |               ^
C/C++:       |                              _Nullable
C/C++: D:/Foundation-SM64/Android/app/.cxx/Debug/592n6c1o/arm64-v8a/_deps/vulkanmemoryallocator-src/include/vk_mem_alloc.h:7282:15: note: insert '_Nonnull' if the pointer should never be null
C/C++:  7282 |     void Free(VmaAllocHandle allocHandle) override;
C/C++:       |               ^
C/C++:       |                              _Nonnull
C/C++: D:/Foundation-SM64/Android/app/.cxx/Debug/592n6c1o/arm64-v8a/_deps/vulkanmemoryallocator-src/include/vk_mem_alloc.h:7283:28: warning: pointer is missing a nullability type specifier (_Nonnull, _Nullable, or _Null_unspecified) [-Wnullability-completeness]
C/C++:  7283 |     void GetAllocationInfo(VmaAllocHandle allocHandle, VmaVirtualAllocationInfo& outInfo) override;
C/C++:       |                            ^
C/C++: D:/Foundation-SM64/Android/app/.cxx/Debug/592n6c1o/arm64-v8a/_deps/vulkanmemoryallocator-src/include/vk_mem_alloc.h:7283:28: note: insert '_Nullable' if the pointer may be null
C/C++:  7283 |     void GetAllocationInfo(VmaAllocHandle allocHandle, VmaVirtualAllocationInfo& outInfo) override;
C/C++:       |                            ^
C/C++:       |                                           _Nullable
C/C++: D:/Foundation-SM64/Android/app/.cxx/Debug/592n6c1o/arm64-v8a/_deps/vulkanmemoryallocator-src/include/vk_mem_alloc.h:7283:28: note: insert '_Nonnull' if the pointer should never be null
C/C++:  7283 |     void GetAllocationInfo(VmaAllocHandle allocHandle, VmaVirtualAllocationInfo& outInfo) override;
C/C++:       |                            ^
C/C++:       |                                           _Nonnull
C/C++: D:/Foundation-SM64/Android/app/.cxx/Debug/592n6c1o/arm64-v8a/_deps/vulkanmemoryallocator-src/include/vk_mem_alloc.h:7284:33: warning: pointer is missing a nullability type specifier (_Nonnull, _Nullable, or _Null_unspecified) [-Wnullability-completeness]
C/C++:  7284 |     void* GetAllocationUserData(VmaAllocHandle allocHandle) const override;
C/C++:       |                                 ^
C/C++: D:/Foundation-SM64/Android/app/.cxx/Debug/592n6c1o/arm64-v8a/_deps/vulkanmemoryallocator-src/include/vk_mem_alloc.h:7284:33: note: insert '_Nullable' if the pointer may be null
C/C++:  7284 |     void* GetAllocationUserData(VmaAllocHandle allocHandle) const override;
C/C++:       |                                 ^
C/C++:       |                                                _Nullable
C/C++: D:/Foundation-SM64/Android/app/.cxx/Debug/592n6c1o/arm64-v8a/_deps/vulkanmemoryallocator-src/include/vk_mem_alloc.h:7284:33: note: insert '_Nonnull' if the pointer should never be null
C/C++:  7284 |     void* GetAllocationUserData(VmaAllocHandle allocHandle) const override;
C/C++:       |                                 ^
C/C++:       |                                                _Nonnull
C/C++: D:/Foundation-SM64/Android/app/.cxx/Debug/592n6c1o/arm64-v8a/_deps/vulkanmemoryallocator-src/include/vk_mem_alloc.h:7284:9: warning: pointer is missing a nullability type specifier (_Nonnull, _Nullable, or _Null_unspecified) [-Wnullability-completeness]
C/C++:  7284 |     void* GetAllocationUserData(VmaAllocHandle allocHandle) const override;
C/C++:       |         ^
C/C++: D:/Foundation-SM64/Android/app/.cxx/Debug/592n6c1o/arm64-v8a/_deps/vulkanmemoryallocator-src/include/vk_mem_alloc.h:7284:9: note: insert '_Nullable' if the pointer may be null
C/C++:  7284 |     void* GetAllocationUserData(VmaAllocHandle allocHandle) const override;
C/C++:       |         ^
C/C++:       |           _Nullable
C/C++: D:/Foundation-SM64/Android/app/.cxx/Debug/592n6c1o/arm64-v8a/_deps/vulkanmemoryallocator-src/include/vk_mem_alloc.h:7284:9: note: insert '_Nonnull' if the pointer should never be null
C/C++:  7284 |     void* GetAllocationUserData(VmaAllocHandle allocHandle) const override;
C/C++:       |         ^
C/C++:       |           _Nonnull
C/C++: D:/Foundation-SM64/Android/app/.cxx/Debug/592n6c1o/arm64-v8a/_deps/vulkanmemoryallocator-src/include/vk_mem_alloc.h:7285:5: warning: pointer is missing a nullability type specifier (_Nonnull, _Nullable, or _Null_unspecified) [-Wnullability-completeness]
C/C++:  7285 |     VmaAllocHandle GetAllocationListBegin() const override;
C/C++:       |     ^
C/C++: D:/Foundation-SM64/Android/app/.cxx/Debug/592n6c1o/arm64-v8a/_deps/vulkanmemoryallocator-src/include/vk_mem_alloc.h:7285:5: note: insert '_Nullable' if the pointer may be null
C/C++:  7285 |     VmaAllocHandle GetAllocationListBegin() const override;
C/C++:       |     ^
C/C++:       |                    _Nullable
C/C++: D:/Foundation-SM64/Android/app/.cxx/Debug/592n6c1o/arm64-v8a/_deps/vulkanmemoryallocator-src/include/vk_mem_alloc.h:7285:5: note: insert '_Nonnull' if the pointer should never be null
C/C++:  7285 |     VmaAllocHandle GetAllocationListBegin() const override;
C/C++:       |     ^
C/C++:       |                    _Nonnull
C/C++: D:/Foundation-SM64/Android/app/.cxx/Debug/592n6c1o/arm64-v8a/_deps/vulkanmemoryallocator-src/include/vk_mem_alloc.h:7286:38: warning: pointer is missing a nullability type specifier (_Nonnull, _Nullable, or _Null_unspecified) [-Wnullability-completeness]
C/C++:  7286 |     VmaAllocHandle GetNextAllocation(VmaAllocHandle prevAlloc) const override;
C/C++:       |                                      ^
C/C++: D:/Foundation-SM64/Android/app/.cxx/Debug/592n6c1o/arm64-v8a/_deps/vulkanmemoryallocator-src/include/vk_mem_alloc.h:7286:38: note: insert '_Nullable' if the pointer may be null
C/C++:  7286 |     VmaAllocHandle GetNextAllocation(VmaAllocHandle prevAlloc) const override;
C/C++:       |                                      ^
C/C++:       |                                                     _Nullable
C/C++: D:/Foundation-SM64/Android/app/.cxx/Debug/592n6c1o/arm64-v8a/_deps/vulkanmemoryallocator-src/include/vk_mem_alloc.h:7286:38: note: insert '_Nonnull' if the pointer should never be null
C/C++:  7286 |     VmaAllocHandle GetNextAllocation(VmaAllocHandle prevAlloc) const override;
C/C++:       |                                      ^
C/C++:       |                                                     _Nonnull
C/C++: D:/Foundation-SM64/Android/app/.cxx/Debug/592n6c1o/arm64-v8a/_deps/vulkanmemoryallocator-src/include/vk_mem_alloc.h:7286:5: warning: pointer is missing a nullability type specifier (_Nonnull, _Nullable, or _Null_unspecified) [-Wnullability-completeness]
C/C++:  7286 |     VmaAllocHandle GetNextAllocation(VmaAllocHandle prevAlloc) const override;
C/C++:       |     ^
C/C++: D:/Foundation-SM64/Android/app/.cxx/Debug/592n6c1o/arm64-v8a/_deps/vulkanmemoryallocator-src/include/vk_mem_alloc.h:7286:5: note: insert '_Nullable' if the pointer may be null
C/C++:  7286 |     VmaAllocHandle GetNextAllocation(VmaAllocHandle prevAlloc) const override;
C/C++:       |     ^
C/C++:       |                    _Nullable
C/C++: D:/Foundation-SM64/Android/app/.cxx/Debug/592n6c1o/arm64-v8a/_deps/vulkanmemoryallocator-src/include/vk_mem_alloc.h:7286:5: note: insert '_Nonnull' if the pointer should never be null
C/C++:  7286 |     VmaAllocHandle GetNextAllocation(VmaAllocHandle prevAlloc) const override;
C/C++:       |     ^
C/C++:       |                    _Nonnull
C/C++: D:/Foundation-SM64/Android/app/.cxx/Debug/592n6c1o/arm64-v8a/_deps/vulkanmemoryallocator-src/include/vk_mem_alloc.h:7287:40: warning: pointer is missing a nullability type specifier (_Nonnull, _Nullable, or _Null_unspecified) [-Wnullability-completeness]
C/C++:  7287 |     VkDeviceSize GetNextFreeRegionSize(VmaAllocHandle alloc) const override;
C/C++:       |                                        ^
C/C++: D:/Foundation-SM64/Android/app/.cxx/Debug/592n6c1o/arm64-v8a/_deps/vulkanmemoryallocator-src/include/vk_mem_alloc.h:7287:40: note: insert '_Nullable' if the pointer may be null
C/C++:  7287 |     VkDeviceSize GetNextFreeRegionSize(VmaAllocHandle alloc) const override;
C/C++:       |                                        ^
C/C++:       |                                                       _Nullable
C/C++: D:/Foundation-SM64/Android/app/.cxx/Debug/592n6c1o/arm64-v8a/_deps/vulkanmemoryallocator-src/include/vk_mem_alloc.h:7287:40: note: insert '_Nonnull' if the pointer should never be null
C/C++:  7287 |     VkDeviceSize GetNextFreeRegionSize(VmaAllocHandle alloc) const override;
C/C++:       |                                        ^
C/C++:       |                                                       _Nonnull
C/C++: D:/Foundation-SM64/Android/app/.cxx/Debug/592n6c1o/arm64-v8a/_deps/vulkanmemoryallocator-src/include/vk_mem_alloc.h:7289:32: warning: pointer is missing a nullability type specifier (_Nonnull, _Nullable, or _Null_unspecified) [-Wnullability-completeness]
C/C++:  7289 |     void SetAllocationUserData(VmaAllocHandle allocHandle, void* userData) override;
C/C++:       |                                ^
C/C++: D:/Foundation-SM64/Android/app/.cxx/Debug/592n6c1o/arm64-v8a/_deps/vulkanmemoryallocator-src/include/vk_mem_alloc.h:7289:32: note: insert '_Nullable' if the pointer may be null
C/C++:  7289 |     void SetAllocationUserData(VmaAllocHandle allocHandle, void* userData) override;
C/C++:       |                                ^
C/C++:       |                                               _Nullable
C/C++: D:/Foundation-SM64/Android/app/.cxx/Debug/592n6c1o/arm64-v8a/_deps/vulkanmemoryallocator-src/include/vk_mem_alloc.h:7289:32: note: insert '_Nonnull' if the pointer should never be null
C/C++:  7289 |     void SetAllocationUserData(VmaAllocHandle allocHandle, void* userData) override;
C/C++:       |                                ^
C/C++:       |                                               _Nonnull
C/C++: D:/Foundation-SM64/Android/app/.cxx/Debug/592n6c1o/arm64-v8a/_deps/vulkanmemoryallocator-src/include/vk_mem_alloc.h:7289:64: warning: pointer is missing a nullability type specifier (_Nonnull, _Nullable, or _Null_unspecified) [-Wnullability-completeness]
C/C++:  7289 |     void SetAllocationUserData(VmaAllocHandle allocHandle, void* userData) override;
C/C++:       |                                                                ^
C/C++: D:/Foundation-SM64/Android/app/.cxx/Debug/592n6c1o/arm64-v8a/_deps/vulkanmemoryallocator-src/include/vk_mem_alloc.h:7289:64: note: insert '_Nullable' if the pointer may be null
C/C++:  7289 |     void SetAllocationUserData(VmaAllocHandle allocHandle, void* userData) override;
C/C++:       |                                                                ^
C/C++:       |                                                                  _Nullable
C/C++: D:/Foundation-SM64/Android/app/.cxx/Debug/592n6c1o/arm64-v8a/_deps/vulkanmemoryallocator-src/include/vk_mem_alloc.h:7289:64: note: insert '_Nonnull' if the pointer should never be null
C/C++:  7289 |     void SetAllocationUserData(VmaAllocHandle allocHandle, void* userData) override;
C/C++:       |                                                                ^
C/C++:       |                                                                  _Nonnull
C/C++: D:/Foundation-SM64/Android/app/.cxx/Debug/592n6c1o/arm64-v8a/_deps/vulkanmemoryallocator-src/include/vk_mem_alloc.h:7343:29: warning: pointer is missing a nullability type specifier (_Nonnull, _Nullable, or _Null_unspecified) [-Wnullability-completeness]
C/C++:  7343 |         VmaAllocationRequest* pAllocationRequest);
C/C++:       |                             ^
C/C++: D:/Foundation-SM64/Android/app/.cxx/Debug/592n6c1o/arm64-v8a/_deps/vulkanmemoryallocator-src/include/vk_mem_alloc.h:7343:29: note: insert '_Nullable' if the pointer may be null
C/C++:  7343 |         VmaAllocationRequest* pAllocationRequest);
C/C++:       |                             ^
C/C++:       |                               _Nullable
C/C++: D:/Foundation-SM64/Android/app/.cxx/Debug/592n6c1o/arm64-v8a/_deps/vulkanmemoryallocator-src/include/vk_mem_alloc.h:7343:29: note: insert '_Nonnull' if the pointer should never be null
C/C++:  7343 |         VmaAllocationRequest* pAllocationRequest);
C/C++:       |                             ^
C/C++:       |                               _Nonnull
C/C++: D:/Foundation-SM64/Android/app/.cxx/Debug/592n6c1o/arm64-v8a/_deps/vulkanmemoryallocator-src/include/vk_mem_alloc.h:7349:29: warning: pointer is missing a nullability type specifier (_Nonnull, _Nullable, or _Null_unspecified) [-Wnullability-completeness]
C/C++:  7349 |         VmaAllocationRequest* pAllocationRequest);
C/C++:       |                             ^
C/C++: D:/Foundation-SM64/Android/app/.cxx/Debug/592n6c1o/arm64-v8a/_deps/vulkanmemoryallocator-src/include/vk_mem_alloc.h:7349:29: note: insert '_Nullable' if the pointer may be null
C/C++:  7349 |         VmaAllocationRequest* pAllocationRequest);
C/C++:       |                             ^
C/C++:       |                               _Nullable
C/C++: D:/Foundation-SM64/Android/app/.cxx/Debug/592n6c1o/arm64-v8a/_deps/vulkanmemoryallocator-src/include/vk_mem_alloc.h:7349:29: note: insert '_Nonnull' if the pointer should never be null
C/C++:  7349 |         VmaAllocationRequest* pAllocationRequest);
C/C++:       |                             ^
C/C++:       |                               _Nonnull
C/C++: D:/Foundation-SM64/Android/app/.cxx/Debug/592n6c1o/arm64-v8a/_deps/vulkanmemoryallocator-src/include/vk_mem_alloc.h:7353:77: warning: pointer is missing a nullability type specifier (_Nonnull, _Nullable, or _Null_unspecified) [-Wnullability-completeness]
C/C++:  7353 | VmaBlockMetadata_Linear::VmaBlockMetadata_Linear(const VkAllocationCallbacks* pAllocationCallbacks,
C/C++:       |                                                                             ^
C/C++: D:/Foundation-SM64/Android/app/.cxx/Debug/592n6c1o/arm64-v8a/_deps/vulkanmemoryallocator-src/include/vk_mem_alloc.h:7353:77: note: insert '_Nullable' if the pointer may be null
C/C++:  7353 | VmaBlockMetadata_Linear::VmaBlockMetadata_Linear(const VkAllocationCallbacks* pAllocationCallbacks,
C/C++:       |                                                                             ^
C/C++:       |                                                                               _Nullable
C/C++: D:/Foundation-SM64/Android/app/.cxx/Debug/592n6c1o/arm64-v8a/_deps/vulkanmemoryallocator-src/include/vk_mem_alloc.h:7353:77: note: insert '_Nonnull' if the pointer should never be null
C/C++:  7353 | VmaBlockMetadata_Linear::VmaBlockMetadata_Linear(const VkAllocationCallbacks* pAllocationCallbacks,
C/C++:       |                                                                             ^
C/C++:       |                                                                               _Nonnull
C/C++: D:/Foundation-SM64/Android/app/.cxx/Debug/592n6c1o/arm64-v8a/_deps/vulkanmemoryallocator-src/include/vk_mem_alloc.h:8134:25: warning: pointer is missing a nullability type specifier (_Nonnull, _Nullable, or _Null_unspecified) [-Wnullability-completeness]
C/C++:  8134 |     VmaAllocationRequest* pAllocationRequest)
C/C++:       |                         ^
C/C++: D:/Foundation-SM64/Android/app/.cxx/Debug/592n6c1o/arm64-v8a/_deps/vulkanmemoryallocator-src/include/vk_mem_alloc.h:8134:25: note: insert '_Nullable' if the pointer may be null
C/C++:  8134 |     VmaAllocationRequest* pAllocationRequest)
C/C++:       |                         ^
C/C++:       |                           _Nullable
C/C++: D:/Foundation-SM64/Android/app/.cxx/Debug/592n6c1o/arm64-v8a/_deps/vulkanmemoryallocator-src/include/vk_mem_alloc.h:8134:25: note: insert '_Nonnull' if the pointer should never be null
C/C++:  8134 |     VmaAllocationRequest* pAllocationRequest)
C/C++:       |                         ^
C/C++:       |                           _Nonnull
C/C++: D:/Foundation-SM64/Android/app/.cxx/Debug/592n6c1o/arm64-v8a/_deps/vulkanmemoryallocator-src/include/vk_mem_alloc.h:8152:61: warning: pointer is missing a nullability type specifier (_Nonnull, _Nullable, or _Null_unspecified) [-Wnullability-completeness]
C/C++:  8152 | VkResult VmaBlockMetadata_Linear::CheckCorruption(const void* pBlockData)
C/C++:       |                                                             ^
C/C++: D:/Foundation-SM64/Android/app/.cxx/Debug/592n6c1o/arm64-v8a/_deps/vulkanmemoryallocator-src/include/vk_mem_alloc.h:8152:61: note: insert '_Nullable' if the pointer may be null
C/C++:  8152 | VkResult VmaBlockMetadata_Linear::CheckCorruption(const void* pBlockData)
C/C++:       |                                                             ^
C/C++:       |                                                               _Nullable
C/C++: D:/Foundation-SM64/Android/app/.cxx/Debug/592n6c1o/arm64-v8a/_deps/vulkanmemoryallocator-src/include/vk_mem_alloc.h:8152:61: note: insert '_Nonnull' if the pointer should never be null
C/C++:  8152 | VkResult VmaBlockMetadata_Linear::CheckCorruption(const void* pBlockData)
C/C++:       |                                                             ^
C/C++:       |                                                               _Nonnull
C/C++: D:/Foundation-SM64/Android/app/.cxx/Debug/592n6c1o/arm64-v8a/_deps/vulkanmemoryallocator-src/include/vk_mem_alloc.h:8189:9: warning: pointer is missing a nullability type specifier (_Nonnull, _Nullable, or _Null_unspecified) [-Wnullability-completeness]
C/C++:  8189 |     void* userData)
C/C++:       |         ^
C/C++: D:/Foundation-SM64/Android/app/.cxx/Debug/592n6c1o/arm64-v8a/_deps/vulkanmemoryallocator-src/include/vk_mem_alloc.h:8189:9: note: insert '_Nullable' if the pointer may be null
C/C++:  8189 |     void* userData)
C/C++:       |         ^
C/C++:       |           _Nullable
C/C++: D:/Foundation-SM64/Android/app/.cxx/Debug/592n6c1o/arm64-v8a/_deps/vulkanmemoryallocator-src/include/vk_mem_alloc.h:8189:9: note: insert '_Nonnull' if the pointer should never be null
C/C++:  8189 |     void* userData)
C/C++:       |         ^
C/C++:       |           _Nonnull
C/C++: D:/Foundation-SM64/Android/app/.cxx/Debug/592n6c1o/arm64-v8a/_deps/vulkanmemoryallocator-src/include/vk_mem_alloc.h:8253:36: warning: pointer is missing a nullability type specifier (_Nonnull, _Nullable, or _Null_unspecified) [-Wnullability-completeness]
C/C++:  8253 | void VmaBlockMetadata_Linear::Free(VmaAllocHandle allocHandle)
C/C++:       |                                    ^
C/C++: D:/Foundation-SM64/Android/app/.cxx/Debug/592n6c1o/arm64-v8a/_deps/vulkanmemoryallocator-src/include/vk_mem_alloc.h:8253:36: note: insert '_Nullable' if the pointer may be null
C/C++:  8253 | void VmaBlockMetadata_Linear::Free(VmaAllocHandle allocHandle)
C/C++:       |                                    ^
C/C++:       |                                                   _Nullable
C/C++: D:/Foundation-SM64/Android/app/.cxx/Debug/592n6c1o/arm64-v8a/_deps/vulkanmemoryallocator-src/include/vk_mem_alloc.h:8253:36: note: insert '_Nonnull' if the pointer should never be null
C/C++:  8253 | void VmaBlockMetadata_Linear::Free(VmaAllocHandle allocHandle)
C/C++:       |                                    ^
C/C++:       |                                                   _Nonnull
C/C++: D:/Foundation-SM64/Android/app/.cxx/Debug/592n6c1o/arm64-v8a/_deps/vulkanmemoryallocator-src/include/vk_mem_alloc.h:8342:49: warning: pointer is missing a nullability type specifier (_Nonnull, _Nullable, or _Null_unspecified) [-Wnullability-completeness]
C/C++:  8342 | void VmaBlockMetadata_Linear::GetAllocationInfo(VmaAllocHandle allocHandle, VmaVirtualAllocationInfo& outInfo)
C/C++:       |                                                 ^
C/C++: D:/Foundation-SM64/Android/app/.cxx/Debug/592n6c1o/arm64-v8a/_deps/vulkanmemoryallocator-src/include/vk_mem_alloc.h:8342:49: note: insert '_Nullable' if the pointer may be null
C/C++:  8342 | void VmaBlockMetadata_Linear::GetAllocationInfo(VmaAllocHandle allocHandle, VmaVirtualAllocationInfo& outInfo)
C/C++:       |                                                 ^
C/C++:       |                                                                _Nullable
C/C++: D:/Foundation-SM64/Android/app/.cxx/Debug/592n6c1o/arm64-v8a/_deps/vulkanmemoryallocator-src/include/vk_mem_alloc.h:8342:49: note: insert '_Nonnull' if the pointer should never be null
C/C++:  8342 | void VmaBlockMetadata_Linear::GetAllocationInfo(VmaAllocHandle allocHandle, VmaVirtualAllocationInfo& outInfo)
C/C++:       |                                                 ^
C/C++:       |                                                                _Nonnull
C/C++: D:/Foundation-SM64/Android/app/.cxx/Debug/592n6c1o/arm64-v8a/_deps/vulkanmemoryallocator-src/include/vk_mem_alloc.h:8350:54: warning: pointer is missing a nullability type specifier (_Nonnull, _Nullable, or _Null_unspecified) [-Wnullability-completeness]
C/C++:  8350 | void* VmaBlockMetadata_Linear::GetAllocationUserData(VmaAllocHandle allocHandle) const
C/C++:       |                                                      ^
C/C++: D:/Foundation-SM64/Android/app/.cxx/Debug/592n6c1o/arm64-v8a/_deps/vulkanmemoryallocator-src/include/vk_mem_alloc.h:8350:54: note: insert '_Nullable' if the pointer may be null
C/C++:  8350 | void* VmaBlockMetadata_Linear::GetAllocationUserData(VmaAllocHandle allocHandle) const
C/C++:       |                                                      ^
C/C++:       |                                                                     _Nullable
C/C++: D:/Foundation-SM64/Android/app/.cxx/Debug/592n6c1o/arm64-v8a/_deps/vulkanmemoryallocator-src/include/vk_mem_alloc.h:8350:54: note: insert '_Nonnull' if the pointer should never be null
C/C++:  8350 | void* VmaBlockMetadata_Linear::GetAllocationUserData(VmaAllocHandle allocHandle) const
C/C++:       |                                                      ^
C/C++:       |                                                                     _Nonnull
C/C++: D:/Foundation-SM64/Android/app/.cxx/Debug/592n6c1o/arm64-v8a/_deps/vulkanmemoryallocator-src/include/vk_mem_alloc.h:8350:5: warning: pointer is missing a nullability type specifier (_Nonnull, _Nullable, or _Null_unspecified) [-Wnullability-completeness]
C/C++:  8350 | void* VmaBlockMetadata_Linear::GetAllocationUserData(VmaAllocHandle allocHandle) const
C/C++:       |     ^
C/C++: D:/Foundation-SM64/Android/app/.cxx/Debug/592n6c1o/arm64-v8a/_deps/vulkanmemoryallocator-src/include/vk_mem_alloc.h:8350:5: note: insert '_Nullable' if the pointer may be null
C/C++:  8350 | void* VmaBlockMetadata_Linear::GetAllocationUserData(VmaAllocHandle allocHandle) const
C/C++:       |     ^
C/C++:       |       _Nullable
C/C++: D:/Foundation-SM64/Android/app/.cxx/Debug/592n6c1o/arm64-v8a/_deps/vulkanmemoryallocator-src/include/vk_mem_alloc.h:8350:5: note: insert '_Nonnull' if the pointer should never be null
C/C++:  8350 | void* VmaBlockMetadata_Linear::GetAllocationUserData(VmaAllocHandle allocHandle) const
C/C++:       |     ^
C/C++:       |       _Nonnull
C/C++: D:/Foundation-SM64/Android/app/.cxx/Debug/592n6c1o/arm64-v8a/_deps/vulkanmemoryallocator-src/include/vk_mem_alloc.h:8355:1: warning: pointer is missing a nullability type specifier (_Nonnull, _Nullable, or _Null_unspecified) [-Wnullability-completeness]
C/C++:  8355 | VmaAllocHandle VmaBlockMetadata_Linear::GetAllocationListBegin() const
C/C++:       | ^
C/C++: D:/Foundation-SM64/Android/app/.cxx/Debug/592n6c1o/arm64-v8a/_deps/vulkanmemoryallocator-src/include/vk_mem_alloc.h:8355:1: note: insert '_Nullable' if the pointer may be null
C/C++:  8355 | VmaAllocHandle VmaBlockMetadata_Linear::GetAllocationListBegin() const
C/C++:       | ^
C/C++:       |                _Nullable
C/C++: D:/Foundation-SM64/Android/app/.cxx/Debug/592n6c1o/arm64-v8a/_deps/vulkanmemoryallocator-src/include/vk_mem_alloc.h:8355:1: note: insert '_Nonnull' if the pointer should never be null
C/C++:  8355 | VmaAllocHandle VmaBlockMetadata_Linear::GetAllocationListBegin() const
C/C++:       | ^
C/C++:       |                _Nonnull
C/C++: D:/Foundation-SM64/Android/app/.cxx/Debug/592n6c1o/arm64-v8a/_deps/vulkanmemoryallocator-src/include/vk_mem_alloc.h:8362:59: warning: pointer is missing a nullability type specifier (_Nonnull, _Nullable, or _Null_unspecified) [-Wnullability-completeness]
C/C++:  8362 | VmaAllocHandle VmaBlockMetadata_Linear::GetNextAllocation(VmaAllocHandle prevAlloc) const
C/C++:       |                                                           ^
C/C++: D:/Foundation-SM64/Android/app/.cxx/Debug/592n6c1o/arm64-v8a/_deps/vulkanmemoryallocator-src/include/vk_mem_alloc.h:8362:59: note: insert '_Nullable' if the pointer may be null
C/C++:  8362 | VmaAllocHandle VmaBlockMetadata_Linear::GetNextAllocation(VmaAllocHandle prevAlloc) const
C/C++:       |                                                           ^
C/C++:       |                                                                          _Nullable
C/C++: D:/Foundation-SM64/Android/app/.cxx/Debug/592n6c1o/arm64-v8a/_deps/vulkanmemoryallocator-src/include/vk_mem_alloc.h:8362:59: note: insert '_Nonnull' if the pointer should never be null
C/C++:  8362 | VmaAllocHandle VmaBlockMetadata_Linear::GetNextAllocation(VmaAllocHandle prevAlloc) const
C/C++:       |                                                           ^
C/C++:       |                                                                          _Nonnull
C/C++: D:/Foundation-SM64/Android/app/.cxx/Debug/592n6c1o/arm64-v8a/_deps/vulkanmemoryallocator-src/include/vk_mem_alloc.h:8362:1: warning: pointer is missing a nullability type specifier (_Nonnull, _Nullable, or _Null_unspecified) [-Wnullability-completeness]
C/C++:  8362 | VmaAllocHandle VmaBlockMetadata_Linear::GetNextAllocation(VmaAllocHandle prevAlloc) const
C/C++:       | ^
C/C++: D:/Foundation-SM64/Android/app/.cxx/Debug/592n6c1o/arm64-v8a/_deps/vulkanmemoryallocator-src/include/vk_mem_alloc.h:8362:1: note: insert '_Nullable' if the pointer may be null
C/C++:  8362 | VmaAllocHandle VmaBlockMetadata_Linear::GetNextAllocation(VmaAllocHandle prevAlloc) const
C/C++:       | ^
C/C++:       |                _Nullable
C/C++: D:/Foundation-SM64/Android/app/.cxx/Debug/592n6c1o/arm64-v8a/_deps/vulkanmemoryallocator-src/include/vk_mem_alloc.h:8362:1: note: insert '_Nonnull' if the pointer should never be null
C/C++:  8362 | VmaAllocHandle VmaBlockMetadata_Linear::GetNextAllocation(VmaAllocHandle prevAlloc) const
C/C++:       | ^
C/C++:       |                _Nonnull
C/C++: D:/Foundation-SM64/Android/app/.cxx/Debug/592n6c1o/arm64-v8a/_deps/vulkanmemoryallocator-src/include/vk_mem_alloc.h:8369:61: warning: pointer is missing a nullability type specifier (_Nonnull, _Nullable, or _Null_unspecified) [-Wnullability-completeness]
C/C++:  8369 | VkDeviceSize VmaBlockMetadata_Linear::GetNextFreeRegionSize(VmaAllocHandle alloc) const
C/C++:       |                                                             ^
C/C++: D:/Foundation-SM64/Android/app/.cxx/Debug/592n6c1o/arm64-v8a/_deps/vulkanmemoryallocator-src/include/vk_mem_alloc.h:8369:61: note: insert '_Nullable' if the pointer may be null
C/C++:  8369 | VkDeviceSize VmaBlockMetadata_Linear::GetNextFreeRegionSize(VmaAllocHandle alloc) const
C/C++:       |                                                             ^
C/C++:       |                                                                            _Nullable
C/C++: D:/Foundation-SM64/Android/app/.cxx/Debug/592n6c1o/arm64-v8a/_deps/vulkanmemoryallocator-src/include/vk_mem_alloc.h:8369:61: note: insert '_Nonnull' if the pointer should never be null
C/C++:  8369 | VkDeviceSize VmaBlockMetadata_Linear::GetNextFreeRegionSize(VmaAllocHandle alloc) const
C/C++:       |                                                             ^
C/C++:       |                                                                            _Nonnull
C/C++: D:/Foundation-SM64/Android/app/.cxx/Debug/592n6c1o/arm64-v8a/_deps/vulkanmemoryallocator-src/include/vk_mem_alloc.h:8388:53: warning: pointer is missing a nullability type specifier (_Nonnull, _Nullable, or _Null_unspecified) [-Wnullability-completeness]
C/C++:  8388 | void VmaBlockMetadata_Linear::SetAllocationUserData(VmaAllocHandle allocHandle, void* userData)
C/C++:       |                                                     ^
C/C++: D:/Foundation-SM64/Android/app/.cxx/Debug/592n6c1o/arm64-v8a/_deps/vulkanmemoryallocator-src/include/vk_mem_alloc.h:8388:53: note: insert '_Nullable' if the pointer may be null
C/C++:  8388 | void VmaBlockMetadata_Linear::SetAllocationUserData(VmaAllocHandle allocHandle, void* userData)
C/C++:       |                                                     ^
C/C++:       |                                                                    _Nullable
C/C++: D:/Foundation-SM64/Android/app/.cxx/Debug/592n6c1o/arm64-v8a/_deps/vulkanmemoryallocator-src/include/vk_mem_alloc.h:8388:53: note: insert '_Nonnull' if the pointer should never be null
C/C++:  8388 | void VmaBlockMetadata_Linear::SetAllocationUserData(VmaAllocHandle allocHandle, void* userData)
C/C++:       |                                                     ^
C/C++:       |                                                                    _Nonnull
C/C++: D:/Foundation-SM64/Android/app/.cxx/Debug/592n6c1o/arm64-v8a/_deps/vulkanmemoryallocator-src/include/vk_mem_alloc.h:8388:85: warning: pointer is missing a nullability type specifier (_Nonnull, _Nullable, or _Null_unspecified) [-Wnullability-completeness]
C/C++:  8388 | void VmaBlockMetadata_Linear::SetAllocationUserData(VmaAllocHandle allocHandle, void* userData)
C/C++:       |                                                                                     ^
C/C++: D:/Foundation-SM64/Android/app/.cxx/Debug/592n6c1o/arm64-v8a/_deps/vulkanmemoryallocator-src/include/vk_mem_alloc.h:8388:85: note: insert '_Nullable' if the pointer may be null
C/C++:  8388 | void VmaBlockMetadata_Linear::SetAllocationUserData(VmaAllocHandle allocHandle, void* userData)
C/C++:       |                                                                                     ^
C/C++:       |                                                                                       _Nullable
C/C++: D:/Foundation-SM64/Android/app/.cxx/Debug/592n6c1o/arm64-v8a/_deps/vulkanmemoryallocator-src/include/vk_mem_alloc.h:8388:85: note: insert '_Nonnull' if the pointer should never be null
C/C++:  8388 | void VmaBlockMetadata_Linear::SetAllocationUserData(VmaAllocHandle allocHandle, void* userData)
C/C++:       |                                                                                     ^
C/C++:       |                                                                                       _Nonnull
C/C++: D:/Foundation-SM64/Android/app/.cxx/Debug/592n6c1o/arm64-v8a/_deps/vulkanmemoryallocator-src/include/vk_mem_alloc.h:8562:25: warning: pointer is missing a nullability type specifier (_Nonnull, _Nullable, or _Null_unspecified) [-Wnullability-completeness]
C/C++:  8562 |     VmaAllocationRequest* pAllocationRequest)
C/C++:       |                         ^
C/C++: D:/Foundation-SM64/Android/app/.cxx/Debug/592n6c1o/arm64-v8a/_deps/vulkanmemoryallocator-src/include/vk_mem_alloc.h:8562:25: note: insert '_Nullable' if the pointer may be null
C/C++:  8562 |     VmaAllocationRequest* pAllocationRequest)
C/C++:       |                         ^
C/C++:       |                           _Nullable
C/C++: D:/Foundation-SM64/Android/app/.cxx/Debug/592n6c1o/arm64-v8a/_deps/vulkanmemoryallocator-src/include/vk_mem_alloc.h:8562:25: note: insert '_Nonnull' if the pointer should never be null
C/C++:  8562 |     VmaAllocationRequest* pAllocationRequest)
C/C++:       |                         ^
C/C++:       |                           _Nonnull
C/C++: D:/Foundation-SM64/Android/app/.cxx/Debug/592n6c1o/arm64-v8a/_deps/vulkanmemoryallocator-src/include/vk_mem_alloc.h:8740:25: warning: pointer is missing a nullability type specifier (_Nonnull, _Nullable, or _Null_unspecified) [-Wnullability-completeness]
C/C++:  8740 |     VmaAllocationRequest* pAllocationRequest)
C/C++:       |                         ^
C/C++: D:/Foundation-SM64/Android/app/.cxx/Debug/592n6c1o/arm64-v8a/_deps/vulkanmemoryallocator-src/include/vk_mem_alloc.h:8740:25: note: insert '_Nullable' if the pointer may be null
C/C++:  8740 |     VmaAllocationRequest* pAllocationRequest)
C/C++:       |                         ^
C/C++:       |                           _Nullable
C/C++: D:/Foundation-SM64/Android/app/.cxx/Debug/592n6c1o/arm64-v8a/_deps/vulkanmemoryallocator-src/include/vk_mem_alloc.h:8740:25: note: insert '_Nonnull' if the pointer should never be null
C/C++:  8740 |     VmaAllocationRequest* pAllocationRequest)
C/C++:       |                         ^
C/C++:       |                           _Nonnull
C/C++: D:/Foundation-SM64/Android/app/.cxx/Debug/592n6c1o/arm64-v8a/_deps/vulkanmemoryallocator-src/include/vk_mem_alloc.h:8862:54: warning: pointer is missing a nullability type specifier (_Nonnull, _Nullable, or _Null_unspecified) [-Wnullability-completeness]
C/C++:  8862 |     VmaBlockMetadata_TLSF(const VkAllocationCallbacks* pAllocationCallbacks,
C/C++:       |                                                      ^
C/C++: D:/Foundation-SM64/Android/app/.cxx/Debug/592n6c1o/arm64-v8a/_deps/vulkanmemoryallocator-src/include/vk_mem_alloc.h:8862:54: note: insert '_Nullable' if the pointer may be null
C/C++:  8862 |     VmaBlockMetadata_TLSF(const VkAllocationCallbacks* pAllocationCallbacks,
C/C++:       |                                                      ^
C/C++:       |                                                        _Nullable
C/C++: D:/Foundation-SM64/Android/app/.cxx/Debug/592n6c1o/arm64-v8a/_deps/vulkanmemoryallocator-src/include/vk_mem_alloc.h:8862:54: note: insert '_Nonnull' if the pointer should never be null
C/C++:  8862 |     VmaBlockMetadata_TLSF(const VkAllocationCallbacks* pAllocationCallbacks,
C/C++:       |                                                      ^
C/C++:       |                                                        _Nonnull
C/C++: D:/Foundation-SM64/Android/app/.cxx/Debug/592n6c1o/arm64-v8a/_deps/vulkanmemoryallocator-src/include/vk_mem_alloc.h:8870:38: warning: pointer is missing a nullability type specifier (_Nonnull, _Nullable, or _Null_unspecified) [-Wnullability-completeness]
C/C++:  8870 |     VkDeviceSize GetAllocationOffset(VmaAllocHandle allocHandle) const override { return ((Block*)allocHandle)->offset; }
C/C++:       |                                      ^
C/C++: D:/Foundation-SM64/Android/app/.cxx/Debug/592n6c1o/arm64-v8a/_deps/vulkanmemoryallocator-src/include/vk_mem_alloc.h:8870:38: note: insert '_Nullable' if the pointer may be null
C/C++:  8870 |     VkDeviceSize GetAllocationOffset(VmaAllocHandle allocHandle) const override { return ((Block*)allocHandle)->offset; }
C/C++:       |                                      ^
C/C++:       |                                                     _Nullable
C/C++: D:/Foundation-SM64/Android/app/.cxx/Debug/592n6c1o/arm64-v8a/_deps/vulkanmemoryallocator-src/include/vk_mem_alloc.h:8870:38: note: insert '_Nonnull' if the pointer should never be null
C/C++:  8870 |     VkDeviceSize GetAllocationOffset(VmaAllocHandle allocHandle) const override { return ((Block*)allocHandle)->offset; }
C/C++:       |                                      ^
C/C++:       |                                                     _Nonnull
C/C++: D:/Foundation-SM64/Android/app/.cxx/Debug/592n6c1o/arm64-v8a/_deps/vulkanmemoryallocator-src/include/vk_mem_alloc.h:8888:29: warning: pointer is missing a nullability type specifier (_Nonnull, _Nullable, or _Null_unspecified) [-Wnullability-completeness]
C/C++:  8888 |         VmaAllocationRequest* pAllocationRequest) override;
C/C++:       |                             ^
C/C++: D:/Foundation-SM64/Android/app/.cxx/Debug/592n6c1o/arm64-v8a/_deps/vulkanmemoryallocator-src/include/vk_mem_alloc.h:8888:29: note: insert '_Nullable' if the pointer may be null
C/C++:  8888 |         VmaAllocationRequest* pAllocationRequest) override;
C/C++:       |                             ^
C/C++:       |                               _Nullable
C/C++: D:/Foundation-SM64/Android/app/.cxx/Debug/592n6c1o/arm64-v8a/_deps/vulkanmemoryallocator-src/include/vk_mem_alloc.h:8888:29: note: insert '_Nonnull' if the pointer should never be null
C/C++:  8888 |         VmaAllocationRequest* pAllocationRequest) override;
C/C++:       |                             ^
C/C++:       |                               _Nonnull
C/C++: D:/Foundation-SM64/Android/app/.cxx/Debug/592n6c1o/arm64-v8a/_deps/vulkanmemoryallocator-src/include/vk_mem_alloc.h:8890:40: warning: pointer is missing a nullability type specifier (_Nonnull, _Nullable, or _Null_unspecified) [-Wnullability-completeness]
C/C++:  8890 |     VkResult CheckCorruption(const void* pBlockData) override;
C/C++:       |                                        ^
C/C++: D:/Foundation-SM64/Android/app/.cxx/Debug/592n6c1o/arm64-v8a/_deps/vulkanmemoryallocator-src/include/vk_mem_alloc.h:8890:40: note: insert '_Nullable' if the pointer may be null
C/C++:  8890 |     VkResult CheckCorruption(const void* pBlockData) override;
C/C++:       |                                        ^
C/C++:       |                                          _Nullable
C/C++: D:/Foundation-SM64/Android/app/.cxx/Debug/592n6c1o/arm64-v8a/_deps/vulkanmemoryallocator-src/include/vk_mem_alloc.h:8890:40: note: insert '_Nonnull' if the pointer should never be null
C/C++:  8890 |     VkResult CheckCorruption(const void* pBlockData) override;
C/C++:       |                                        ^
C/C++:       |                                          _Nonnull
C/C++: D:/Foundation-SM64/Android/app/.cxx/Debug/592n6c1o/arm64-v8a/_deps/vulkanmemoryallocator-src/include/vk_mem_alloc.h:8894:13: warning: pointer is missing a nullability type specifier (_Nonnull, _Nullable, or _Null_unspecified) [-Wnullability-completeness]
C/C++:  8894 |         void* userData) override;
C/C++:       |             ^
C/C++: D:/Foundation-SM64/Android/app/.cxx/Debug/592n6c1o/arm64-v8a/_deps/vulkanmemoryallocator-src/include/vk_mem_alloc.h:8894:13: note: insert '_Nullable' if the pointer may be null
C/C++:  8894 |         void* userData) override;
C/C++:       |             ^
C/C++:       |               _Nullable
C/C++: D:/Foundation-SM64/Android/app/.cxx/Debug/592n6c1o/arm64-v8a/_deps/vulkanmemoryallocator-src/include/vk_mem_alloc.h:8894:13: note: insert '_Nonnull' if the pointer should never be null
C/C++:  8894 |         void* userData) override;
C/C++:       |             ^
C/C++:       |               _Nonnull
C/C++: D:/Foundation-SM64/Android/app/.cxx/Debug/592n6c1o/arm64-v8a/_deps/vulkanmemoryallocator-src/include/vk_mem_alloc.h:8896:15: warning: pointer is missing a nullability type specifier (_Nonnull, _Nullable, or _Null_unspecified) [-Wnullability-completeness]
C/C++:  8896 |     void Free(VmaAllocHandle allocHandle) override;
C/C++:       |               ^
C/C++: D:/Foundation-SM64/Android/app/.cxx/Debug/592n6c1o/arm64-v8a/_deps/vulkanmemoryallocator-src/include/vk_mem_alloc.h:8896:15: note: insert '_Nullable' if the pointer may be null
C/C++:  8896 |     void Free(VmaAllocHandle allocHandle) override;
C/C++:       |               ^
C/C++:       |                              _Nullable
C/C++: D:/Foundation-SM64/Android/app/.cxx/Debug/592n6c1o/arm64-v8a/_deps/vulkanmemoryallocator-src/include/vk_mem_alloc.h:8896:15: note: insert '_Nonnull' if the pointer should never be null
C/C++:  8896 |     void Free(VmaAllocHandle allocHandle) override;
C/C++:       |               ^
C/C++:       |                              _Nonnull
C/C++: D:/Foundation-SM64/Android/app/.cxx/Debug/592n6c1o/arm64-v8a/_deps/vulkanmemoryallocator-src/include/vk_mem_alloc.h:8897:28: warning: pointer is missing a nullability type specifier (_Nonnull, _Nullable, or _Null_unspecified) [-Wnullability-completeness]
C/C++:  8897 |     void GetAllocationInfo(VmaAllocHandle allocHandle, VmaVirtualAllocationInfo& outInfo) override;
C/C++:       |                            ^
C/C++: D:/Foundation-SM64/Android/app/.cxx/Debug/592n6c1o/arm64-v8a/_deps/vulkanmemoryallocator-src/include/vk_mem_alloc.h:8897:28: note: insert '_Nullable' if the pointer may be null
C/C++:  8897 |     void GetAllocationInfo(VmaAllocHandle allocHandle, VmaVirtualAllocationInfo& outInfo) override;
C/C++:       |                            ^
C/C++:       |                                           _Nullable
C/C++: D:/Foundation-SM64/Android/app/.cxx/Debug/592n6c1o/arm64-v8a/_deps/vulkanmemoryallocator-src/include/vk_mem_alloc.h:8897:28: note: insert '_Nonnull' if the pointer should never be null
C/C++:  8897 |     void GetAllocationInfo(VmaAllocHandle allocHandle, VmaVirtualAllocationInfo& outInfo) override;
C/C++:       |                            ^
C/C++:       |                                           _Nonnull
C/C++: D:/Foundation-SM64/Android/app/.cxx/Debug/592n6c1o/arm64-v8a/_deps/vulkanmemoryallocator-src/include/vk_mem_alloc.h:8898:33: warning: pointer is missing a nullability type specifier (_Nonnull, _Nullable, or _Null_unspecified) [-Wnullability-completeness]
C/C++:  8898 |     void* GetAllocationUserData(VmaAllocHandle allocHandle) const override;
C/C++:       |                                 ^
C/C++: D:/Foundation-SM64/Android/app/.cxx/Debug/592n6c1o/arm64-v8a/_deps/vulkanmemoryallocator-src/include/vk_mem_alloc.h:8898:33: note: insert '_Nullable' if the pointer may be null
C/C++:  8898 |     void* GetAllocationUserData(VmaAllocHandle allocHandle) const override;
C/C++:       |                                 ^
C/C++:       |                                                _Nullable
C/C++: D:/Foundation-SM64/Android/app/.cxx/Debug/592n6c1o/arm64-v8a/_deps/vulkanmemoryallocator-src/include/vk_mem_alloc.h:8898:33: note: insert '_Nonnull' if the pointer should never be null
C/C++:  8898 |     void* GetAllocationUserData(VmaAllocHandle allocHandle) const override;
C/C++:       |                                 ^
C/C++:       |                                                _Nonnull
C/C++: D:/Foundation-SM64/Android/app/.cxx/Debug/592n6c1o/arm64-v8a/_deps/vulkanmemoryallocator-src/include/vk_mem_alloc.h:8898:9: warning: pointer is missing a nullability type specifier (_Nonnull, _Nullable, or _Null_unspecified) [-Wnullability-completeness]
C/C++:  8898 |     void* GetAllocationUserData(VmaAllocHandle allocHandle) const override;
C/C++:       |         ^
C/C++: D:/Foundation-SM64/Android/app/.cxx/Debug/592n6c1o/arm64-v8a/_deps/vulkanmemoryallocator-src/include/vk_mem_alloc.h:8898:9: note: insert '_Nullable' if the pointer may be null
C/C++:  8898 |     void* GetAllocationUserData(VmaAllocHandle allocHandle) const override;
C/C++:       |         ^
C/C++:       |           _Nullable
C/C++: D:/Foundation-SM64/Android/app/.cxx/Debug/592n6c1o/arm64-v8a/_deps/vulkanmemoryallocator-src/include/vk_mem_alloc.h:8898:9: note: insert '_Nonnull' if the pointer should never be null
C/C++:  8898 |     void* GetAllocationUserData(VmaAllocHandle allocHandle) const override;
C/C++:       |         ^
C/C++:       |           _Nonnull
C/C++: D:/Foundation-SM64/Android/app/.cxx/Debug/592n6c1o/arm64-v8a/_deps/vulkanmemoryallocator-src/include/vk_mem_alloc.h:8899:5: warning: pointer is missing a nullability type specifier (_Nonnull, _Nullable, or _Null_unspecified) [-Wnullability-completeness]
C/C++:  8899 |     VmaAllocHandle GetAllocationListBegin() const override;
C/C++:       |     ^
C/C++: D:/Foundation-SM64/Android/app/.cxx/Debug/592n6c1o/arm64-v8a/_deps/vulkanmemoryallocator-src/include/vk_mem_alloc.h:8899:5: note: insert '_Nullable' if the pointer may be null
C/C++:  8899 |     VmaAllocHandle GetAllocationListBegin() const override;
C/C++:       |     ^
C/C++:       |                    _Nullable
C/C++: D:/Foundation-SM64/Android/app/.cxx/Debug/592n6c1o/arm64-v8a/_deps/vulkanmemoryallocator-src/include/vk_mem_alloc.h:8899:5: note: insert '_Nonnull' if the pointer should never be null
C/C++:  8899 |     VmaAllocHandle GetAllocationListBegin() const override;
C/C++:       |     ^
C/C++:       |                    _Nonnull
C/C++: D:/Foundation-SM64/Android/app/.cxx/Debug/592n6c1o/arm64-v8a/_deps/vulkanmemoryallocator-src/include/vk_mem_alloc.h:8900:38: warning: pointer is missing a nullability type specifier (_Nonnull, _Nullable, or _Null_unspecified) [-Wnullability-completeness]
C/C++:  8900 |     VmaAllocHandle GetNextAllocation(VmaAllocHandle prevAlloc) const override;
C/C++:       |                                      ^
C/C++: D:/Foundation-SM64/Android/app/.cxx/Debug/592n6c1o/arm64-v8a/_deps/vulkanmemoryallocator-src/include/vk_mem_alloc.h:8900:38: note: insert '_Nullable' if the pointer may be null
C/C++:  8900 |     VmaAllocHandle GetNextAllocation(VmaAllocHandle prevAlloc) const override;
C/C++:       |                                      ^
C/C++:       |                                                     _Nullable
C/C++: D:/Foundation-SM64/Android/app/.cxx/Debug/592n6c1o/arm64-v8a/_deps/vulkanmemoryallocator-src/include/vk_mem_alloc.h:8900:38: note: insert '_Nonnull' if the pointer should never be null
C/C++:  8900 |     VmaAllocHandle GetNextAllocation(VmaAllocHandle prevAlloc) const override;
C/C++:       |                                      ^
C/C++:       |                                                     _Nonnull
C/C++: D:/Foundation-SM64/Android/app/.cxx/Debug/592n6c1o/arm64-v8a/_deps/vulkanmemoryallocator-src/include/vk_mem_alloc.h:8900:5: warning: pointer is missing a nullability type specifier (_Nonnull, _Nullable, or _Null_unspecified) [-Wnullability-completeness]
C/C++:  8900 |     VmaAllocHandle GetNextAllocation(VmaAllocHandle prevAlloc) const override;
C/C++:       |     ^
C/C++: D:/Foundation-SM64/Android/app/.cxx/Debug/592n6c1o/arm64-v8a/_deps/vulkanmemoryallocator-src/include/vk_mem_alloc.h:8900:5: note: insert '_Nullable' if the pointer may be null
C/C++:  8900 |     VmaAllocHandle GetNextAllocation(VmaAllocHandle prevAlloc) const override;
C/C++:       |     ^
C/C++:       |                    _Nullable
C/C++: D:/Foundation-SM64/Android/app/.cxx/Debug/592n6c1o/arm64-v8a/_deps/vulkanmemoryallocator-src/include/vk_mem_alloc.h:8900:5: note: insert '_Nonnull' if the pointer should never be null
C/C++:  8900 |     VmaAllocHandle GetNextAllocation(VmaAllocHandle prevAlloc) const override;
C/C++:       |     ^
C/C++:       |                    _Nonnull
C/C++: D:/Foundation-SM64/Android/app/.cxx/Debug/592n6c1o/arm64-v8a/_deps/vulkanmemoryallocator-src/include/vk_mem_alloc.h:8901:40: warning: pointer is missing a nullability type specifier (_Nonnull, _Nullable, or _Null_unspecified) [-Wnullability-completeness]
C/C++:  8901 |     VkDeviceSize GetNextFreeRegionSize(VmaAllocHandle alloc) const override;
C/C++:       |                                        ^
C/C++: D:/Foundation-SM64/Android/app/.cxx/Debug/592n6c1o/arm64-v8a/_deps/vulkanmemoryallocator-src/include/vk_mem_alloc.h:8901:40: note: insert '_Nullable' if the pointer may be null
C/C++:  8901 |     VkDeviceSize GetNextFreeRegionSize(VmaAllocHandle alloc) const override;
C/C++:       |                                        ^
C/C++:       |                                                       _Nullable
C/C++: D:/Foundation-SM64/Android/app/.cxx/Debug/592n6c1o/arm64-v8a/_deps/vulkanmemoryallocator-src/include/vk_mem_alloc.h:8901:40: note: insert '_Nonnull' if the pointer should never be null
C/C++:  8901 |     VkDeviceSize GetNextFreeRegionSize(VmaAllocHandle alloc) const override;
C/C++:       |                                        ^
C/C++:       |                                                       _Nonnull
C/C++: D:/Foundation-SM64/Android/app/.cxx/Debug/592n6c1o/arm64-v8a/_deps/vulkanmemoryallocator-src/include/vk_mem_alloc.h:8903:32: warning: pointer is missing a nullability type specifier (_Nonnull, _Nullable, or _Null_unspecified) [-Wnullability-completeness]
C/C++:  8903 |     void SetAllocationUserData(VmaAllocHandle allocHandle, void* userData) override;
C/C++:       |                                ^
C/C++: D:/Foundation-SM64/Android/app/.cxx/Debug/592n6c1o/arm64-v8a/_deps/vulkanmemoryallocator-src/include/vk_mem_alloc.h:8903:32: note: insert '_Nullable' if the pointer may be null
C/C++:  8903 |     void SetAllocationUserData(VmaAllocHandle allocHandle, void* userData) override;
C/C++:       |                                ^
C/C++:       |                                               _Nullable
C/C++: D:/Foundation-SM64/Android/app/.cxx/Debug/592n6c1o/arm64-v8a/_deps/vulkanmemoryallocator-src/include/vk_mem_alloc.h:8903:32: note: insert '_Nonnull' if the pointer should never be null
C/C++:  8903 |     void SetAllocationUserData(VmaAllocHandle allocHandle, void* userData) override;
C/C++:       |                                ^
C/C++:       |                                               _Nonnull
C/C++: D:/Foundation-SM64/Android/app/.cxx/Debug/592n6c1o/arm64-v8a/_deps/vulkanmemoryallocator-src/include/vk_mem_alloc.h:8903:64: warning: pointer is missing a nullability type specifier (_Nonnull, _Nullable, or _Null_unspecified) [-Wnullability-completeness]
C/C++:  8903 |     void SetAllocationUserData(VmaAllocHandle allocHandle, void* userData) override;
C/C++:       |                                                                ^
C/C++: D:/Foundation-SM64/Android/app/.cxx/Debug/592n6c1o/arm64-v8a/_deps/vulkanmemoryallocator-src/include/vk_mem_alloc.h:8903:64: note: insert '_Nullable' if the pointer may be null
C/C++:  8903 |     void SetAllocationUserData(VmaAllocHandle allocHandle, void* userData) override;
C/C++:       |                                                                ^
C/C++:       |                                                                  _Nullable
C/C++: D:/Foundation-SM64/Android/app/.cxx/Debug/592n6c1o/arm64-v8a/_deps/vulkanmemoryallocator-src/include/vk_mem_alloc.h:8903:64: note: insert '_Nonnull' if the pointer should never be null
C/C++:  8903 |     void SetAllocationUserData(VmaAllocHandle allocHandle, void* userData) override;
C/C++:       |                                                                ^
C/C++:       |                                                                  _Nonnull
C/C++: D:/Foundation-SM64/Android/app/.cxx/Debug/592n6c1o/arm64-v8a/_deps/vulkanmemoryallocator-src/include/vk_mem_alloc.h:8921:14: warning: pointer is missing a nullability type specifier (_Nonnull, _Nullable, or _Null_unspecified) [-Wnullability-completeness]
C/C++:  8921 |         Block* prevPhysical;
C/C++:       |              ^
C/C++: D:/Foundation-SM64/Android/app/.cxx/Debug/592n6c1o/arm64-v8a/_deps/vulkanmemoryallocator-src/include/vk_mem_alloc.h:8921:14: note: insert '_Nullable' if the pointer may be null
C/C++:  8921 |         Block* prevPhysical;
C/C++:       |              ^
C/C++:       |                _Nullable
C/C++: D:/Foundation-SM64/Android/app/.cxx/Debug/592n6c1o/arm64-v8a/_deps/vulkanmemoryallocator-src/include/vk_mem_alloc.h:8921:14: note: insert '_Nonnull' if the pointer should never be null
C/C++:  8921 |         Block* prevPhysical;
C/C++:       |              ^
C/C++:       |                _Nonnull
C/C++: D:/Foundation-SM64/Android/app/.cxx/Debug/592n6c1o/arm64-v8a/_deps/vulkanmemoryallocator-src/include/vk_mem_alloc.h:8922:14: warning: pointer is missing a nullability type specifier (_Nonnull, _Nullable, or _Null_unspecified) [-Wnullability-completeness]
C/C++:  8922 |         Block* nextPhysical;
C/C++:       |              ^
C/C++: D:/Foundation-SM64/Android/app/.cxx/Debug/592n6c1o/arm64-v8a/_deps/vulkanmemoryallocator-src/include/vk_mem_alloc.h:8922:14: note: insert '_Nullable' if the pointer may be null
C/C++:  8922 |         Block* nextPhysical;
C/C++:       |              ^
C/C++:       |                _Nullable
C/C++: D:/Foundation-SM64/Android/app/.cxx/Debug/592n6c1o/arm64-v8a/_deps/vulkanmemoryallocator-src/include/vk_mem_alloc.h:8922:14: note: insert '_Nonnull' if the pointer should never be null
C/C++:  8922 |         Block* nextPhysical;
C/C++:       |              ^
C/C++:       |                _Nonnull
C/C++: D:/Foundation-SM64/Android/app/.cxx/Debug/592n6c1o/arm64-v8a/_deps/vulkanmemoryallocator-src/include/vk_mem_alloc.h:8927:13: warning: pointer is missing a nullability type specifier (_Nonnull, _Nullable, or _Null_unspecified) [-Wnullability-completeness]
C/C++:  8927 |         void*& UserData() { VMA_HEAVY_ASSERT(!IsFree()); return userData; }
C/C++:       |             ^
C/C++: D:/Foundation-SM64/Android/app/.cxx/Debug/592n6c1o/arm64-v8a/_deps/vulkanmemoryallocator-src/include/vk_mem_alloc.h:8927:13: note: insert '_Nullable' if the pointer may be null
C/C++:  8927 |         void*& UserData() { VMA_HEAVY_ASSERT(!IsFree()); return userData; }
C/C++:       |             ^
C/C++:       |              _Nullable
C/C++: D:/Foundation-SM64/Android/app/.cxx/Debug/592n6c1o/arm64-v8a/_deps/vulkanmemoryallocator-src/include/vk_mem_alloc.h:8927:13: note: insert '_Nonnull' if the pointer should never be null
C/C++:  8927 |         void*& UserData() { VMA_HEAVY_ASSERT(!IsFree()); return userData; }
C/C++:       |             ^
C/C++:       |              _Nonnull
C/C++: D:/Foundation-SM64/Android/app/.cxx/Debug/592n6c1o/arm64-v8a/_deps/vulkanmemoryallocator-src/include/vk_mem_alloc.h:8928:14: warning: pointer is missing a nullability type specifier (_Nonnull, _Nullable, or _Null_unspecified) [-Wnullability-completeness]
C/C++:  8928 |         Block*& PrevFree() { return prevFree; }
C/C++:       |              ^
C/C++: D:/Foundation-SM64/Android/app/.cxx/Debug/592n6c1o/arm64-v8a/_deps/vulkanmemoryallocator-src/include/vk_mem_alloc.h:8928:14: note: insert '_Nullable' if the pointer may be null
C/C++:  8928 |         Block*& PrevFree() { return prevFree; }
C/C++:       |              ^
C/C++:       |               _Nullable
C/C++: D:/Foundation-SM64/Android/app/.cxx/Debug/592n6c1o/arm64-v8a/_deps/vulkanmemoryallocator-src/include/vk_mem_alloc.h:8928:14: note: insert '_Nonnull' if the pointer should never be null
C/C++:  8928 |         Block*& PrevFree() { return prevFree; }
C/C++:       |              ^
C/C++:       |               _Nonnull
C/C++: D:/Foundation-SM64/Android/app/.cxx/Debug/592n6c1o/arm64-v8a/_deps/vulkanmemoryallocator-src/include/vk_mem_alloc.h:8929:14: warning: pointer is missing a nullability type specifier (_Nonnull, _Nullable, or _Null_unspecified) [-Wnullability-completeness]
C/C++:  8929 |         Block*& NextFree() { VMA_HEAVY_ASSERT(IsFree()); return nextFree; }
C/C++:       |              ^
C/C++: D:/Foundation-SM64/Android/app/.cxx/Debug/592n6c1o/arm64-v8a/_deps/vulkanmemoryallocator-src/include/vk_mem_alloc.h:8929:14: note: insert '_Nullable' if the pointer may be null
C/C++:  8929 |         Block*& NextFree() { VMA_HEAVY_ASSERT(IsFree()); return nextFree; }
C/C++:       |              ^
C/C++:       |               _Nullable
C/C++: D:/Foundation-SM64/Android/app/.cxx/Debug/592n6c1o/arm64-v8a/_deps/vulkanmemoryallocator-src/include/vk_mem_alloc.h:8929:14: note: insert '_Nonnull' if the pointer should never be null
C/C++:  8929 |         Block*& NextFree() { VMA_HEAVY_ASSERT(IsFree()); return nextFree; }
C/C++:       |              ^
C/C++:       |               _Nonnull
C/C++: D:/Foundation-SM64/Android/app/.cxx/Debug/592n6c1o/arm64-v8a/_deps/vulkanmemoryallocator-src/include/vk_mem_alloc.h:8932:14: warning: pointer is missing a nullability type specifier (_Nonnull, _Nullable, or _Null_unspecified) [-Wnullability-completeness]
C/C++:  8932 |         Block* prevFree; // Address of the same block here indicates that block is taken
C/C++:       |              ^
C/C++: D:/Foundation-SM64/Android/app/.cxx/Debug/592n6c1o/arm64-v8a/_deps/vulkanmemoryallocator-src/include/vk_mem_alloc.h:8932:14: note: insert '_Nullable' if the pointer may be null
C/C++:  8932 |         Block* prevFree; // Address of the same block here indicates that block is taken
C/C++:       |              ^
C/C++:       |                _Nullable
C/C++: D:/Foundation-SM64/Android/app/.cxx/Debug/592n6c1o/arm64-v8a/_deps/vulkanmemoryallocator-src/include/vk_mem_alloc.h:8932:14: note: insert '_Nonnull' if the pointer should never be null
C/C++:  8932 |         Block* prevFree; // Address of the same block here indicates that block is taken
C/C++:       |              ^
C/C++:       |                _Nonnull
C/C++: D:/Foundation-SM64/Android/app/.cxx/Debug/592n6c1o/arm64-v8a/_deps/vulkanmemoryallocator-src/include/vk_mem_alloc.h:8935:18: warning: pointer is missing a nullability type specifier (_Nonnull, _Nullable, or _Null_unspecified) [-Wnullability-completeness]
C/C++:  8935 |             Block* nextFree;
C/C++:       |                  ^
C/C++: D:/Foundation-SM64/Android/app/.cxx/Debug/592n6c1o/arm64-v8a/_deps/vulkanmemoryallocator-src/include/vk_mem_alloc.h:8935:18: note: insert '_Nullable' if the pointer may be null
C/C++:  8935 |             Block* nextFree;
C/C++:       |                  ^
C/C++:       |                    _Nullable
C/C++: D:/Foundation-SM64/Android/app/.cxx/Debug/592n6c1o/arm64-v8a/_deps/vulkanmemoryallocator-src/include/vk_mem_alloc.h:8935:18: note: insert '_Nonnull' if the pointer should never be null
C/C++:  8935 |             Block* nextFree;
C/C++:       |                  ^
C/C++:       |                    _Nonnull
C/C++: D:/Foundation-SM64/Android/app/.cxx/Debug/592n6c1o/arm64-v8a/_deps/vulkanmemoryallocator-src/include/vk_mem_alloc.h:8936:17: warning: pointer is missing a nullability type specifier (_Nonnull, _Nullable, or _Null_unspecified) [-Wnullability-completeness]
C/C++:  8936 |             void* userData;
C/C++:       |                 ^
C/C++: D:/Foundation-SM64/Android/app/.cxx/Debug/592n6c1o/arm64-v8a/_deps/vulkanmemoryallocator-src/include/vk_mem_alloc.h:8936:17: note: insert '_Nullable' if the pointer may be null
C/C++:  8936 |             void* userData;
C/C++:       |                 ^
C/C++:       |                   _Nullable
C/C++: D:/Foundation-SM64/Android/app/.cxx/Debug/592n6c1o/arm64-v8a/_deps/vulkanmemoryallocator-src/include/vk_mem_alloc.h:8936:17: note: insert '_Nonnull' if the pointer should never be null
C/C++:  8936 |             void* userData;
C/C++:       |                 ^
C/C++:       |                   _Nonnull
C/C++: D:/Foundation-SM64/Android/app/.cxx/Debug/592n6c1o/arm64-v8a/_deps/vulkanmemoryallocator-src/include/vk_mem_alloc.h:8953:10: warning: pointer is missing a nullability type specifier (_Nonnull, _Nullable, or _Null_unspecified) [-Wnullability-completeness]
C/C++:  8953 |     Block** m_FreeList;
C/C++:       |          ^
C/C++: D:/Foundation-SM64/Android/app/.cxx/Debug/592n6c1o/arm64-v8a/_deps/vulkanmemoryallocator-src/include/vk_mem_alloc.h:8953:10: note: insert '_Nullable' if the pointer may be null
C/C++:  8953 |     Block** m_FreeList;
C/C++:       |          ^
C/C++:       |           _Nullable
C/C++: D:/Foundation-SM64/Android/app/.cxx/Debug/592n6c1o/arm64-v8a/_deps/vulkanmemoryallocator-src/include/vk_mem_alloc.h:8953:10: note: insert '_Nonnull' if the pointer should never be null
C/C++:  8953 |     Block** m_FreeList;
C/C++:       |          ^
C/C++:       |           _Nonnull
C/C++: D:/Foundation-SM64/Android/app/.cxx/Debug/592n6c1o/arm64-v8a/_deps/vulkanmemoryallocator-src/include/vk_mem_alloc.h:8953:11: warning: pointer is missing a nullability type specifier (_Nonnull, _Nullable, or _Null_unspecified) [-Wnullability-completeness]
C/C++:  8953 |     Block** m_FreeList;
C/C++:       |           ^
C/C++: D:/Foundation-SM64/Android/app/.cxx/Debug/592n6c1o/arm64-v8a/_deps/vulkanmemoryallocator-src/include/vk_mem_alloc.h:8953:11: note: insert '_Nullable' if the pointer may be null
C/C++:  8953 |     Block** m_FreeList;
C/C++:       |           ^
C/C++:       |             _Nullable
C/C++: D:/Foundation-SM64/Android/app/.cxx/Debug/592n6c1o/arm64-v8a/_deps/vulkanmemoryallocator-src/include/vk_mem_alloc.h:8953:11: note: insert '_Nonnull' if the pointer should never be null
C/C++:  8953 |     Block** m_FreeList;
C/C++:       |           ^
C/C++:       |             _Nonnull
C/C++: D:/Foundation-SM64/Android/app/.cxx/Debug/592n6c1o/arm64-v8a/_deps/vulkanmemoryallocator-src/include/vk_mem_alloc.h:8955:10: warning: pointer is missing a nullability type specifier (_Nonnull, _Nullable, or _Null_unspecified) [-Wnullability-completeness]
C/C++:  8955 |     Block* m_NullBlock;
C/C++:       |          ^
C/C++: D:/Foundation-SM64/Android/app/.cxx/Debug/592n6c1o/arm64-v8a/_deps/vulkanmemoryallocator-src/include/vk_mem_alloc.h:8955:10: note: insert '_Nullable' if the pointer may be null
C/C++:  8955 |     Block* m_NullBlock;
C/C++:       |          ^
C/C++:       |            _Nullable
C/C++: D:/Foundation-SM64/Android/app/.cxx/Debug/592n6c1o/arm64-v8a/_deps/vulkanmemoryallocator-src/include/vk_mem_alloc.h:8955:10: note: insert '_Nonnull' if the pointer should never be null
C/C++:  8955 |     Block* m_NullBlock;
C/C++:       |          ^
C/C++:       |            _Nonnull
C/C++: D:/Foundation-SM64/Android/app/.cxx/Debug/592n6c1o/arm64-v8a/_deps/vulkanmemoryallocator-src/include/vk_mem_alloc.h:8963:31: warning: pointer is missing a nullability type specifier (_Nonnull, _Nullable, or _Null_unspecified) [-Wnullability-completeness]
C/C++:  8963 |     void RemoveFreeBlock(Block* block);
C/C++:       |                               ^
C/C++: D:/Foundation-SM64/Android/app/.cxx/Debug/592n6c1o/arm64-v8a/_deps/vulkanmemoryallocator-src/include/vk_mem_alloc.h:8963:31: note: insert '_Nullable' if the pointer may be null
C/C++:  8963 |     void RemoveFreeBlock(Block* block);
C/C++:       |                               ^
C/C++:       |                                 _Nullable
C/C++: D:/Foundation-SM64/Android/app/.cxx/Debug/592n6c1o/arm64-v8a/_deps/vulkanmemoryallocator-src/include/vk_mem_alloc.h:8963:31: note: insert '_Nonnull' if the pointer should never be null
C/C++:  8963 |     void RemoveFreeBlock(Block* block);
C/C++:       |                               ^
C/C++:       |                                 _Nonnull
C/C++: D:/Foundation-SM64/Android/app/.cxx/Debug/592n6c1o/arm64-v8a/_deps/vulkanmemoryallocator-src/include/vk_mem_alloc.h:8964:31: warning: pointer is missing a nullability type specifier (_Nonnull, _Nullable, or _Null_unspecified) [-Wnullability-completeness]
C/C++:  8964 |     void InsertFreeBlock(Block* block);
C/C++:       |                               ^
C/C++: D:/Foundation-SM64/Android/app/.cxx/Debug/592n6c1o/arm64-v8a/_deps/vulkanmemoryallocator-src/include/vk_mem_alloc.h:8964:31: note: insert '_Nullable' if the pointer may be null
C/C++:  8964 |     void InsertFreeBlock(Block* block);
C/C++:       |                               ^
C/C++:       |                                 _Nullable
C/C++: D:/Foundation-SM64/Android/app/.cxx/Debug/592n6c1o/arm64-v8a/_deps/vulkanmemoryallocator-src/include/vk_mem_alloc.h:8964:31: note: insert '_Nonnull' if the pointer should never be null
C/C++:  8964 |     void InsertFreeBlock(Block* block);
C/C++:       |                               ^
C/C++:       |                                 _Nonnull
C/C++: D:/Foundation-SM64/Android/app/.cxx/Debug/592n6c1o/arm64-v8a/_deps/vulkanmemoryallocator-src/include/vk_mem_alloc.h:8965:26: warning: pointer is missing a nullability type specifier (_Nonnull, _Nullable, or _Null_unspecified) [-Wnullability-completeness]
C/C++:  8965 |     void MergeBlock(Block* block, Block* prev);
C/C++:       |                          ^
C/C++: D:/Foundation-SM64/Android/app/.cxx/Debug/592n6c1o/arm64-v8a/_deps/vulkanmemoryallocator-src/include/vk_mem_alloc.h:8965:26: note: insert '_Nullable' if the pointer may be null
C/C++:  8965 |     void MergeBlock(Block* block, Block* prev);
C/C++:       |                          ^
C/C++:       |                            _Nullable
C/C++: D:/Foundation-SM64/Android/app/.cxx/Debug/592n6c1o/arm64-v8a/_deps/vulkanmemoryallocator-src/include/vk_mem_alloc.h:8965:26: note: insert '_Nonnull' if the pointer should never be null
C/C++:  8965 |     void MergeBlock(Block* block, Block* prev);
C/C++:       |                          ^
C/C++:       |                            _Nonnull
C/C++: D:/Foundation-SM64/Android/app/.cxx/Debug/592n6c1o/arm64-v8a/_deps/vulkanmemoryallocator-src/include/vk_mem_alloc.h:8965:40: warning: pointer is missing a nullability type specifier (_Nonnull, _Nullable, or _Null_unspecified) [-Wnullability-completeness]
C/C++:  8965 |     void MergeBlock(Block* block, Block* prev);
C/C++:       |                                        ^
C/C++: D:/Foundation-SM64/Android/app/.cxx/Debug/592n6c1o/arm64-v8a/_deps/vulkanmemoryallocator-src/include/vk_mem_alloc.h:8965:40: note: insert '_Nullable' if the pointer may be null
C/C++:  8965 |     void MergeBlock(Block* block, Block* prev);
C/C++:       |                                        ^
C/C++:       |                                          _Nullable
C/C++: D:/Foundation-SM64/Android/app/.cxx/Debug/592n6c1o/arm64-v8a/_deps/vulkanmemoryallocator-src/include/vk_mem_alloc.h:8965:40: note: insert '_Nonnull' if the pointer should never be null
C/C++:  8965 |     void MergeBlock(Block* block, Block* prev);
C/C++:       |                                        ^
C/C++:       |                                          _Nonnull
C/C++: D:/Foundation-SM64/Android/app/.cxx/Debug/592n6c1o/arm64-v8a/_deps/vulkanmemoryallocator-src/include/vk_mem_alloc.h:8967:10: warning: pointer is missing a nullability type specifier (_Nonnull, _Nullable, or _Null_unspecified) [-Wnullability-completeness]
C/C++:  8967 |     Block* FindFreeBlock(VkDeviceSize size, uint32_t& listIndex) const;
C/C++:       |          ^
C/C++: D:/Foundation-SM64/Android/app/.cxx/Debug/592n6c1o/arm64-v8a/_deps/vulkanmemoryallocator-src/include/vk_mem_alloc.h:8967:10: note: insert '_Nullable' if the pointer may be null
C/C++:  8967 |     Block* FindFreeBlock(VkDeviceSize size, uint32_t& listIndex) const;
C/C++:       |          ^
C/C++:       |            _Nullable
C/C++: D:/Foundation-SM64/Android/app/.cxx/Debug/592n6c1o/arm64-v8a/_deps/vulkanmemoryallocator-src/include/vk_mem_alloc.h:8967:10: note: insert '_Nonnull' if the pointer should never be null
C/C++:  8967 |     Block* FindFreeBlock(VkDeviceSize size, uint32_t& listIndex) const;
C/C++:       |          ^
C/C++:       |            _Nonnull
C/C++: D:/Foundation-SM64/Android/app/.cxx/Debug/592n6c1o/arm64-v8a/_deps/vulkanmemoryallocator-src/include/vk_mem_alloc.h:8974:29: warning: pointer is missing a nullability type specifier (_Nonnull, _Nullable, or _Null_unspecified) [-Wnullability-completeness]
C/C++:  8974 |         VmaAllocationRequest* pAllocationRequest);
C/C++:       |                             ^
C/C++: D:/Foundation-SM64/Android/app/.cxx/Debug/592n6c1o/arm64-v8a/_deps/vulkanmemoryallocator-src/include/vk_mem_alloc.h:8974:29: note: insert '_Nullable' if the pointer may be null
C/C++:  8974 |         VmaAllocationRequest* pAllocationRequest);
C/C++:       |                             ^
C/C++:       |                               _Nullable
C/C++: D:/Foundation-SM64/Android/app/.cxx/Debug/592n6c1o/arm64-v8a/_deps/vulkanmemoryallocator-src/include/vk_mem_alloc.h:8974:29: note: insert '_Nonnull' if the pointer should never be null
C/C++:  8974 |         VmaAllocationRequest* pAllocationRequest);
C/C++:       |                             ^
C/C++:       |                               _Nonnull
C/C++: D:/Foundation-SM64/Android/app/.cxx/Debug/592n6c1o/arm64-v8a/_deps/vulkanmemoryallocator-src/include/vk_mem_alloc.h:8978:73: warning: pointer is missing a nullability type specifier (_Nonnull, _Nullable, or _Null_unspecified) [-Wnullability-completeness]
C/C++:  8978 | VmaBlockMetadata_TLSF::VmaBlockMetadata_TLSF(const VkAllocationCallbacks* pAllocationCallbacks,
C/C++:       |                                                                         ^
C/C++: D:/Foundation-SM64/Android/app/.cxx/Debug/592n6c1o/arm64-v8a/_deps/vulkanmemoryallocator-src/include/vk_mem_alloc.h:8978:73: note: insert '_Nullable' if the pointer may be null
C/C++:  8978 | VmaBlockMetadata_TLSF::VmaBlockMetadata_TLSF(const VkAllocationCallbacks* pAllocationCallbacks,
C/C++:       |                                                                         ^
C/C++:       |                                                                           _Nullable
C/C++: D:/Foundation-SM64/Android/app/.cxx/Debug/592n6c1o/arm64-v8a/_deps/vulkanmemoryallocator-src/include/vk_mem_alloc.h:8978:73: note: insert '_Nonnull' if the pointer should never be null
C/C++:  8978 | VmaBlockMetadata_TLSF::VmaBlockMetadata_TLSF(const VkAllocationCallbacks* pAllocationCallbacks,
C/C++:       |                                                                         ^
C/C++:       |                                                                           _Nonnull
C/C++: D:/Foundation-SM64/Android/app/.cxx/Debug/592n6c1o/arm64-v8a/_deps/vulkanmemoryallocator-src/include/vk_mem_alloc.h:9195:25: warning: pointer is missing a nullability type specifier (_Nonnull, _Nullable, or _Null_unspecified) [-Wnullability-completeness]
C/C++:  9195 |     VmaAllocationRequest* pAllocationRequest)
C/C++:       |                         ^
C/C++: D:/Foundation-SM64/Android/app/.cxx/Debug/592n6c1o/arm64-v8a/_deps/vulkanmemoryallocator-src/include/vk_mem_alloc.h:9195:25: note: insert '_Nullable' if the pointer may be null
C/C++:  9195 |     VmaAllocationRequest* pAllocationRequest)
C/C++:       |                         ^
C/C++:       |                           _Nullable
C/C++: D:/Foundation-SM64/Android/app/.cxx/Debug/592n6c1o/arm64-v8a/_deps/vulkanmemoryallocator-src/include/vk_mem_alloc.h:9195:25: note: insert '_Nonnull' if the pointer should never be null
C/C++:  9195 |     VmaAllocationRequest* pAllocationRequest)
C/C++:       |                         ^
C/C++:       |                           _Nonnull
C/C++: D:/Foundation-SM64/Android/app/.cxx/Debug/592n6c1o/arm64-v8a/_deps/vulkanmemoryallocator-src/include/vk_mem_alloc.h:9351:59: warning: pointer is missing a nullability type specifier (_Nonnull, _Nullable, or _Null_unspecified) [-Wnullability-completeness]
C/C++:  9351 | VkResult VmaBlockMetadata_TLSF::CheckCorruption(const void* pBlockData)
C/C++:       |                                                           ^
C/C++: D:/Foundation-SM64/Android/app/.cxx/Debug/592n6c1o/arm64-v8a/_deps/vulkanmemoryallocator-src/include/vk_mem_alloc.h:9351:59: note: insert '_Nullable' if the pointer may be null
C/C++:  9351 | VkResult VmaBlockMetadata_TLSF::CheckCorruption(const void* pBlockData)
C/C++:       |                                                           ^
C/C++:       |                                                             _Nullable
C/C++: D:/Foundation-SM64/Android/app/.cxx/Debug/592n6c1o/arm64-v8a/_deps/vulkanmemoryallocator-src/include/vk_mem_alloc.h:9351:59: note: insert '_Nonnull' if the pointer should never be null
C/C++:  9351 | VkResult VmaBlockMetadata_TLSF::CheckCorruption(const void* pBlockData)
C/C++:       |                                                           ^
C/C++:       |                                                             _Nonnull
C/C++: D:/Foundation-SM64/Android/app/.cxx/Debug/592n6c1o/arm64-v8a/_deps/vulkanmemoryallocator-src/include/vk_mem_alloc.h:9371:9: warning: pointer is missing a nullability type specifier (_Nonnull, _Nullable, or _Null_unspecified) [-Wnullability-completeness]
C/C++:  9371 |     void* userData)
C/C++:       |         ^
C/C++: D:/Foundation-SM64/Android/app/.cxx/Debug/592n6c1o/arm64-v8a/_deps/vulkanmemoryallocator-src/include/vk_mem_alloc.h:9371:9: note: insert '_Nullable' if the pointer may be null
C/C++:  9371 |     void* userData)
C/C++:       |         ^
C/C++:       |           _Nullable
C/C++: D:/Foundation-SM64/Android/app/.cxx/Debug/592n6c1o/arm64-v8a/_deps/vulkanmemoryallocator-src/include/vk_mem_alloc.h:9371:9: note: insert '_Nonnull' if the pointer should never be null
C/C++:  9371 |     void* userData)
C/C++:       |         ^
C/C++:       |           _Nonnull
C/C++: D:/Foundation-SM64/Android/app/.cxx/Debug/592n6c1o/arm64-v8a/_deps/vulkanmemoryallocator-src/include/vk_mem_alloc.h:9494:34: warning: pointer is missing a nullability type specifier (_Nonnull, _Nullable, or _Null_unspecified) [-Wnullability-completeness]
C/C++:  9494 | void VmaBlockMetadata_TLSF::Free(VmaAllocHandle allocHandle)
C/C++:       |                                  ^
C/C++: D:/Foundation-SM64/Android/app/.cxx/Debug/592n6c1o/arm64-v8a/_deps/vulkanmemoryallocator-src/include/vk_mem_alloc.h:9494:34: note: insert '_Nullable' if the pointer may be null
C/C++:  9494 | void VmaBlockMetadata_TLSF::Free(VmaAllocHandle allocHandle)
C/C++:       |                                  ^
C/C++:       |                                                 _Nullable
C/C++: D:/Foundation-SM64/Android/app/.cxx/Debug/592n6c1o/arm64-v8a/_deps/vulkanmemoryallocator-src/include/vk_mem_alloc.h:9494:34: note: insert '_Nonnull' if the pointer should never be null
C/C++:  9494 | void VmaBlockMetadata_TLSF::Free(VmaAllocHandle allocHandle)
C/C++:       |                                  ^
C/C++:       |                                                 _Nonnull
C/C++: D:/Foundation-SM64/Android/app/.cxx/Debug/592n6c1o/arm64-v8a/_deps/vulkanmemoryallocator-src/include/vk_mem_alloc.h:9533:47: warning: pointer is missing a nullability type specifier (_Nonnull, _Nullable, or _Null_unspecified) [-Wnullability-completeness]
C/C++:  9533 | void VmaBlockMetadata_TLSF::GetAllocationInfo(VmaAllocHandle allocHandle, VmaVirtualAllocationInfo& outInfo)
C/C++:       |                                               ^
C/C++: D:/Foundation-SM64/Android/app/.cxx/Debug/592n6c1o/arm64-v8a/_deps/vulkanmemoryallocator-src/include/vk_mem_alloc.h:9533:47: note: insert '_Nullable' if the pointer may be null
C/C++:  9533 | void VmaBlockMetadata_TLSF::GetAllocationInfo(VmaAllocHandle allocHandle, VmaVirtualAllocationInfo& outInfo)
C/C++:       |                                               ^
C/C++:       |                                                              _Nullable
C/C++: D:/Foundation-SM64/Android/app/.cxx/Debug/592n6c1o/arm64-v8a/_deps/vulkanmemoryallocator-src/include/vk_mem_alloc.h:9533:47: note: insert '_Nonnull' if the pointer should never be null
C/C++:  9533 | void VmaBlockMetadata_TLSF::GetAllocationInfo(VmaAllocHandle allocHandle, VmaVirtualAllocationInfo& outInfo)
C/C++:       |                                               ^
C/C++:       |                                                              _Nonnull
C/C++: D:/Foundation-SM64/Android/app/.cxx/Debug/592n6c1o/arm64-v8a/_deps/vulkanmemoryallocator-src/include/vk_mem_alloc.h:9542:52: warning: pointer is missing a nullability type specifier (_Nonnull, _Nullable, or _Null_unspecified) [-Wnullability-completeness]
C/C++:  9542 | void* VmaBlockMetadata_TLSF::GetAllocationUserData(VmaAllocHandle allocHandle) const
C/C++:       |                                                    ^
C/C++: D:/Foundation-SM64/Android/app/.cxx/Debug/592n6c1o/arm64-v8a/_deps/vulkanmemoryallocator-src/include/vk_mem_alloc.h:9542:52: note: insert '_Nullable' if the pointer may be null
C/C++:  9542 | void* VmaBlockMetadata_TLSF::GetAllocationUserData(VmaAllocHandle allocHandle) const
C/C++:       |                                                    ^
C/C++:       |                                                                   _Nullable
C/C++: D:/Foundation-SM64/Android/app/.cxx/Debug/592n6c1o/arm64-v8a/_deps/vulkanmemoryallocator-src/include/vk_mem_alloc.h:9542:52: note: insert '_Nonnull' if the pointer should never be null
C/C++:  9542 | void* VmaBlockMetadata_TLSF::GetAllocationUserData(VmaAllocHandle allocHandle) const
C/C++:       |                                                    ^
C/C++:       |                                                                   _Nonnull
C/C++: D:/Foundation-SM64/Android/app/.cxx/Debug/592n6c1o/arm64-v8a/_deps/vulkanmemoryallocator-src/include/vk_mem_alloc.h:9542:5: warning: pointer is missing a nullability type specifier (_Nonnull, _Nullable, or _Null_unspecified) [-Wnullability-completeness]
C/C++:  9542 | void* VmaBlockMetadata_TLSF::GetAllocationUserData(VmaAllocHandle allocHandle) const
C/C++:       |     ^
C/C++: D:/Foundation-SM64/Android/app/.cxx/Debug/592n6c1o/arm64-v8a/_deps/vulkanmemoryallocator-src/include/vk_mem_alloc.h:9542:5: note: insert '_Nullable' if the pointer may be null
C/C++:  9542 | void* VmaBlockMetadata_TLSF::GetAllocationUserData(VmaAllocHandle allocHandle) const
C/C++:       |     ^
C/C++:       |       _Nullable
C/C++: D:/Foundation-SM64/Android/app/.cxx/Debug/592n6c1o/arm64-v8a/_deps/vulkanmemoryallocator-src/include/vk_mem_alloc.h:9542:5: note: insert '_Nonnull' if the pointer should never be null
C/C++:  9542 | void* VmaBlockMetadata_TLSF::GetAllocationUserData(VmaAllocHandle allocHandle) const
C/C++:       |     ^
C/C++:       |       _Nonnull
C/C++: D:/Foundation-SM64/Android/app/.cxx/Debug/592n6c1o/arm64-v8a/_deps/vulkanmemoryallocator-src/include/vk_mem_alloc.h:9549:1: warning: pointer is missing a nullability type specifier (_Nonnull, _Nullable, or _Null_unspecified) [-Wnullability-completeness]
C/C++:  9549 | VmaAllocHandle VmaBlockMetadata_TLSF::GetAllocationListBegin() const
C/C++:       | ^
C/C++: D:/Foundation-SM64/Android/app/.cxx/Debug/592n6c1o/arm64-v8a/_deps/vulkanmemoryallocator-src/include/vk_mem_alloc.h:9549:1: note: insert '_Nullable' if the pointer may be null
C/C++:  9549 | VmaAllocHandle VmaBlockMetadata_TLSF::GetAllocationListBegin() const
C/C++:       | ^
C/C++:       |                _Nullable
C/C++: D:/Foundation-SM64/Android/app/.cxx/Debug/592n6c1o/arm64-v8a/_deps/vulkanmemoryallocator-src/include/vk_mem_alloc.h:9549:1: note: insert '_Nonnull' if the pointer should never be null
C/C++:  9549 | VmaAllocHandle VmaBlockMetadata_TLSF::GetAllocationListBegin() const
C/C++:       | ^
C/C++:       |                _Nonnull
C/C++: D:/Foundation-SM64/Android/app/.cxx/Debug/592n6c1o/arm64-v8a/_deps/vulkanmemoryallocator-src/include/vk_mem_alloc.h:9563:57: warning: pointer is missing a nullability type specifier (_Nonnull, _Nullable, or _Null_unspecified) [-Wnullability-completeness]
C/C++:  9563 | VmaAllocHandle VmaBlockMetadata_TLSF::GetNextAllocation(VmaAllocHandle prevAlloc) const
C/C++:       |                                                         ^
C/C++: D:/Foundation-SM64/Android/app/.cxx/Debug/592n6c1o/arm64-v8a/_deps/vulkanmemoryallocator-src/include/vk_mem_alloc.h:9563:57: note: insert '_Nullable' if the pointer may be null
C/C++:  9563 | VmaAllocHandle VmaBlockMetadata_TLSF::GetNextAllocation(VmaAllocHandle prevAlloc) const
C/C++:       |                                                         ^
C/C++:       |                                                                        _Nullable
C/C++: D:/Foundation-SM64/Android/app/.cxx/Debug/592n6c1o/arm64-v8a/_deps/vulkanmemoryallocator-src/include/vk_mem_alloc.h:9563:57: note: insert '_Nonnull' if the pointer should never be null
C/C++:  9563 | VmaAllocHandle VmaBlockMetadata_TLSF::GetNextAllocation(VmaAllocHandle prevAlloc) const
C/C++:       |                                                         ^
C/C++:       |                                                                        _Nonnull
C/C++: D:/Foundation-SM64/Android/app/.cxx/Debug/592n6c1o/arm64-v8a/_deps/vulkanmemoryallocator-src/include/vk_mem_alloc.h:9563:1: warning: pointer is missing a nullability type specifier (_Nonnull, _Nullable, or _Null_unspecified) [-Wnullability-completeness]
C/C++:  9563 | VmaAllocHandle VmaBlockMetadata_TLSF::GetNextAllocation(VmaAllocHandle prevAlloc) const
C/C++:       | ^
C/C++: D:/Foundation-SM64/Android/app/.cxx/Debug/592n6c1o/arm64-v8a/_deps/vulkanmemoryallocator-src/include/vk_mem_alloc.h:9563:1: note: insert '_Nullable' if the pointer may be null
C/C++:  9563 | VmaAllocHandle VmaBlockMetadata_TLSF::GetNextAllocation(VmaAllocHandle prevAlloc) const
C/C++:       | ^
C/C++:       |                _Nullable
C/C++: D:/Foundation-SM64/Android/app/.cxx/Debug/592n6c1o/arm64-v8a/_deps/vulkanmemoryallocator-src/include/vk_mem_alloc.h:9563:1: note: insert '_Nonnull' if the pointer should never be null
C/C++:  9563 | VmaAllocHandle VmaBlockMetadata_TLSF::GetNextAllocation(VmaAllocHandle prevAlloc) const
C/C++:       | ^
C/C++:       |                _Nonnull
C/C++: D:/Foundation-SM64/Android/app/.cxx/Debug/592n6c1o/arm64-v8a/_deps/vulkanmemoryallocator-src/include/vk_mem_alloc.h:9576:59: warning: pointer is missing a nullability type specifier (_Nonnull, _Nullable, or _Null_unspecified) [-Wnullability-completeness]
C/C++:  9576 | VkDeviceSize VmaBlockMetadata_TLSF::GetNextFreeRegionSize(VmaAllocHandle alloc) const
C/C++:       |                                                           ^
C/C++: D:/Foundation-SM64/Android/app/.cxx/Debug/592n6c1o/arm64-v8a/_deps/vulkanmemoryallocator-src/include/vk_mem_alloc.h:9576:59: note: insert '_Nullable' if the pointer may be null
C/C++:  9576 | VkDeviceSize VmaBlockMetadata_TLSF::GetNextFreeRegionSize(VmaAllocHandle alloc) const
C/C++:       |                                                           ^
C/C++:       |                                                                          _Nullable
C/C++: D:/Foundation-SM64/Android/app/.cxx/Debug/592n6c1o/arm64-v8a/_deps/vulkanmemoryallocator-src/include/vk_mem_alloc.h:9576:59: note: insert '_Nonnull' if the pointer should never be null
C/C++:  9576 | VkDeviceSize VmaBlockMetadata_TLSF::GetNextFreeRegionSize(VmaAllocHandle alloc) const
C/C++:       |                                                           ^
C/C++:       |                                                                          _Nonnull
C/C++: D:/Foundation-SM64/Android/app/.cxx/Debug/592n6c1o/arm64-v8a/_deps/vulkanmemoryallocator-src/include/vk_mem_alloc.h:9607:51: warning: pointer is missing a nullability type specifier (_Nonnull, _Nullable, or _Null_unspecified) [-Wnullability-completeness]
C/C++:  9607 | void VmaBlockMetadata_TLSF::SetAllocationUserData(VmaAllocHandle allocHandle, void* userData)
C/C++:       |                                                   ^
C/C++: D:/Foundation-SM64/Android/app/.cxx/Debug/592n6c1o/arm64-v8a/_deps/vulkanmemoryallocator-src/include/vk_mem_alloc.h:9607:51: note: insert '_Nullable' if the pointer may be null
C/C++:  9607 | void VmaBlockMetadata_TLSF::SetAllocationUserData(VmaAllocHandle allocHandle, void* userData)
C/C++:       |                                                   ^
C/C++:       |                                                                  _Nullable
C/C++: D:/Foundation-SM64/Android/app/.cxx/Debug/592n6c1o/arm64-v8a/_deps/vulkanmemoryallocator-src/include/vk_mem_alloc.h:9607:51: note: insert '_Nonnull' if the pointer should never be null
C/C++:  9607 | void VmaBlockMetadata_TLSF::SetAllocationUserData(VmaAllocHandle allocHandle, void* userData)
C/C++:       |                                                   ^
C/C++:       |                                                                  _Nonnull
C/C++: D:/Foundation-SM64/Android/app/.cxx/Debug/592n6c1o/arm64-v8a/_deps/vulkanmemoryallocator-src/include/vk_mem_alloc.h:9607:83: warning: pointer is missing a nullability type specifier (_Nonnull, _Nullable, or _Null_unspecified) [-Wnullability-completeness]
C/C++:  9607 | void VmaBlockMetadata_TLSF::SetAllocationUserData(VmaAllocHandle allocHandle, void* userData)
C/C++:       |                                                                                   ^
C/C++: D:/Foundation-SM64/Android/app/.cxx/Debug/592n6c1o/arm64-v8a/_deps/vulkanmemoryallocator-src/include/vk_mem_alloc.h:9607:83: note: insert '_Nullable' if the pointer may be null
C/C++:  9607 | void VmaBlockMetadata_TLSF::SetAllocationUserData(VmaAllocHandle allocHandle, void* userData)
C/C++:       |                                                                                   ^
C/C++:       |                                                                                     _Nullable
C/C++: D:/Foundation-SM64/Android/app/.cxx/Debug/592n6c1o/arm64-v8a/_deps/vulkanmemoryallocator-src/include/vk_mem_alloc.h:9607:83: note: insert '_Nonnull' if the pointer should never be null
C/C++:  9607 | void VmaBlockMetadata_TLSF::SetAllocationUserData(VmaAllocHandle allocHandle, void* userData)
C/C++:       |                                                                                   ^
C/C++:       |                                                                                     _Nonnull
C/C++: D:/Foundation-SM64/Android/app/.cxx/Debug/592n6c1o/arm64-v8a/_deps/vulkanmemoryallocator-src/include/vk_mem_alloc.h:9656:50: warning: pointer is missing a nullability type specifier (_Nonnull, _Nullable, or _Null_unspecified) [-Wnullability-completeness]
C/C++:  9656 | void VmaBlockMetadata_TLSF::RemoveFreeBlock(Block* block)
C/C++:       |                                                  ^
C/C++: D:/Foundation-SM64/Android/app/.cxx/Debug/592n6c1o/arm64-v8a/_deps/vulkanmemoryallocator-src/include/vk_mem_alloc.h:9656:50: note: insert '_Nullable' if the pointer may be null
C/C++:  9656 | void VmaBlockMetadata_TLSF::RemoveFreeBlock(Block* block)
C/C++:       |                                                  ^
C/C++:       |                                                    _Nullable
C/C++: D:/Foundation-SM64/Android/app/.cxx/Debug/592n6c1o/arm64-v8a/_deps/vulkanmemoryallocator-src/include/vk_mem_alloc.h:9656:50: note: insert '_Nonnull' if the pointer should never be null
C/C++:  9656 | void VmaBlockMetadata_TLSF::RemoveFreeBlock(Block* block)
C/C++:       |                                                  ^
C/C++:       |                                                    _Nonnull
C/C++: D:/Foundation-SM64/Android/app/.cxx/Debug/592n6c1o/arm64-v8a/_deps/vulkanmemoryallocator-src/include/vk_mem_alloc.h:9685:50: warning: pointer is missing a nullability type specifier (_Nonnull, _Nullable, or _Null_unspecified) [-Wnullability-completeness]
C/C++:  9685 | void VmaBlockMetadata_TLSF::InsertFreeBlock(Block* block)
C/C++:       |                                                  ^
C/C++: D:/Foundation-SM64/Android/app/.cxx/Debug/592n6c1o/arm64-v8a/_deps/vulkanmemoryallocator-src/include/vk_mem_alloc.h:9685:50: note: insert '_Nullable' if the pointer may be null
C/C++:  9685 | void VmaBlockMetadata_TLSF::InsertFreeBlock(Block* block)
C/C++:       |                                                  ^
C/C++:       |                                                    _Nullable
C/C++: D:/Foundation-SM64/Android/app/.cxx/Debug/592n6c1o/arm64-v8a/_deps/vulkanmemoryallocator-src/include/vk_mem_alloc.h:9685:50: note: insert '_Nonnull' if the pointer should never be null
C/C++:  9685 | void VmaBlockMetadata_TLSF::InsertFreeBlock(Block* block)
C/C++:       |                                                  ^
C/C++:       |                                                    _Nonnull
C/C++: D:/Foundation-SM64/Android/app/.cxx/Debug/592n6c1o/arm64-v8a/_deps/vulkanmemoryallocator-src/include/vk_mem_alloc.h:9708:45: warning: pointer is missing a nullability type specifier (_Nonnull, _Nullable, or _Null_unspecified) [-Wnullability-completeness]
C/C++:  9708 | void VmaBlockMetadata_TLSF::MergeBlock(Block* block, Block* prev)
C/C++:       |                                             ^
C/C++: D:/Foundation-SM64/Android/app/.cxx/Debug/592n6c1o/arm64-v8a/_deps/vulkanmemoryallocator-src/include/vk_mem_alloc.h:9708:45: note: insert '_Nullable' if the pointer may be null
C/C++:  9708 | void VmaBlockMetadata_TLSF::MergeBlock(Block* block, Block* prev)
C/C++:       |                                             ^
C/C++:       |                                               _Nullable
C/C++: D:/Foundation-SM64/Android/app/.cxx/Debug/592n6c1o/arm64-v8a/_deps/vulkanmemoryallocator-src/include/vk_mem_alloc.h:9708:45: note: insert '_Nonnull' if the pointer should never be null
C/C++:  9708 | void VmaBlockMetadata_TLSF::MergeBlock(Block* block, Block* prev)
C/C++:       |                                             ^
C/C++:       |                                               _Nonnull
C/C++: D:/Foundation-SM64/Android/app/.cxx/Debug/592n6c1o/arm64-v8a/_deps/vulkanmemoryallocator-src/include/vk_mem_alloc.h:9708:59: warning: pointer is missing a nullability type specifier (_Nonnull, _Nullable, or _Null_unspecified) [-Wnullability-completeness]
C/C++:  9708 | void VmaBlockMetadata_TLSF::MergeBlock(Block* block, Block* prev)
C/C++:       |                                                           ^
C/C++: D:/Foundation-SM64/Android/app/.cxx/Debug/592n6c1o/arm64-v8a/_deps/vulkanmemoryallocator-src/include/vk_mem_alloc.h:9708:59: note: insert '_Nullable' if the pointer may be null
C/C++:  9708 | void VmaBlockMetadata_TLSF::MergeBlock(Block* block, Block* prev)
C/C++:       |                                                           ^
C/C++:       |                                                             _Nullable
C/C++: D:/Foundation-SM64/Android/app/.cxx/Debug/592n6c1o/arm64-v8a/_deps/vulkanmemoryallocator-src/include/vk_mem_alloc.h:9708:59: note: insert '_Nonnull' if the pointer should never be null
C/C++:  9708 | void VmaBlockMetadata_TLSF::MergeBlock(Block* block, Block* prev)
C/C++:       |                                                           ^
C/C++:       |                                                             _Nonnull
C/C++: D:/Foundation-SM64/Android/app/.cxx/Debug/592n6c1o/arm64-v8a/_deps/vulkanmemoryallocator-src/include/vk_mem_alloc.h:9721:29: warning: pointer is missing a nullability type specifier (_Nonnull, _Nullable, or _Null_unspecified) [-Wnullability-completeness]
C/C++:  9721 | VmaBlockMetadata_TLSF::Block* VmaBlockMetadata_TLSF::FindFreeBlock(VkDeviceSize size, uint32_t& listIndex) const
C/C++:       |                             ^
C/C++: D:/Foundation-SM64/Android/app/.cxx/Debug/592n6c1o/arm64-v8a/_deps/vulkanmemoryallocator-src/include/vk_mem_alloc.h:9721:29: note: insert '_Nullable' if the pointer may be null
C/C++:  9721 | VmaBlockMetadata_TLSF::Block* VmaBlockMetadata_TLSF::FindFreeBlock(VkDeviceSize size, uint32_t& listIndex) const
C/C++:       |                             ^
C/C++:       |                               _Nullable
C/C++: D:/Foundation-SM64/Android/app/.cxx/Debug/592n6c1o/arm64-v8a/_deps/vulkanmemoryallocator-src/include/vk_mem_alloc.h:9721:29: note: insert '_Nonnull' if the pointer should never be null
C/C++:  9721 | VmaBlockMetadata_TLSF::Block* VmaBlockMetadata_TLSF::FindFreeBlock(VkDeviceSize size, uint32_t& listIndex) const
C/C++:       |                             ^
C/C++:       |                               _Nonnull
C/C++: D:/Foundation-SM64/Android/app/.cxx/Debug/592n6c1o/arm64-v8a/_deps/vulkanmemoryallocator-src/include/vk_mem_alloc.h:9749:25: warning: pointer is missing a nullability type specifier (_Nonnull, _Nullable, or _Null_unspecified) [-Wnullability-completeness]
C/C++:  9749 |     VmaAllocationRequest* pAllocationRequest)
C/C++:       |                         ^
C/C++: D:/Foundation-SM64/Android/app/.cxx/Debug/592n6c1o/arm64-v8a/_deps/vulkanmemoryallocator-src/include/vk_mem_alloc.h:9749:25: note: insert '_Nullable' if the pointer may be null
C/C++:  9749 |     VmaAllocationRequest* pAllocationRequest)
C/C++:       |                         ^
C/C++:       |                           _Nullable
C/C++: D:/Foundation-SM64/Android/app/.cxx/Debug/592n6c1o/arm64-v8a/_deps/vulkanmemoryallocator-src/include/vk_mem_alloc.h:9749:25: note: insert '_Nonnull' if the pointer should never be null
C/C++:  9749 |     VmaAllocationRequest* pAllocationRequest)
C/C++:       |                         ^
C/C++:       |                           _Nonnull
C/C++: D:/Foundation-SM64/Android/app/.cxx/Debug/592n6c1o/arm64-v8a/_deps/vulkanmemoryallocator-src/include/vk_mem_alloc.h:9800:9: warning: pointer is missing a nullability type specifier (_Nonnull, _Nullable, or _Null_unspecified) [-Wnullability-completeness]
C/C++:  9800 |         VmaAllocator hAllocator,
C/C++:       |         ^
C/C++: D:/Foundation-SM64/Android/app/.cxx/Debug/592n6c1o/arm64-v8a/_deps/vulkanmemoryallocator-src/include/vk_mem_alloc.h:9800:9: note: insert '_Nullable' if the pointer may be null
C/C++:  9800 |         VmaAllocator hAllocator,
C/C++:       |         ^
C/C++:       |                      _Nullable
C/C++: D:/Foundation-SM64/Android/app/.cxx/Debug/592n6c1o/arm64-v8a/_deps/vulkanmemoryallocator-src/include/vk_mem_alloc.h:9800:9: note: insert '_Nonnull' if the pointer should never be null
C/C++:  9800 |         VmaAllocator hAllocator,
C/C++:       |         ^
C/C++:       |                      _Nonnull
C/C++: D:/Foundation-SM64/Android/app/.cxx/Debug/592n6c1o/arm64-v8a/_deps/vulkanmemoryallocator-src/include/vk_mem_alloc.h:9801:9: warning: pointer is missing a nullability type specifier (_Nonnull, _Nullable, or _Null_unspecified) [-Wnullability-completeness]
C/C++:  9801 |         VmaPool hParentPool,
C/C++:       |         ^
C/C++: D:/Foundation-SM64/Android/app/.cxx/Debug/592n6c1o/arm64-v8a/_deps/vulkanmemoryallocator-src/include/vk_mem_alloc.h:9801:9: note: insert '_Nullable' if the pointer may be null
C/C++:  9801 |         VmaPool hParentPool,
C/C++:       |         ^
C/C++:       |                 _Nullable
C/C++: D:/Foundation-SM64/Android/app/.cxx/Debug/592n6c1o/arm64-v8a/_deps/vulkanmemoryallocator-src/include/vk_mem_alloc.h:9801:9: note: insert '_Nonnull' if the pointer should never be null
C/C++:  9801 |         VmaPool hParentPool,
C/C++:       |         ^
C/C++:       |                 _Nonnull
C/C++: D:/Foundation-SM64/Android/app/.cxx/Debug/592n6c1o/arm64-v8a/_deps/vulkanmemoryallocator-src/include/vk_mem_alloc.h:9811:13: warning: pointer is missing a nullability type specifier (_Nonnull, _Nullable, or _Null_unspecified) [-Wnullability-completeness]
C/C++:  9811 |         void* pMemoryAllocateNext);
C/C++:       |             ^
C/C++: D:/Foundation-SM64/Android/app/.cxx/Debug/592n6c1o/arm64-v8a/_deps/vulkanmemoryallocator-src/include/vk_mem_alloc.h:9811:13: note: insert '_Nullable' if the pointer may be null
C/C++:  9811 |         void* pMemoryAllocateNext);
C/C++:       |             ^
C/C++:       |               _Nullable
C/C++: D:/Foundation-SM64/Android/app/.cxx/Debug/592n6c1o/arm64-v8a/_deps/vulkanmemoryallocator-src/include/vk_mem_alloc.h:9811:13: note: insert '_Nonnull' if the pointer should never be null
C/C++:  9811 |         void* pMemoryAllocateNext);
C/C++:       |             ^
C/C++:       |               _Nonnull
C/C++: D:/Foundation-SM64/Android/app/.cxx/Debug/592n6c1o/arm64-v8a/_deps/vulkanmemoryallocator-src/include/vk_mem_alloc.h:9814:5: warning: pointer is missing a nullability type specifier (_Nonnull, _Nullable, or _Null_unspecified) [-Wnullability-completeness]
C/C++:  9814 |     VmaAllocator GetAllocator() const { return m_hAllocator; }
C/C++:       |     ^
C/C++: D:/Foundation-SM64/Android/app/.cxx/Debug/592n6c1o/arm64-v8a/_deps/vulkanmemoryallocator-src/include/vk_mem_alloc.h:9814:5: note: insert '_Nullable' if the pointer may be null
C/C++:  9814 |     VmaAllocator GetAllocator() const { return m_hAllocator; }
C/C++:       |     ^
C/C++:       |                  _Nullable
C/C++: D:/Foundation-SM64/Android/app/.cxx/Debug/592n6c1o/arm64-v8a/_deps/vulkanmemoryallocator-src/include/vk_mem_alloc.h:9814:5: note: insert '_Nonnull' if the pointer should never be null
C/C++:  9814 |     VmaAllocator GetAllocator() const { return m_hAllocator; }
C/C++:       |     ^
C/C++:       |                  _Nonnull
C/C++: D:/Foundation-SM64/Android/app/.cxx/Debug/592n6c1o/arm64-v8a/_deps/vulkanmemoryallocator-src/include/vk_mem_alloc.h:9815:5: warning: pointer is missing a nullability type specifier (_Nonnull, _Nullable, or _Null_unspecified) [-Wnullability-completeness]
C/C++:  9815 |     VmaPool GetParentPool() const { return m_hParentPool; }
C/C++:       |     ^
C/C++: D:/Foundation-SM64/Android/app/.cxx/Debug/592n6c1o/arm64-v8a/_deps/vulkanmemoryallocator-src/include/vk_mem_alloc.h:9815:5: note: insert '_Nullable' if the pointer may be null
C/C++:  9815 |     VmaPool GetParentPool() const { return m_hParentPool; }
C/C++:       |     ^
C/C++:       |             _Nullable
C/C++: D:/Foundation-SM64/Android/app/.cxx/Debug/592n6c1o/arm64-v8a/_deps/vulkanmemoryallocator-src/include/vk_mem_alloc.h:9815:5: note: insert '_Nonnull' if the pointer should never be null
C/C++:  9815 |     VmaPool GetParentPool() const { return m_hParentPool; }
C/C++:       |     ^
C/C++:       |             _Nonnull
C/C++: D:/Foundation-SM64/Android/app/.cxx/Debug/592n6c1o/arm64-v8a/_deps/vulkanmemoryallocator-src/include/vk_mem_alloc.h:9823:15: warning: pointer is missing a nullability type specifier (_Nonnull, _Nullable, or _Null_unspecified) [-Wnullability-completeness]
C/C++:  9823 |     const void* GetAllocationNextPtr() const { return m_pMemoryAllocateNext; }
C/C++:       |               ^
C/C++: D:/Foundation-SM64/Android/app/.cxx/Debug/592n6c1o/arm64-v8a/_deps/vulkanmemoryallocator-src/include/vk_mem_alloc.h:9823:15: note: insert '_Nullable' if the pointer may be null
C/C++:  9823 |     const void* GetAllocationNextPtr() const { return m_pMemoryAllocateNext; }
C/C++:       |               ^
C/C++:       |                 _Nullable
C/C++: D:/Foundation-SM64/Android/app/.cxx/Debug/592n6c1o/arm64-v8a/_deps/vulkanmemoryallocator-src/include/vk_mem_alloc.h:9823:15: note: insert '_Nonnull' if the pointer should never be null
C/C++:  9823 |     const void* GetAllocationNextPtr() const { return m_pMemoryAllocateNext; }
C/C++:       |               ^
C/C++:       |                 _Nonnull
C/C++: D:/Foundation-SM64/Android/app/.cxx/Debug/592n6c1o/arm64-v8a/_deps/vulkanmemoryallocator-src/include/vk_mem_alloc.h:9827:25: warning: pointer is missing a nullability type specifier (_Nonnull, _Nullable, or _Null_unspecified) [-Wnullability-completeness]
C/C++:  9827 |     VmaDeviceMemoryBlock* GetBlock(size_t index) const { return m_Blocks[index]; }
C/C++:       |                         ^
C/C++: D:/Foundation-SM64/Android/app/.cxx/Debug/592n6c1o/arm64-v8a/_deps/vulkanmemoryallocator-src/include/vk_mem_alloc.h:9827:25: note: insert '_Nullable' if the pointer may be null
C/C++:  9827 |     VmaDeviceMemoryBlock* GetBlock(size_t index) const { return m_Blocks[index]; }
C/C++:       |                         ^
C/C++:       |                           _Nullable
C/C++: D:/Foundation-SM64/Android/app/.cxx/Debug/592n6c1o/arm64-v8a/_deps/vulkanmemoryallocator-src/include/vk_mem_alloc.h:9827:25: note: insert '_Nonnull' if the pointer should never be null
C/C++:  9827 |     VmaDeviceMemoryBlock* GetBlock(size_t index) const { return m_Blocks[index]; }
C/C++:       |                         ^
C/C++:       |                           _Nonnull
C/C++: D:/Foundation-SM64/Android/app/.cxx/Debug/592n6c1o/arm64-v8a/_deps/vulkanmemoryallocator-src/include/vk_mem_alloc.h:9842:9: warning: pointer is missing a nullability type specifier (_Nonnull, _Nullable, or _Null_unspecified) [-Wnullability-completeness]
C/C++:  9842 |         VmaAllocation* pAllocations);
C/C++:       |         ^
C/C++: D:/Foundation-SM64/Android/app/.cxx/Debug/592n6c1o/arm64-v8a/_deps/vulkanmemoryallocator-src/include/vk_mem_alloc.h:9842:9: note: insert '_Nullable' if the pointer may be null
C/C++:  9842 |         VmaAllocation* pAllocations);
C/C++:       |         ^            
C/C++:       |                       _Nullable 
C/C++: D:/Foundation-SM64/Android/app/.cxx/Debug/592n6c1o/arm64-v8a/_deps/vulkanmemoryallocator-src/include/vk_mem_alloc.h:9842:9: note: insert '_Nonnull' if the pointer should never be null
C/C++:  9842 |         VmaAllocation* pAllocations);
C/C++:       |         ^            
C/C++:       |                       _Nonnull 
C/C++: D:/Foundation-SM64/Android/app/.cxx/Debug/592n6c1o/arm64-v8a/_deps/vulkanmemoryallocator-src/include/vk_mem_alloc.h:9842:22: warning: pointer is missing a nullability type specifier (_Nonnull, _Nullable, or _Null_unspecified) [-Wnullability-completeness]
C/C++:  9842 |         VmaAllocation* pAllocations);
C/C++:       |                      ^
C/C++: D:/Foundation-SM64/Android/app/.cxx/Debug/592n6c1o/arm64-v8a/_deps/vulkanmemoryallocator-src/include/vk_mem_alloc.h:9842:22: note: insert '_Nullable' if the pointer may be null
C/C++:  9842 |         VmaAllocation* pAllocations);
C/C++:       |                      ^
C/C++:       |                        _Nullable
C/C++: D:/Foundation-SM64/Android/app/.cxx/Debug/592n6c1o/arm64-v8a/_deps/vulkanmemoryallocator-src/include/vk_mem_alloc.h:9842:22: note: insert '_Nonnull' if the pointer should never be null
C/C++:  9842 |         VmaAllocation* pAllocations);
C/C++:       |                      ^
C/C++:       |                        _Nonnull
C/C++: D:/Foundation-SM64/Android/app/.cxx/Debug/592n6c1o/arm64-v8a/_deps/vulkanmemoryallocator-src/include/vk_mem_alloc.h:9844:15: warning: pointer is missing a nullability type specifier (_Nonnull, _Nullable, or _Null_unspecified) [-Wnullability-completeness]
C/C++:  9844 |     void Free(VmaAllocation hAllocation);
C/C++:       |               ^
C/C++: D:/Foundation-SM64/Android/app/.cxx/Debug/592n6c1o/arm64-v8a/_deps/vulkanmemoryallocator-src/include/vk_mem_alloc.h:9844:15: note: insert '_Nullable' if the pointer may be null
C/C++:  9844 |     void Free(VmaAllocation hAllocation);
C/C++:       |               ^
C/C++:       |                             _Nullable
C/C++: D:/Foundation-SM64/Android/app/.cxx/Debug/592n6c1o/arm64-v8a/_deps/vulkanmemoryallocator-src/include/vk_mem_alloc.h:9844:15: note: insert '_Nonnull' if the pointer should never be null
C/C++:  9844 |     void Free(VmaAllocation hAllocation);
C/C++:       |               ^
C/C++:       |                             _Nonnull
C/C++: D:/Foundation-SM64/Android/app/.cxx/Debug/592n6c1o/arm64-v8a/_deps/vulkanmemoryallocator-src/include/vk_mem_alloc.h:9853:11: warning: pointer is missing a nullability type specifier (_Nonnull, _Nullable, or _Null_unspecified) [-Wnullability-completeness]
C/C++:  9853 |     const VmaAllocator m_hAllocator;
C/C++:       |           ^
C/C++: D:/Foundation-SM64/Android/app/.cxx/Debug/592n6c1o/arm64-v8a/_deps/vulkanmemoryallocator-src/include/vk_mem_alloc.h:9853:11: note: insert '_Nullable' if the pointer may be null
C/C++:  9853 |     const VmaAllocator m_hAllocator;
C/C++:       |           ^
C/C++:       |                        _Nullable
C/C++: D:/Foundation-SM64/Android/app/.cxx/Debug/592n6c1o/arm64-v8a/_deps/vulkanmemoryallocator-src/include/vk_mem_alloc.h:9853:11: note: insert '_Nonnull' if the pointer should never be null
C/C++:  9853 |     const VmaAllocator m_hAllocator;
C/C++:       |           ^
C/C++:       |                        _Nonnull
C/C++: D:/Foundation-SM64/Android/app/.cxx/Debug/592n6c1o/arm64-v8a/_deps/vulkanmemoryallocator-src/include/vk_mem_alloc.h:9854:11: warning: pointer is missing a nullability type specifier (_Nonnull, _Nullable, or _Null_unspecified) [-Wnullability-completeness]
C/C++:  9854 |     const VmaPool m_hParentPool;
C/C++:       |           ^
C/C++: D:/Foundation-SM64/Android/app/.cxx/Debug/592n6c1o/arm64-v8a/_deps/vulkanmemoryallocator-src/include/vk_mem_alloc.h:9854:11: note: insert '_Nullable' if the pointer may be null
C/C++:  9854 |     const VmaPool m_hParentPool;
C/C++:       |           ^
C/C++:       |                   _Nullable
C/C++: D:/Foundation-SM64/Android/app/.cxx/Debug/592n6c1o/arm64-v8a/_deps/vulkanmemoryallocator-src/include/vk_mem_alloc.h:9854:11: note: insert '_Nonnull' if the pointer should never be null
C/C++:  9854 |     const VmaPool m_hParentPool;
C/C++:       |           ^
C/C++:       |                   _Nonnull
C/C++: D:/Foundation-SM64/Android/app/.cxx/Debug/592n6c1o/arm64-v8a/_deps/vulkanmemoryallocator-src/include/vk_mem_alloc.h:9865:9: warning: pointer is missing a nullability type specifier (_Nonnull, _Nullable, or _Null_unspecified) [-Wnullability-completeness]
C/C++:  9865 |     void* const m_pMemoryAllocateNext;
C/C++:       |         ^
C/C++: D:/Foundation-SM64/Android/app/.cxx/Debug/592n6c1o/arm64-v8a/_deps/vulkanmemoryallocator-src/include/vk_mem_alloc.h:9865:9: note: insert '_Nullable' if the pointer may be null
C/C++:  9865 |     void* const m_pMemoryAllocateNext;
C/C++:       |         ^
C/C++:       |           _Nullable
C/C++: D:/Foundation-SM64/Android/app/.cxx/Debug/592n6c1o/arm64-v8a/_deps/vulkanmemoryallocator-src/include/vk_mem_alloc.h:9865:9: note: insert '_Nonnull' if the pointer should never be null
C/C++:  9865 |     void* const m_pMemoryAllocateNext;
C/C++:       |         ^
C/C++:       |           _Nonnull
C/C++: D:/Foundation-SM64/Android/app/.cxx/Debug/592n6c1o/arm64-v8a/_deps/vulkanmemoryallocator-src/include/vk_mem_alloc.h:9876:37: warning: pointer is missing a nullability type specifier (_Nonnull, _Nullable, or _Null_unspecified) [-Wnullability-completeness]
C/C++:  9876 |     void Remove(VmaDeviceMemoryBlock* pBlock);
C/C++:       |                                     ^
C/C++: D:/Foundation-SM64/Android/app/.cxx/Debug/592n6c1o/arm64-v8a/_deps/vulkanmemoryallocator-src/include/vk_mem_alloc.h:9876:37: note: insert '_Nullable' if the pointer may be null
C/C++:  9876 |     void Remove(VmaDeviceMemoryBlock* pBlock);
C/C++:       |                                     ^
C/C++:       |                                       _Nullable
C/C++: D:/Foundation-SM64/Android/app/.cxx/Debug/592n6c1o/arm64-v8a/_deps/vulkanmemoryallocator-src/include/vk_mem_alloc.h:9876:37: note: insert '_Nonnull' if the pointer should never be null
C/C++:  9876 |     void Remove(VmaDeviceMemoryBlock* pBlock);
C/C++:       |                                     ^
C/C++:       |                                       _Nonnull
C/C++: D:/Foundation-SM64/Android/app/.cxx/Debug/592n6c1o/arm64-v8a/_deps/vulkanmemoryallocator-src/include/vk_mem_alloc.h:9887:9: warning: pointer is missing a nullability type specifier (_Nonnull, _Nullable, or _Null_unspecified) [-Wnullability-completeness]
C/C++:  9887 |         VmaAllocation* pAllocation);
C/C++:       |         ^
C/C++: D:/Foundation-SM64/Android/app/.cxx/Debug/592n6c1o/arm64-v8a/_deps/vulkanmemoryallocator-src/include/vk_mem_alloc.h:9887:9: note: insert '_Nullable' if the pointer may be null
C/C++:  9887 |         VmaAllocation* pAllocation);
C/C++:       |         ^            
C/C++:       |                       _Nullable 
C/C++: D:/Foundation-SM64/Android/app/.cxx/Debug/592n6c1o/arm64-v8a/_deps/vulkanmemoryallocator-src/include/vk_mem_alloc.h:9887:9: note: insert '_Nonnull' if the pointer should never be null
C/C++:  9887 |         VmaAllocation* pAllocation);
C/C++:       |         ^            
C/C++:       |                       _Nonnull 
C/C++: D:/Foundation-SM64/Android/app/.cxx/Debug/592n6c1o/arm64-v8a/_deps/vulkanmemoryallocator-src/include/vk_mem_alloc.h:9887:22: warning: pointer is missing a nullability type specifier (_Nonnull, _Nullable, or _Null_unspecified) [-Wnullability-completeness]
C/C++:  9887 |         VmaAllocation* pAllocation);
C/C++:       |                      ^
C/C++: D:/Foundation-SM64/Android/app/.cxx/Debug/592n6c1o/arm64-v8a/_deps/vulkanmemoryallocator-src/include/vk_mem_alloc.h:9887:22: note: insert '_Nullable' if the pointer may be null
C/C++:  9887 |         VmaAllocation* pAllocation);
C/C++:       |                      ^
C/C++:       |                        _Nullable
C/C++: D:/Foundation-SM64/Android/app/.cxx/Debug/592n6c1o/arm64-v8a/_deps/vulkanmemoryallocator-src/include/vk_mem_alloc.h:9887:22: note: insert '_Nonnull' if the pointer should never be null
C/C++:  9887 |         VmaAllocation* pAllocation);
C/C++:       |                      ^
C/C++:       |                        _Nonnull
C/C++: D:/Foundation-SM64/Android/app/.cxx/Debug/592n6c1o/arm64-v8a/_deps/vulkanmemoryallocator-src/include/vk_mem_alloc.h:9890:29: warning: pointer is missing a nullability type specifier (_Nonnull, _Nullable, or _Null_unspecified) [-Wnullability-completeness]
C/C++:  9890 |         VmaDeviceMemoryBlock* pBlock,
C/C++:       |                             ^
C/C++: D:/Foundation-SM64/Android/app/.cxx/Debug/592n6c1o/arm64-v8a/_deps/vulkanmemoryallocator-src/include/vk_mem_alloc.h:9890:29: note: insert '_Nullable' if the pointer may be null
C/C++:  9890 |         VmaDeviceMemoryBlock* pBlock,
C/C++:       |                             ^
C/C++:       |                               _Nullable
C/C++: D:/Foundation-SM64/Android/app/.cxx/Debug/592n6c1o/arm64-v8a/_deps/vulkanmemoryallocator-src/include/vk_mem_alloc.h:9890:29: note: insert '_Nonnull' if the pointer should never be null
C/C++:  9890 |         VmaDeviceMemoryBlock* pBlock,
C/C++:       |                             ^
C/C++:       |                               _Nonnull
C/C++: D:/Foundation-SM64/Android/app/.cxx/Debug/592n6c1o/arm64-v8a/_deps/vulkanmemoryallocator-src/include/vk_mem_alloc.h:9894:13: warning: pointer is missing a nullability type specifier (_Nonnull, _Nullable, or _Null_unspecified) [-Wnullability-completeness]
C/C++:  9894 |         void* pUserData,
C/C++:       |             ^
C/C++: D:/Foundation-SM64/Android/app/.cxx/Debug/592n6c1o/arm64-v8a/_deps/vulkanmemoryallocator-src/include/vk_mem_alloc.h:9894:13: note: insert '_Nullable' if the pointer may be null
C/C++:  9894 |         void* pUserData,
C/C++:       |             ^
C/C++:       |               _Nullable
C/C++: D:/Foundation-SM64/Android/app/.cxx/Debug/592n6c1o/arm64-v8a/_deps/vulkanmemoryallocator-src/include/vk_mem_alloc.h:9894:13: note: insert '_Nonnull' if the pointer should never be null
C/C++:  9894 |         void* pUserData,
C/C++:       |             ^
C/C++:       |               _Nonnull
C/C++: D:/Foundation-SM64/Android/app/.cxx/Debug/592n6c1o/arm64-v8a/_deps/vulkanmemoryallocator-src/include/vk_mem_alloc.h:9897:9: warning: pointer is missing a nullability type specifier (_Nonnull, _Nullable, or _Null_unspecified) [-Wnullability-completeness]
C/C++:  9897 |         VmaAllocation* pAllocation);
C/C++:       |         ^
C/C++: D:/Foundation-SM64/Android/app/.cxx/Debug/592n6c1o/arm64-v8a/_deps/vulkanmemoryallocator-src/include/vk_mem_alloc.h:9897:9: note: insert '_Nullable' if the pointer may be null
C/C++:  9897 |         VmaAllocation* pAllocation);
C/C++:       |         ^            
C/C++:       |                       _Nullable 
C/C++: D:/Foundation-SM64/Android/app/.cxx/Debug/592n6c1o/arm64-v8a/_deps/vulkanmemoryallocator-src/include/vk_mem_alloc.h:9897:9: note: insert '_Nonnull' if the pointer should never be null
C/C++:  9897 |         VmaAllocation* pAllocation);
C/C++:       |         ^            
C/C++:       |                       _Nonnull 
C/C++: D:/Foundation-SM64/Android/app/.cxx/Debug/592n6c1o/arm64-v8a/_deps/vulkanmemoryallocator-src/include/vk_mem_alloc.h:9897:22: warning: pointer is missing a nullability type specifier (_Nonnull, _Nullable, or _Null_unspecified) [-Wnullability-completeness]
C/C++:  9897 |         VmaAllocation* pAllocation);
C/C++:       |                      ^
C/C++: D:/Foundation-SM64/Android/app/.cxx/Debug/592n6c1o/arm64-v8a/_deps/vulkanmemoryallocator-src/include/vk_mem_alloc.h:9897:22: note: insert '_Nullable' if the pointer may be null
C/C++:  9897 |         VmaAllocation* pAllocation);
C/C++:       |                      ^
C/C++:       |                        _Nullable
C/C++: D:/Foundation-SM64/Android/app/.cxx/Debug/592n6c1o/arm64-v8a/_deps/vulkanmemoryallocator-src/include/vk_mem_alloc.h:9897:22: note: insert '_Nonnull' if the pointer should never be null
C/C++:  9897 |         VmaAllocation* pAllocation);
C/C++:       |                      ^
C/C++:       |                        _Nonnull
C/C++: D:/Foundation-SM64/Android/app/.cxx/Debug/592n6c1o/arm64-v8a/_deps/vulkanmemoryallocator-src/include/vk_mem_alloc.h:9901:29: warning: pointer is missing a nullability type specifier (_Nonnull, _Nullable, or _Null_unspecified) [-Wnullability-completeness]
C/C++:  9901 |         VmaDeviceMemoryBlock* pBlock,
C/C++:       |                             ^
C/C++: D:/Foundation-SM64/Android/app/.cxx/Debug/592n6c1o/arm64-v8a/_deps/vulkanmemoryallocator-src/include/vk_mem_alloc.h:9901:29: note: insert '_Nullable' if the pointer may be null
C/C++:  9901 |         VmaDeviceMemoryBlock* pBlock,
C/C++:       |                             ^
C/C++:       |                               _Nullable
C/C++: D:/Foundation-SM64/Android/app/.cxx/Debug/592n6c1o/arm64-v8a/_deps/vulkanmemoryallocator-src/include/vk_mem_alloc.h:9901:29: note: insert '_Nonnull' if the pointer should never be null
C/C++:  9901 |         VmaDeviceMemoryBlock* pBlock,
C/C++:       |                             ^
C/C++:       |                               _Nonnull
C/C++: D:/Foundation-SM64/Android/app/.cxx/Debug/592n6c1o/arm64-v8a/_deps/vulkanmemoryallocator-src/include/vk_mem_alloc.h:9904:13: warning: pointer is missing a nullability type specifier (_Nonnull, _Nullable, or _Null_unspecified) [-Wnullability-completeness]
C/C++:  9904 |         void* pUserData,
C/C++:       |             ^
C/C++: D:/Foundation-SM64/Android/app/.cxx/Debug/592n6c1o/arm64-v8a/_deps/vulkanmemoryallocator-src/include/vk_mem_alloc.h:9904:13: note: insert '_Nullable' if the pointer may be null
C/C++:  9904 |         void* pUserData,
C/C++:       |             ^
C/C++:       |               _Nullable
C/C++: D:/Foundation-SM64/Android/app/.cxx/Debug/592n6c1o/arm64-v8a/_deps/vulkanmemoryallocator-src/include/vk_mem_alloc.h:9904:13: note: insert '_Nonnull' if the pointer should never be null
C/C++:  9904 |         void* pUserData,
C/C++:       |             ^
C/C++:       |               _Nonnull
C/C++: D:/Foundation-SM64/Android/app/.cxx/Debug/592n6c1o/arm64-v8a/_deps/vulkanmemoryallocator-src/include/vk_mem_alloc.h:9906:9: warning: pointer is missing a nullability type specifier (_Nonnull, _Nullable, or _Null_unspecified) [-Wnullability-completeness]
C/C++:  9906 |         VmaAllocation* pAllocation);
C/C++:       |         ^
C/C++: D:/Foundation-SM64/Android/app/.cxx/Debug/592n6c1o/arm64-v8a/_deps/vulkanmemoryallocator-src/include/vk_mem_alloc.h:9906:9: note: insert '_Nullable' if the pointer may be null
C/C++:  9906 |         VmaAllocation* pAllocation);
C/C++:       |         ^            
C/C++:       |                       _Nullable 
C/C++: D:/Foundation-SM64/Android/app/.cxx/Debug/592n6c1o/arm64-v8a/_deps/vulkanmemoryallocator-src/include/vk_mem_alloc.h:9906:9: note: insert '_Nonnull' if the pointer should never be null
C/C++:  9906 |         VmaAllocation* pAllocation);
C/C++:       |         ^            
C/C++:       |                       _Nonnull 
C/C++: D:/Foundation-SM64/Android/app/.cxx/Debug/592n6c1o/arm64-v8a/_deps/vulkanmemoryallocator-src/include/vk_mem_alloc.h:9906:22: warning: pointer is missing a nullability type specifier (_Nonnull, _Nullable, or _Null_unspecified) [-Wnullability-completeness]
C/C++:  9906 |         VmaAllocation* pAllocation);
C/C++:       |                      ^
C/C++: D:/Foundation-SM64/Android/app/.cxx/Debug/592n6c1o/arm64-v8a/_deps/vulkanmemoryallocator-src/include/vk_mem_alloc.h:9906:22: note: insert '_Nullable' if the pointer may be null
C/C++:  9906 |         VmaAllocation* pAllocation);
C/C++:       |                      ^
C/C++:       |                        _Nullable
C/C++: D:/Foundation-SM64/Android/app/.cxx/Debug/592n6c1o/arm64-v8a/_deps/vulkanmemoryallocator-src/include/vk_mem_alloc.h:9906:22: note: insert '_Nonnull' if the pointer should never be null
C/C++:  9906 |         VmaAllocation* pAllocation);
C/C++:       |                      ^
C/C++:       |                        _Nonnull
C/C++: D:/Foundation-SM64/Android/app/.cxx/Debug/592n6c1o/arm64-v8a/_deps/vulkanmemoryallocator-src/include/vk_mem_alloc.h:9908:56: warning: pointer is missing a nullability type specifier (_Nonnull, _Nullable, or _Null_unspecified) [-Wnullability-completeness]
C/C++:  9908 |     VkResult CreateBlock(VkDeviceSize blockSize, size_t* pNewBlockIndex);
C/C++:       |                                                        ^
C/C++: D:/Foundation-SM64/Android/app/.cxx/Debug/592n6c1o/arm64-v8a/_deps/vulkanmemoryallocator-src/include/vk_mem_alloc.h:9908:56: note: insert '_Nullable' if the pointer may be null
C/C++:  9908 |     VkResult CreateBlock(VkDeviceSize blockSize, size_t* pNewBlockIndex);
C/C++:       |                                                        ^
C/C++:       |                                                          _Nullable
C/C++: D:/Foundation-SM64/Android/app/.cxx/Debug/592n6c1o/arm64-v8a/_deps/vulkanmemoryallocator-src/include/vk_mem_alloc.h:9908:56: note: insert '_Nonnull' if the pointer should never be null
C/C++:  9908 |     VkResult CreateBlock(VkDeviceSize blockSize, size_t* pNewBlockIndex);
C/C++:       |                                                        ^
C/C++:       |                                                          _Nonnull
C/C++: D:/Foundation-SM64/Android/app/.cxx/Debug/592n6c1o/arm64-v8a/_deps/vulkanmemoryallocator-src/include/vk_mem_alloc.h:9919:9: warning: pointer is missing a nullability type specifier (_Nonnull, _Nullable, or _Null_unspecified) [-Wnullability-completeness]
C/C++:  9919 |         VmaAllocator hAllocator,
C/C++:       |         ^
C/C++: D:/Foundation-SM64/Android/app/.cxx/Debug/592n6c1o/arm64-v8a/_deps/vulkanmemoryallocator-src/include/vk_mem_alloc.h:9919:9: note: insert '_Nullable' if the pointer may be null
C/C++:  9919 |         VmaAllocator hAllocator,
C/C++:       |         ^
C/C++:       |                      _Nullable
C/C++: D:/Foundation-SM64/Android/app/.cxx/Debug/592n6c1o/arm64-v8a/_deps/vulkanmemoryallocator-src/include/vk_mem_alloc.h:9919:9: note: insert '_Nonnull' if the pointer should never be null
C/C++:  9919 |         VmaAllocator hAllocator,
C/C++:       |         ^
C/C++:       |                      _Nonnull
C/C++: D:/Foundation-SM64/Android/app/.cxx/Debug/592n6c1o/arm64-v8a/_deps/vulkanmemoryallocator-src/include/vk_mem_alloc.h:9936:29: warning: pointer is missing a nullability type specifier (_Nonnull, _Nullable, or _Null_unspecified) [-Wnullability-completeness]
C/C++:  9936 |         VmaDeviceMemoryBlock* block;
C/C++:       |                             ^
C/C++: D:/Foundation-SM64/Android/app/.cxx/Debug/592n6c1o/arm64-v8a/_deps/vulkanmemoryallocator-src/include/vk_mem_alloc.h:9936:29: note: insert '_Nullable' if the pointer may be null
C/C++:  9936 |         VmaDeviceMemoryBlock* block;
C/C++:       |                             ^
C/C++:       |                               _Nullable
C/C++: D:/Foundation-SM64/Android/app/.cxx/Debug/592n6c1o/arm64-v8a/_deps/vulkanmemoryallocator-src/include/vk_mem_alloc.h:9936:29: note: insert '_Nonnull' if the pointer should never be null
C/C++:  9936 |         VmaDeviceMemoryBlock* block;
C/C++:       |                             ^
C/C++:       |                               _Nonnull
C/C++: D:/Foundation-SM64/Android/app/.cxx/Debug/592n6c1o/arm64-v8a/_deps/vulkanmemoryallocator-src/include/vk_mem_alloc.h:9966:11: warning: pointer is missing a nullability type specifier (_Nonnull, _Nullable, or _Null_unspecified) [-Wnullability-completeness]
C/C++:  9966 |     const PFN_vmaCheckDefragmentationBreakFunction m_BreakCallback;
C/C++:       |           ^
C/C++: D:/Foundation-SM64/Android/app/.cxx/Debug/592n6c1o/arm64-v8a/_deps/vulkanmemoryallocator-src/include/vk_mem_alloc.h:9966:11: note: insert '_Nullable' if the pointer may be null
C/C++:  9966 |     const PFN_vmaCheckDefragmentationBreakFunction m_BreakCallback;
C/C++:       |           ^
C/C++:       |                                                    _Nullable
C/C++: D:/Foundation-SM64/Android/app/.cxx/Debug/592n6c1o/arm64-v8a/_deps/vulkanmemoryallocator-src/include/vk_mem_alloc.h:9966:11: note: insert '_Nonnull' if the pointer should never be null
C/C++:  9966 |     const PFN_vmaCheckDefragmentationBreakFunction m_BreakCallback;
C/C++:       |           ^
C/C++:       |                                                    _Nonnull
C/C++: D:/Foundation-SM64/Android/app/.cxx/Debug/592n6c1o/arm64-v8a/_deps/vulkanmemoryallocator-src/include/vk_mem_alloc.h:9967:9: warning: pointer is missing a nullability type specifier (_Nonnull, _Nullable, or _Null_unspecified) [-Wnullability-completeness]
C/C++:  9967 |     void* m_BreakCallbackUserData;
C/C++:       |         ^
C/C++: D:/Foundation-SM64/Android/app/.cxx/Debug/592n6c1o/arm64-v8a/_deps/vulkanmemoryallocator-src/include/vk_mem_alloc.h:9967:9: note: insert '_Nullable' if the pointer may be null
C/C++:  9967 |     void* m_BreakCallbackUserData;
C/C++:       |         ^
C/C++:       |           _Nullable
C/C++: D:/Foundation-SM64/Android/app/.cxx/Debug/592n6c1o/arm64-v8a/_deps/vulkanmemoryallocator-src/include/vk_mem_alloc.h:9967:9: note: insert '_Nonnull' if the pointer should never be null
C/C++:  9967 |     void* m_BreakCallbackUserData;
C/C++:       |         ^
C/C++:       |           _Nonnull
C/C++: D:/Foundation-SM64/Android/app/.cxx/Debug/592n6c1o/arm64-v8a/_deps/vulkanmemoryallocator-src/include/vk_mem_alloc.h:9975:19: warning: pointer is missing a nullability type specifier (_Nonnull, _Nullable, or _Null_unspecified) [-Wnullability-completeness]
C/C++:  9975 |     VmaBlockVector* m_PoolBlockVector;
C/C++:       |                   ^
C/C++: D:/Foundation-SM64/Android/app/.cxx/Debug/592n6c1o/arm64-v8a/_deps/vulkanmemoryallocator-src/include/vk_mem_alloc.h:9975:19: note: insert '_Nullable' if the pointer may be null
C/C++:  9975 |     VmaBlockVector* m_PoolBlockVector;
C/C++:       |                   ^
C/C++:       |                     _Nullable
C/C++: D:/Foundation-SM64/Android/app/.cxx/Debug/592n6c1o/arm64-v8a/_deps/vulkanmemoryallocator-src/include/vk_mem_alloc.h:9975:19: note: insert '_Nonnull' if the pointer should never be null
C/C++:  9975 |     VmaBlockVector* m_PoolBlockVector;
C/C++:       |                   ^
C/C++:       |                     _Nonnull
C/C++: D:/Foundation-SM64/Android/app/.cxx/Debug/592n6c1o/arm64-v8a/_deps/vulkanmemoryallocator-src/include/vk_mem_alloc.h:9976:19: warning: pointer is missing a nullability type specifier (_Nonnull, _Nullable, or _Null_unspecified) [-Wnullability-completeness]
C/C++:  9976 |     VmaBlockVector** m_pBlockVectors;
C/C++:       |                   ^
C/C++: D:/Foundation-SM64/Android/app/.cxx/Debug/592n6c1o/arm64-v8a/_deps/vulkanmemoryallocator-src/include/vk_mem_alloc.h:9976:19: note: insert '_Nullable' if the pointer may be null
C/C++:  9976 |     VmaBlockVector** m_pBlockVectors;
C/C++:       |                   ^
C/C++:       |                    _Nullable
C/C++: D:/Foundation-SM64/Android/app/.cxx/Debug/592n6c1o/arm64-v8a/_deps/vulkanmemoryallocator-src/include/vk_mem_alloc.h:9976:19: note: insert '_Nonnull' if the pointer should never be null
C/C++:  9976 |     VmaBlockVector** m_pBlockVectors;
C/C++:       |                   ^
C/C++:       |                    _Nonnull
C/C++: D:/Foundation-SM64/Android/app/.cxx/Debug/592n6c1o/arm64-v8a/_deps/vulkanmemoryallocator-src/include/vk_mem_alloc.h:9976:20: warning: pointer is missing a nullability type specifier (_Nonnull, _Nullable, or _Null_unspecified) [-Wnullability-completeness]
C/C++:  9976 |     VmaBlockVector** m_pBlockVectors;
C/C++:       |                    ^
C/C++: D:/Foundation-SM64/Android/app/.cxx/Debug/592n6c1o/arm64-v8a/_deps/vulkanmemoryallocator-src/include/vk_mem_alloc.h:9976:20: note: insert '_Nullable' if the pointer may be null
C/C++:  9976 |     VmaBlockVector** m_pBlockVectors;
C/C++:       |                    ^
C/C++:       |                      _Nullable
C/C++: D:/Foundation-SM64/Android/app/.cxx/Debug/592n6c1o/arm64-v8a/_deps/vulkanmemoryallocator-src/include/vk_mem_alloc.h:9976:20: note: insert '_Nonnull' if the pointer should never be null
C/C++:  9976 |     VmaBlockVector** m_pBlockVectors;
C/C++:       |                    ^
C/C++:       |                      _Nonnull
C/C++: D:/Foundation-SM64/Android/app/.cxx/Debug/592n6c1o/arm64-v8a/_deps/vulkanmemoryallocator-src/include/vk_mem_alloc.h:9980:9: warning: pointer is missing a nullability type specifier (_Nonnull, _Nullable, or _Null_unspecified) [-Wnullability-completeness]
C/C++:  9980 |     void* m_AlgorithmState = VMA_NULL;
C/C++:       |         ^
C/C++: D:/Foundation-SM64/Android/app/.cxx/Debug/592n6c1o/arm64-v8a/_deps/vulkanmemoryallocator-src/include/vk_mem_alloc.h:9980:9: note: insert '_Nullable' if the pointer may be null
C/C++:  9980 |     void* m_AlgorithmState = VMA_NULL;
C/C++:       |         ^
C/C++:       |           _Nullable
C/C++: D:/Foundation-SM64/Android/app/.cxx/Debug/592n6c1o/arm64-v8a/_deps/vulkanmemoryallocator-src/include/vk_mem_alloc.h:9980:9: note: insert '_Nonnull' if the pointer should never be null
C/C++:  9980 |     void* m_AlgorithmState = VMA_NULL;
C/C++:       |         ^
C/C++:       |           _Nonnull
C/C++: D:/Foundation-SM64/Android/app/.cxx/Debug/592n6c1o/arm64-v8a/_deps/vulkanmemoryallocator-src/include/vk_mem_alloc.h:9982:43: warning: pointer is missing a nullability type specifier (_Nonnull, _Nullable, or _Null_unspecified) [-Wnullability-completeness]
C/C++:  9982 |     static MoveAllocationData GetMoveData(VmaAllocHandle handle, VmaBlockMetadata* metadata);
C/C++:       |                                           ^
C/C++: D:/Foundation-SM64/Android/app/.cxx/Debug/592n6c1o/arm64-v8a/_deps/vulkanmemoryallocator-src/include/vk_mem_alloc.h:9982:43: note: insert '_Nullable' if the pointer may be null
C/C++:  9982 |     static MoveAllocationData GetMoveData(VmaAllocHandle handle, VmaBlockMetadata* metadata);
C/C++:       |                                           ^
C/C++:       |                                                          _Nullable
C/C++: D:/Foundation-SM64/Android/app/.cxx/Debug/592n6c1o/arm64-v8a/_deps/vulkanmemoryallocator-src/include/vk_mem_alloc.h:9982:43: note: insert '_Nonnull' if the pointer should never be null
C/C++:  9982 |     static MoveAllocationData GetMoveData(VmaAllocHandle handle, VmaBlockMetadata* metadata);
C/C++:       |                                           ^
C/C++:       |                                                          _Nonnull
C/C++: D:/Foundation-SM64/Android/app/.cxx/Debug/592n6c1o/arm64-v8a/_deps/vulkanmemoryallocator-src/include/vk_mem_alloc.h:9982:82: warning: pointer is missing a nullability type specifier (_Nonnull, _Nullable, or _Null_unspecified) [-Wnullability-completeness]
C/C++:  9982 |     static MoveAllocationData GetMoveData(VmaAllocHandle handle, VmaBlockMetadata* metadata);
C/C++:       |                                                                                  ^
C/C++: D:/Foundation-SM64/Android/app/.cxx/Debug/592n6c1o/arm64-v8a/_deps/vulkanmemoryallocator-src/include/vk_mem_alloc.h:9982:82: note: insert '_Nullable' if the pointer may be null
C/C++:  9982 |     static MoveAllocationData GetMoveData(VmaAllocHandle handle, VmaBlockMetadata* metadata);
C/C++:       |                                                                                  ^
C/C++:       |                                                                                    _Nullable
C/C++: D:/Foundation-SM64/Android/app/.cxx/Debug/592n6c1o/arm64-v8a/_deps/vulkanmemoryallocator-src/include/vk_mem_alloc.h:9982:82: note: insert '_Nonnull' if the pointer should never be null
C/C++:  9982 |     static MoveAllocationData GetMoveData(VmaAllocHandle handle, VmaBlockMetadata* metadata);
C/C++:       |                                                                                  ^
C/C++:       |                                                                                    _Nonnull
C/C++: D:/Foundation-SM64/Android/app/.cxx/Debug/592n6c1o/arm64-v8a/_deps/vulkanmemoryallocator-src/include/vk_mem_alloc.h:9985:73: warning: pointer is missing a nullability type specifier (_Nonnull, _Nullable, or _Null_unspecified) [-Wnullability-completeness]
C/C++:   9985 |     bool ReallocWithinBlock(VmaBlockVector& vector, VmaDeviceMemoryBlock* block);
C/C++:        |                                                                         ^
C/C++: D:/Foundation-SM64/Android/app/.cxx/Debug/592n6c1o/arm64-v8a/_deps/vulkanmemoryallocator-src/include/vk_mem_alloc.h:9985:73: note: insert '_Nullable' if the pointer may be null
C/C++:   9985 |     bool ReallocWithinBlock(VmaBlockVector& vector, VmaDeviceMemoryBlock* block);
C/C++:        |                                                                         ^
C/C++:        |                                                                           _Nullable
C/C++: D:/Foundation-SM64/Android/app/.cxx/Debug/592n6c1o/arm64-v8a/_deps/vulkanmemoryallocator-src/include/vk_mem_alloc.h:9985:73: note: insert '_Nonnull' if the pointer should never be null
C/C++:   9985 |     bool ReallocWithinBlock(VmaBlockVector& vector, VmaDeviceMemoryBlock* block);
C/C++:        |                                                                         ^
C/C++:        |                                                                           _Nonnull
C/C++: D:/Foundation-SM64/Android/app/.cxx/Debug/592n6c1o/arm64-v8a/_deps/vulkanmemoryallocator-src/include/vk_mem_alloc.h:10011:9: warning: pointer is missing a nullability type specifier (_Nonnull, _Nullable, or _Null_unspecified) [-Wnullability-completeness]
C/C++:  10011 |         VmaAllocator hAllocator,
C/C++:        |         ^
C/C++: D:/Foundation-SM64/Android/app/.cxx/Debug/592n6c1o/arm64-v8a/_deps/vulkanmemoryallocator-src/include/vk_mem_alloc.h:10011:9: note: insert '_Nullable' if the pointer may be null
C/C++:  10011 |         VmaAllocator hAllocator,
C/C++:        |         ^
C/C++:        |                      _Nullable
C/C++: D:/Foundation-SM64/Android/app/.cxx/Debug/592n6c1o/arm64-v8a/_deps/vulkanmemoryallocator-src/include/vk_mem_alloc.h:10011:9: note: insert '_Nonnull' if the pointer should never be null
C/C++:  10011 |         VmaAllocator hAllocator,
C/C++:        |         ^
C/C++:        |                      _Nonnull
C/C++: D:/Foundation-SM64/Android/app/.cxx/Debug/592n6c1o/arm64-v8a/_deps/vulkanmemoryallocator-src/include/vk_mem_alloc.h:10019:15: warning: pointer is missing a nullability type specifier (_Nonnull, _Nullable, or _Null_unspecified) [-Wnullability-completeness]
C/C++:  10019 |     const char* GetName() const { return m_Name; }
C/C++:        |               ^
C/C++: D:/Foundation-SM64/Android/app/.cxx/Debug/592n6c1o/arm64-v8a/_deps/vulkanmemoryallocator-src/include/vk_mem_alloc.h:10019:15: note: insert '_Nullable' if the pointer may be null
C/C++:  10019 |     const char* GetName() const { return m_Name; }
C/C++:        |               ^
C/C++:        |                 _Nullable
C/C++: D:/Foundation-SM64/Android/app/.cxx/Debug/592n6c1o/arm64-v8a/_deps/vulkanmemoryallocator-src/include/vk_mem_alloc.h:10019:15: note: insert '_Nonnull' if the pointer should never be null
C/C++:  10019 |     const char* GetName() const { return m_Name; }
C/C++:        |               ^
C/C++:        |                 _Nonnull
C/C++: D:/Foundation-SM64/Android/app/.cxx/Debug/592n6c1o/arm64-v8a/_deps/vulkanmemoryallocator-src/include/vk_mem_alloc.h:10020:28: warning: pointer is missing a nullability type specifier (_Nonnull, _Nullable, or _Null_unspecified) [-Wnullability-completeness]
C/C++:  10020 |     void SetName(const char* pName);
C/C++:        |                            ^
C/C++: D:/Foundation-SM64/Android/app/.cxx/Debug/592n6c1o/arm64-v8a/_deps/vulkanmemoryallocator-src/include/vk_mem_alloc.h:10020:28: note: insert '_Nullable' if the pointer may be null
C/C++:  10020 |     void SetName(const char* pName);
C/C++:        |                            ^
C/C++:        |                              _Nullable
C/C++: D:/Foundation-SM64/Android/app/.cxx/Debug/592n6c1o/arm64-v8a/_deps/vulkanmemoryallocator-src/include/vk_mem_alloc.h:10020:28: note: insert '_Nonnull' if the pointer should never be null
C/C++:  10020 |     void SetName(const char* pName);
C/C++:        |                            ^
C/C++:        |                              _Nonnull
C/C++: D:/Foundation-SM64/Android/app/.cxx/Debug/592n6c1o/arm64-v8a/_deps/vulkanmemoryallocator-src/include/vk_mem_alloc.h:10028:9: warning: pointer is missing a nullability type specifier (_Nonnull, _Nullable, or _Null_unspecified) [-Wnullability-completeness]
C/C++:  10028 |     char* m_Name;
C/C++:        |         ^
C/C++: D:/Foundation-SM64/Android/app/.cxx/Debug/592n6c1o/arm64-v8a/_deps/vulkanmemoryallocator-src/include/vk_mem_alloc.h:10028:9: note: insert '_Nullable' if the pointer may be null
C/C++:  10028 |     char* m_Name;
C/C++:        |         ^
C/C++:        |           _Nullable
C/C++: D:/Foundation-SM64/Android/app/.cxx/Debug/592n6c1o/arm64-v8a/_deps/vulkanmemoryallocator-src/include/vk_mem_alloc.h:10028:9: note: insert '_Nonnull' if the pointer should never be null
C/C++:  10028 |     char* m_Name;
C/C++:        |         ^
C/C++:        |           _Nonnull
C/C++: D:/Foundation-SM64/Android/app/.cxx/Debug/592n6c1o/arm64-v8a/_deps/vulkanmemoryallocator-src/include/vk_mem_alloc.h:10029:14: warning: pointer is missing a nullability type specifier (_Nonnull, _Nullable, or _Null_unspecified) [-Wnullability-completeness]
C/C++:  10029 |     VmaPool_T* m_PrevPool = VMA_NULL;
C/C++:        |              ^
C/C++: D:/Foundation-SM64/Android/app/.cxx/Debug/592n6c1o/arm64-v8a/_deps/vulkanmemoryallocator-src/include/vk_mem_alloc.h:10029:14: note: insert '_Nullable' if the pointer may be null
C/C++:  10029 |     VmaPool_T* m_PrevPool = VMA_NULL;
C/C++:        |              ^
C/C++:        |                _Nullable
C/C++: D:/Foundation-SM64/Android/app/.cxx/Debug/592n6c1o/arm64-v8a/_deps/vulkanmemoryallocator-src/include/vk_mem_alloc.h:10029:14: note: insert '_Nonnull' if the pointer should never be null
C/C++:  10029 |     VmaPool_T* m_PrevPool = VMA_NULL;
C/C++:        |              ^
C/C++:        |                _Nonnull
C/C++: D:/Foundation-SM64/Android/app/.cxx/Debug/592n6c1o/arm64-v8a/_deps/vulkanmemoryallocator-src/include/vk_mem_alloc.h:10030:14: warning: pointer is missing a nullability type specifier (_Nonnull, _Nullable, or _Null_unspecified) [-Wnullability-completeness]
C/C++:  10030 |     VmaPool_T* m_NextPool = VMA_NULL;
C/C++:        |              ^
C/C++: D:/Foundation-SM64/Android/app/.cxx/Debug/592n6c1o/arm64-v8a/_deps/vulkanmemoryallocator-src/include/vk_mem_alloc.h:10030:14: note: insert '_Nullable' if the pointer may be null
C/C++:  10030 |     VmaPool_T* m_NextPool = VMA_NULL;
C/C++:        |              ^
C/C++:        |                _Nullable
C/C++: D:/Foundation-SM64/Android/app/.cxx/Debug/592n6c1o/arm64-v8a/_deps/vulkanmemoryallocator-src/include/vk_mem_alloc.h:10030:14: note: insert '_Nonnull' if the pointer should never be null
C/C++:  10030 |     VmaPool_T* m_NextPool = VMA_NULL;
C/C++:        |              ^
C/C++:        |                _Nonnull
C/C++: D:/Foundation-SM64/Android/app/.cxx/Debug/592n6c1o/arm64-v8a/_deps/vulkanmemoryallocator-src/include/vk_mem_alloc.h:10037:44: warning: pointer is missing a nullability type specifier (_Nonnull, _Nullable, or _Null_unspecified) [-Wnullability-completeness]
C/C++:  10037 |     static ItemType* GetPrev(const ItemType* item) { return item->m_PrevPool; }
C/C++:        |                                            ^
C/C++: D:/Foundation-SM64/Android/app/.cxx/Debug/592n6c1o/arm64-v8a/_deps/vulkanmemoryallocator-src/include/vk_mem_alloc.h:10037:44: note: insert '_Nullable' if the pointer may be null
C/C++:  10037 |     static ItemType* GetPrev(const ItemType* item) { return item->m_PrevPool; }
C/C++:        |                                            ^
C/C++:        |                                              _Nullable
C/C++: D:/Foundation-SM64/Android/app/.cxx/Debug/592n6c1o/arm64-v8a/_deps/vulkanmemoryallocator-src/include/vk_mem_alloc.h:10037:44: note: insert '_Nonnull' if the pointer should never be null
C/C++:  10037 |     static ItemType* GetPrev(const ItemType* item) { return item->m_PrevPool; }
C/C++:        |                                            ^
C/C++:        |                                              _Nonnull
C/C++: D:/Foundation-SM64/Android/app/.cxx/Debug/592n6c1o/arm64-v8a/_deps/vulkanmemoryallocator-src/include/vk_mem_alloc.h:10037:20: warning: pointer is missing a nullability type specifier (_Nonnull, _Nullable, or _Null_unspecified) [-Wnullability-completeness]
C/C++:  10037 |     static ItemType* GetPrev(const ItemType* item) { return item->m_PrevPool; }
C/C++:        |                    ^
C/C++: D:/Foundation-SM64/Android/app/.cxx/Debug/592n6c1o/arm64-v8a/_deps/vulkanmemoryallocator-src/include/vk_mem_alloc.h:10037:20: note: insert '_Nullable' if the pointer may be null
C/C++:  10037 |     static ItemType* GetPrev(const ItemType* item) { return item->m_PrevPool; }
C/C++:        |                    ^
C/C++:        |                      _Nullable
C/C++: D:/Foundation-SM64/Android/app/.cxx/Debug/592n6c1o/arm64-v8a/_deps/vulkanmemoryallocator-src/include/vk_mem_alloc.h:10037:20: note: insert '_Nonnull' if the pointer should never be null
C/C++:  10037 |     static ItemType* GetPrev(const ItemType* item) { return item->m_PrevPool; }
C/C++:        |                    ^
C/C++:        |                      _Nonnull
C/C++: D:/Foundation-SM64/Android/app/.cxx/Debug/592n6c1o/arm64-v8a/_deps/vulkanmemoryallocator-src/include/vk_mem_alloc.h:10038:44: warning: pointer is missing a nullability type specifier (_Nonnull, _Nullable, or _Null_unspecified) [-Wnullability-completeness]
C/C++:  10038 |     static ItemType* GetNext(const ItemType* item) { return item->m_NextPool; }
C/C++:        |                                            ^
C/C++: D:/Foundation-SM64/Android/app/.cxx/Debug/592n6c1o/arm64-v8a/_deps/vulkanmemoryallocator-src/include/vk_mem_alloc.h:10038:44: note: insert '_Nullable' if the pointer may be null
C/C++:  10038 |     static ItemType* GetNext(const ItemType* item) { return item->m_NextPool; }
C/C++:        |                                            ^
C/C++:        |                                              _Nullable
C/C++: D:/Foundation-SM64/Android/app/.cxx/Debug/592n6c1o/arm64-v8a/_deps/vulkanmemoryallocator-src/include/vk_mem_alloc.h:10038:44: note: insert '_Nonnull' if the pointer should never be null
C/C++:  10038 |     static ItemType* GetNext(const ItemType* item) { return item->m_NextPool; }
C/C++:        |                                            ^
C/C++:        |                                              _Nonnull
C/C++: D:/Foundation-SM64/Android/app/.cxx/Debug/592n6c1o/arm64-v8a/_deps/vulkanmemoryallocator-src/include/vk_mem_alloc.h:10038:20: warning: pointer is missing a nullability type specifier (_Nonnull, _Nullable, or _Null_unspecified) [-Wnullability-completeness]
C/C++:  10038 |     static ItemType* GetNext(const ItemType* item) { return item->m_NextPool; }
C/C++:        |                    ^
C/C++: D:/Foundation-SM64/Android/app/.cxx/Debug/592n6c1o/arm64-v8a/_deps/vulkanmemoryallocator-src/include/vk_mem_alloc.h:10038:20: note: insert '_Nullable' if the pointer may be null
C/C++:  10038 |     static ItemType* GetNext(const ItemType* item) { return item->m_NextPool; }
C/C++:        |                    ^
C/C++:        |                      _Nullable
C/C++: D:/Foundation-SM64/Android/app/.cxx/Debug/592n6c1o/arm64-v8a/_deps/vulkanmemoryallocator-src/include/vk_mem_alloc.h:10038:20: note: insert '_Nonnull' if the pointer should never be null
C/C++:  10038 |     static ItemType* GetNext(const ItemType* item) { return item->m_NextPool; }
C/C++:        |                    ^
C/C++:        |                      _Nonnull
C/C++: D:/Foundation-SM64/Android/app/.cxx/Debug/592n6c1o/arm64-v8a/_deps/vulkanmemoryallocator-src/include/vk_mem_alloc.h:10039:42: warning: pointer is missing a nullability type specifier (_Nonnull, _Nullable, or _Null_unspecified) [-Wnullability-completeness]
C/C++:  10039 |     static ItemType*& AccessPrev(ItemType* item) { return item->m_PrevPool; }
C/C++:        |                                          ^
C/C++: D:/Foundation-SM64/Android/app/.cxx/Debug/592n6c1o/arm64-v8a/_deps/vulkanmemoryallocator-src/include/vk_mem_alloc.h:10039:42: note: insert '_Nullable' if the pointer may be null
C/C++:  10039 |     static ItemType*& AccessPrev(ItemType* item) { return item->m_PrevPool; }
C/C++:        |                                          ^
C/C++:        |                                            _Nullable
C/C++: D:/Foundation-SM64/Android/app/.cxx/Debug/592n6c1o/arm64-v8a/_deps/vulkanmemoryallocator-src/include/vk_mem_alloc.h:10039:42: note: insert '_Nonnull' if the pointer should never be null
C/C++:  10039 |     static ItemType*& AccessPrev(ItemType* item) { return item->m_PrevPool; }
C/C++:        |                                          ^
C/C++:        |                                            _Nonnull
C/C++: D:/Foundation-SM64/Android/app/.cxx/Debug/592n6c1o/arm64-v8a/_deps/vulkanmemoryallocator-src/include/vk_mem_alloc.h:10039:20: warning: pointer is missing a nullability type specifier (_Nonnull, _Nullable, or _Null_unspecified) [-Wnullability-completeness]
C/C++:  10039 |     static ItemType*& AccessPrev(ItemType* item) { return item->m_PrevPool; }
C/C++:        |                    ^
C/C++: D:/Foundation-SM64/Android/app/.cxx/Debug/592n6c1o/arm64-v8a/_deps/vulkanmemoryallocator-src/include/vk_mem_alloc.h:10039:20: note: insert '_Nullable' if the pointer may be null
C/C++:  10039 |     static ItemType*& AccessPrev(ItemType* item) { return item->m_PrevPool; }
C/C++:        |                    ^
C/C++:        |                     _Nullable
C/C++: D:/Foundation-SM64/Android/app/.cxx/Debug/592n6c1o/arm64-v8a/_deps/vulkanmemoryallocator-src/include/vk_mem_alloc.h:10039:20: note: insert '_Nonnull' if the pointer should never be null
C/C++:  10039 |     static ItemType*& AccessPrev(ItemType* item) { return item->m_PrevPool; }
C/C++:        |                    ^
C/C++:        |                     _Nonnull
C/C++: D:/Foundation-SM64/Android/app/.cxx/Debug/592n6c1o/arm64-v8a/_deps/vulkanmemoryallocator-src/include/vk_mem_alloc.h:10040:42: warning: pointer is missing a nullability type specifier (_Nonnull, _Nullable, or _Null_unspecified) [-Wnullability-completeness]
C/C++:  10040 |     static ItemType*& AccessNext(ItemType* item) { return item->m_NextPool; }
C/C++:        |                                          ^
C/C++: D:/Foundation-SM64/Android/app/.cxx/Debug/592n6c1o/arm64-v8a/_deps/vulkanmemoryallocator-src/include/vk_mem_alloc.h:10040:42: note: insert '_Nullable' if the pointer may be null
C/C++:  10040 |     static ItemType*& AccessNext(ItemType* item) { return item->m_NextPool; }
C/C++:        |                                          ^
C/C++:        |                                            _Nullable
C/C++: D:/Foundation-SM64/Android/app/.cxx/Debug/592n6c1o/arm64-v8a/_deps/vulkanmemoryallocator-src/include/vk_mem_alloc.h:10040:42: note: insert '_Nonnull' if the pointer should never be null
C/C++:  10040 |     static ItemType*& AccessNext(ItemType* item) { return item->m_NextPool; }
C/C++:        |                                          ^
C/C++:        |                                            _Nonnull
C/C++: D:/Foundation-SM64/Android/app/.cxx/Debug/592n6c1o/arm64-v8a/_deps/vulkanmemoryallocator-src/include/vk_mem_alloc.h:10040:20: warning: pointer is missing a nullability type specifier (_Nonnull, _Nullable, or _Null_unspecified) [-Wnullability-completeness]
C/C++:  10040 |     static ItemType*& AccessNext(ItemType* item) { return item->m_NextPool; }
C/C++:        |                    ^
C/C++: D:/Foundation-SM64/Android/app/.cxx/Debug/592n6c1o/arm64-v8a/_deps/vulkanmemoryallocator-src/include/vk_mem_alloc.h:10040:20: note: insert '_Nullable' if the pointer may be null
C/C++:  10040 |     static ItemType*& AccessNext(ItemType* item) { return item->m_NextPool; }
C/C++:        |                    ^
C/C++:        |                     _Nullable
C/C++: D:/Foundation-SM64/Android/app/.cxx/Debug/592n6c1o/arm64-v8a/_deps/vulkanmemoryallocator-src/include/vk_mem_alloc.h:10040:20: note: insert '_Nonnull' if the pointer should never be null
C/C++:  10040 |     static ItemType*& AccessNext(ItemType* item) { return item->m_NextPool; }
C/C++:        |                    ^
C/C++:        |                     _Nonnull
C/C++: D:/Foundation-SM64/Android/app/.cxx/Debug/592n6c1o/arm64-v8a/_deps/vulkanmemoryallocator-src/include/vk_mem_alloc.h:10120:70: warning: pointer is missing a nullability type specifier (_Nonnull, _Nullable, or _Null_unspecified) [-Wnullability-completeness]
C/C++:  10120 |     explicit VmaAllocationObjectAllocator(const VkAllocationCallbacks* pAllocationCallbacks)
C/C++:        |                                                                      ^
C/C++: D:/Foundation-SM64/Android/app/.cxx/Debug/592n6c1o/arm64-v8a/_deps/vulkanmemoryallocator-src/include/vk_mem_alloc.h:10120:70: note: insert '_Nullable' if the pointer may be null
C/C++:  10120 |     explicit VmaAllocationObjectAllocator(const VkAllocationCallbacks* pAllocationCallbacks)
C/C++:        |                                                                      ^
C/C++:        |                                                                        _Nullable
C/C++: D:/Foundation-SM64/Android/app/.cxx/Debug/592n6c1o/arm64-v8a/_deps/vulkanmemoryallocator-src/include/vk_mem_alloc.h:10120:70: note: insert '_Nonnull' if the pointer should never be null
C/C++:  10120 |     explicit VmaAllocationObjectAllocator(const VkAllocationCallbacks* pAllocationCallbacks)
C/C++:        |                                                                      ^
C/C++:        |                                                                        _Nonnull
C/C++: D:/Foundation-SM64/Android/app/.cxx/Debug/592n6c1o/arm64-v8a/_deps/vulkanmemoryallocator-src/include/vk_mem_alloc.h:10123:33: warning: pointer is missing a nullability type specifier (_Nonnull, _Nullable, or _Null_unspecified) [-Wnullability-completeness]
C/C++:  10123 |     template<typename... Types> VmaAllocation Allocate(Types&&... args);
C/C++:        |                                 ^
C/C++: D:/Foundation-SM64/Android/app/.cxx/Debug/592n6c1o/arm64-v8a/_deps/vulkanmemoryallocator-src/include/vk_mem_alloc.h:10123:33: note: insert '_Nullable' if the pointer may be null
C/C++:  10123 |     template<typename... Types> VmaAllocation Allocate(Types&&... args);
C/C++:        |                                 ^
C/C++:        |                                               _Nullable
C/C++: D:/Foundation-SM64/Android/app/.cxx/Debug/592n6c1o/arm64-v8a/_deps/vulkanmemoryallocator-src/include/vk_mem_alloc.h:10123:33: note: insert '_Nonnull' if the pointer should never be null
C/C++:  10123 |     template<typename... Types> VmaAllocation Allocate(Types&&... args);
C/C++:        |                                 ^
C/C++:        |                                               _Nonnull
C/C++: D:/Foundation-SM64/Android/app/.cxx/Debug/592n6c1o/arm64-v8a/_deps/vulkanmemoryallocator-src/include/vk_mem_alloc.h:10124:15: warning: pointer is missing a nullability type specifier (_Nonnull, _Nullable, or _Null_unspecified) [-Wnullability-completeness]
C/C++:  10124 |     void Free(VmaAllocation hAlloc);
C/C++:        |               ^
C/C++: D:/Foundation-SM64/Android/app/.cxx/Debug/592n6c1o/arm64-v8a/_deps/vulkanmemoryallocator-src/include/vk_mem_alloc.h:10124:15: note: insert '_Nullable' if the pointer may be null
C/C++:  10124 |     void Free(VmaAllocation hAlloc);
C/C++:        |               ^
C/C++:        |                             _Nullable
C/C++: D:/Foundation-SM64/Android/app/.cxx/Debug/592n6c1o/arm64-v8a/_deps/vulkanmemoryallocator-src/include/vk_mem_alloc.h:10124:15: note: insert '_Nonnull' if the pointer should never be null
C/C++:  10124 |     void Free(VmaAllocation hAlloc);
C/C++:        |               ^
C/C++:        |                             _Nonnull
C/C++: D:/Foundation-SM64/Android/app/.cxx/Debug/592n6c1o/arm64-v8a/_deps/vulkanmemoryallocator-src/include/vk_mem_alloc.h:10132:1: warning: pointer is missing a nullability type specifier (_Nonnull, _Nullable, or _Null_unspecified) [-Wnullability-completeness]
C/C++:  10132 | VmaAllocation VmaAllocationObjectAllocator::Allocate(Types&&... args)
C/C++:        | ^
C/C++: D:/Foundation-SM64/Android/app/.cxx/Debug/592n6c1o/arm64-v8a/_deps/vulkanmemoryallocator-src/include/vk_mem_alloc.h:10132:1: note: insert '_Nullable' if the pointer may be null
C/C++:  10132 | VmaAllocation VmaAllocationObjectAllocator::Allocate(Types&&... args)
C/C++:        | ^
C/C++:        |               _Nullable
C/C++: D:/Foundation-SM64/Android/app/.cxx/Debug/592n6c1o/arm64-v8a/_deps/vulkanmemoryallocator-src/include/vk_mem_alloc.h:10132:1: note: insert '_Nonnull' if the pointer should never be null
C/C++:  10132 | VmaAllocation VmaAllocationObjectAllocator::Allocate(Types&&... args)
C/C++:        | ^
C/C++:        |               _Nonnull
C/C++: D:/Foundation-SM64/Android/app/.cxx/Debug/592n6c1o/arm64-v8a/_deps/vulkanmemoryallocator-src/include/vk_mem_alloc.h:10138:41: warning: pointer is missing a nullability type specifier (_Nonnull, _Nullable, or _Null_unspecified) [-Wnullability-completeness]
C/C++:  10138 | void VmaAllocationObjectAllocator::Free(VmaAllocation hAlloc)
C/C++:        |                                         ^
C/C++: D:/Foundation-SM64/Android/app/.cxx/Debug/592n6c1o/arm64-v8a/_deps/vulkanmemoryallocator-src/include/vk_mem_alloc.h:10138:41: note: insert '_Nullable' if the pointer may be null
C/C++:  10138 | void VmaAllocationObjectAllocator::Free(VmaAllocation hAlloc)
C/C++:        |                                         ^
C/C++:        |                                                       _Nullable
C/C++: D:/Foundation-SM64/Android/app/.cxx/Debug/592n6c1o/arm64-v8a/_deps/vulkanmemoryallocator-src/include/vk_mem_alloc.h:10138:41: note: insert '_Nonnull' if the pointer should never be null
C/C++:  10138 | void VmaAllocationObjectAllocator::Free(VmaAllocation hAlloc)
C/C++:        |                                         ^
C/C++:        |                                                       _Nonnull
C/C++: D:/Foundation-SM64/Android/app/.cxx/Debug/592n6c1o/arm64-v8a/_deps/vulkanmemoryallocator-src/include/vk_mem_alloc.h:10157:15: warning: pointer is missing a nullability type specifier (_Nonnull, _Nullable, or _Null_unspecified) [-Wnullability-completeness]
C/C++:  10157 |     void Free(VmaVirtualAllocation allocation) { m_Metadata->Free((VmaAllocHandle)allocation); }
C/C++:        |               ^
C/C++: D:/Foundation-SM64/Android/app/.cxx/Debug/592n6c1o/arm64-v8a/_deps/vulkanmemoryallocator-src/include/vk_mem_alloc.h:10157:15: note: insert '_Nullable' if the pointer may be null
C/C++:  10157 |     void Free(VmaVirtualAllocation allocation) { m_Metadata->Free((VmaAllocHandle)allocation); }
C/C++:        |               ^
C/C++:        |                                    _Nullable
C/C++: D:/Foundation-SM64/Android/app/.cxx/Debug/592n6c1o/arm64-v8a/_deps/vulkanmemoryallocator-src/include/vk_mem_alloc.h:10157:15: note: insert '_Nonnull' if the pointer should never be null
C/C++:  10157 |     void Free(VmaVirtualAllocation allocation) { m_Metadata->Free((VmaAllocHandle)allocation); }
C/C++:        |               ^
C/C++:        |                                    _Nonnull
C/C++: D:/Foundation-SM64/Android/app/.cxx/Debug/592n6c1o/arm64-v8a/_deps/vulkanmemoryallocator-src/include/vk_mem_alloc.h:10158:32: warning: pointer is missing a nullability type specifier (_Nonnull, _Nullable, or _Null_unspecified) [-Wnullability-completeness]
C/C++:  10158 |     void SetAllocationUserData(VmaVirtualAllocation allocation, void* userData) { m_Metadata->SetAllocationUserData((VmaAllocHandle)allocation, userData); }
C/C++:        |                                ^
C/C++: D:/Foundation-SM64/Android/app/.cxx/Debug/592n6c1o/arm64-v8a/_deps/vulkanmemoryallocator-src/include/vk_mem_alloc.h:10158:32: note: insert '_Nullable' if the pointer may be null
C/C++:  10158 |     void SetAllocationUserData(VmaVirtualAllocation allocation, void* userData) { m_Metadata->SetAllocationUserData((VmaAllocHandle)allocation, userData); }
C/C++:        |                                ^
C/C++:        |                                                     _Nullable
C/C++: D:/Foundation-SM64/Android/app/.cxx/Debug/592n6c1o/arm64-v8a/_deps/vulkanmemoryallocator-src/include/vk_mem_alloc.h:10158:32: note: insert '_Nonnull' if the pointer should never be null
C/C++:  10158 |     void SetAllocationUserData(VmaVirtualAllocation allocation, void* userData) { m_Metadata->SetAllocationUserData((VmaAllocHandle)allocation, userData); }
C/C++:        |                                ^
C/C++:        |                                                     _Nonnull
C/C++: D:/Foundation-SM64/Android/app/.cxx/Debug/592n6c1o/arm64-v8a/_deps/vulkanmemoryallocator-src/include/vk_mem_alloc.h:10158:69: warning: pointer is missing a nullability type specifier (_Nonnull, _Nullable, or _Null_unspecified) [-Wnullability-completeness]
C/C++:  10158 |     void SetAllocationUserData(VmaVirtualAllocation allocation, void* userData) { m_Metadata->SetAllocationUserData((VmaAllocHandle)allocation, userData); }
C/C++:        |                                                                     ^
C/C++: D:/Foundation-SM64/Android/app/.cxx/Debug/592n6c1o/arm64-v8a/_deps/vulkanmemoryallocator-src/include/vk_mem_alloc.h:10158:69: note: insert '_Nullable' if the pointer may be null
C/C++:  10158 |     void SetAllocationUserData(VmaVirtualAllocation allocation, void* userData) { m_Metadata->SetAllocationUserData((VmaAllocHandle)allocation, userData); }
C/C++:        |                                                                     ^
C/C++:        |                                                                       _Nullable
C/C++: D:/Foundation-SM64/Android/app/.cxx/Debug/592n6c1o/arm64-v8a/_deps/vulkanmemoryallocator-src/include/vk_mem_alloc.h:10158:69: note: insert '_Nonnull' if the pointer should never be null
C/C++:  10158 |     void SetAllocationUserData(VmaVirtualAllocation allocation, void* userData) { m_Metadata->SetAllocationUserData((VmaAllocHandle)allocation, userData); }
C/C++:        |                                                                     ^
C/C++:        |                                                                       _Nonnull
C/C++: D:/Foundation-SM64/Android/app/.cxx/Debug/592n6c1o/arm64-v8a/_deps/vulkanmemoryallocator-src/include/vk_mem_alloc.h:10161:32: warning: pointer is missing a nullability type specifier (_Nonnull, _Nullable, or _Null_unspecified) [-Wnullability-completeness]
C/C++:  10161 |     const VkAllocationCallbacks* GetAllocationCallbacks() const;
C/C++:        |                                ^
C/C++: D:/Foundation-SM64/Android/app/.cxx/Debug/592n6c1o/arm64-v8a/_deps/vulkanmemoryallocator-src/include/vk_mem_alloc.h:10161:32: note: insert '_Nullable' if the pointer may be null
C/C++:  10161 |     const VkAllocationCallbacks* GetAllocationCallbacks() const;
C/C++:        |                                ^
C/C++:        |                                  _Nullable
C/C++: D:/Foundation-SM64/Android/app/.cxx/Debug/592n6c1o/arm64-v8a/_deps/vulkanmemoryallocator-src/include/vk_mem_alloc.h:10161:32: note: insert '_Nonnull' if the pointer should never be null
C/C++:  10161 |     const VkAllocationCallbacks* GetAllocationCallbacks() const;
C/C++:        |                                ^
C/C++:        |                                  _Nonnull
C/C++: D:/Foundation-SM64/Android/app/.cxx/Debug/592n6c1o/arm64-v8a/_deps/vulkanmemoryallocator-src/include/vk_mem_alloc.h:10162:28: warning: pointer is missing a nullability type specifier (_Nonnull, _Nullable, or _Null_unspecified) [-Wnullability-completeness]
C/C++:  10162 |     void GetAllocationInfo(VmaVirtualAllocation allocation, VmaVirtualAllocationInfo& outInfo);
C/C++:        |                            ^
C/C++: D:/Foundation-SM64/Android/app/.cxx/Debug/592n6c1o/arm64-v8a/_deps/vulkanmemoryallocator-src/include/vk_mem_alloc.h:10162:28: note: insert '_Nullable' if the pointer may be null
C/C++:  10162 |     void GetAllocationInfo(VmaVirtualAllocation allocation, VmaVirtualAllocationInfo& outInfo);
C/C++:        |                            ^
C/C++:        |                                                 _Nullable
C/C++: D:/Foundation-SM64/Android/app/.cxx/Debug/592n6c1o/arm64-v8a/_deps/vulkanmemoryallocator-src/include/vk_mem_alloc.h:10162:28: note: insert '_Nonnull' if the pointer should never be null
C/C++:  10162 |     void GetAllocationInfo(VmaVirtualAllocation allocation, VmaVirtualAllocationInfo& outInfo);
C/C++:        |                            ^
C/C++:        |                                                 _Nonnull
C/C++: D:/Foundation-SM64/Android/app/.cxx/Debug/592n6c1o/arm64-v8a/_deps/vulkanmemoryallocator-src/include/vk_mem_alloc.h:10163:73: warning: pointer is missing a nullability type specifier (_Nonnull, _Nullable, or _Null_unspecified) [-Wnullability-completeness]
C/C++:  10163 |     VkResult Allocate(const VmaVirtualAllocationCreateInfo& createInfo, VmaVirtualAllocation& outAllocation,
C/C++:        |                                                                         ^
C/C++: D:/Foundation-SM64/Android/app/.cxx/Debug/592n6c1o/arm64-v8a/_deps/vulkanmemoryallocator-src/include/vk_mem_alloc.h:10163:73: note: insert '_Nullable' if the pointer may be null
C/C++:  10163 |     VkResult Allocate(const VmaVirtualAllocationCreateInfo& createInfo, VmaVirtualAllocation& outAllocation,
C/C++:        |                                                                         ^                   
C/C++:        |                                                                                              _Nullable 
C/C++: D:/Foundation-SM64/Android/app/.cxx/Debug/592n6c1o/arm64-v8a/_deps/vulkanmemoryallocator-src/include/vk_mem_alloc.h:10163:73: note: insert '_Nonnull' if the pointer should never be null
C/C++:  10163 |     VkResult Allocate(const VmaVirtualAllocationCreateInfo& createInfo, VmaVirtualAllocation& outAllocation,
C/C++:        |                                                                         ^                   
C/C++:        |                                                                                              _Nonnull 
C/C++: D:/Foundation-SM64/Android/app/.cxx/Debug/592n6c1o/arm64-v8a/_deps/vulkanmemoryallocator-src/include/vk_mem_alloc.h:10164:21: warning: pointer is missing a nullability type specifier (_Nonnull, _Nullable, or _Null_unspecified) [-Wnullability-completeness]
C/C++:  10164 |         VkDeviceSize* outOffset);
C/C++:        |                     ^
C/C++: D:/Foundation-SM64/Android/app/.cxx/Debug/592n6c1o/arm64-v8a/_deps/vulkanmemoryallocator-src/include/vk_mem_alloc.h:10164:21: note: insert '_Nullable' if the pointer may be null
C/C++:  10164 |         VkDeviceSize* outOffset);
C/C++:        |                     ^
C/C++:        |                       _Nullable
C/C++: D:/Foundation-SM64/Android/app/.cxx/Debug/592n6c1o/arm64-v8a/_deps/vulkanmemoryallocator-src/include/vk_mem_alloc.h:10164:21: note: insert '_Nonnull' if the pointer should never be null
C/C++:  10164 |         VkDeviceSize* outOffset);
C/C++:        |                     ^
C/C++:        |                       _Nonnull
C/C++: D:/Foundation-SM64/Android/app/.cxx/Debug/592n6c1o/arm64-v8a/_deps/vulkanmemoryallocator-src/include/vk_mem_alloc.h:10172:21: warning: pointer is missing a nullability type specifier (_Nonnull, _Nullable, or _Null_unspecified) [-Wnullability-completeness]
C/C++:  10172 |     VmaBlockMetadata* m_Metadata;
C/C++:        |                     ^
C/C++: D:/Foundation-SM64/Android/app/.cxx/Debug/592n6c1o/arm64-v8a/_deps/vulkanmemoryallocator-src/include/vk_mem_alloc.h:10172:21: note: insert '_Nullable' if the pointer may be null
C/C++:  10172 |     VmaBlockMetadata* m_Metadata;
C/C++:        |                     ^
C/C++:        |                       _Nullable
C/C++: D:/Foundation-SM64/Android/app/.cxx/Debug/592n6c1o/arm64-v8a/_deps/vulkanmemoryallocator-src/include/vk_mem_alloc.h:10172:21: note: insert '_Nonnull' if the pointer should never be null
C/C++:  10172 |     VmaBlockMetadata* m_Metadata;
C/C++:        |                     ^
C/C++:        |                       _Nonnull
C/C++: D:/Foundation-SM64/Android/app/.cxx/Debug/592n6c1o/arm64-v8a/_deps/vulkanmemoryallocator-src/include/vk_mem_alloc.h:10210:28: warning: pointer is missing a nullability type specifier (_Nonnull, _Nullable, or _Null_unspecified) [-Wnullability-completeness]
C/C++:  10210 | const VkAllocationCallbacks* VmaVirtualBlock_T::GetAllocationCallbacks() const
C/C++:        |                            ^
C/C++: D:/Foundation-SM64/Android/app/.cxx/Debug/592n6c1o/arm64-v8a/_deps/vulkanmemoryallocator-src/include/vk_mem_alloc.h:10210:28: note: insert '_Nullable' if the pointer may be null
C/C++:  10210 | const VkAllocationCallbacks* VmaVirtualBlock_T::GetAllocationCallbacks() const
C/C++:        |                            ^
C/C++:        |                              _Nullable
C/C++: D:/Foundation-SM64/Android/app/.cxx/Debug/592n6c1o/arm64-v8a/_deps/vulkanmemoryallocator-src/include/vk_mem_alloc.h:10210:28: note: insert '_Nonnull' if the pointer should never be null
C/C++:  10210 | const VkAllocationCallbacks* VmaVirtualBlock_T::GetAllocationCallbacks() const
C/C++:        |                            ^
C/C++:        |                              _Nonnull
C/C++: D:/Foundation-SM64/Android/app/.cxx/Debug/592n6c1o/arm64-v8a/_deps/vulkanmemoryallocator-src/include/vk_mem_alloc.h:10215:43: warning: pointer is missing a nullability type specifier (_Nonnull, _Nullable, or _Null_unspecified) [-Wnullability-completeness]
C/C++:  10215 | void VmaVirtualBlock_T::GetAllocationInfo(VmaVirtualAllocation allocation, VmaVirtualAllocationInfo& outInfo)
C/C++:        |                                           ^
C/C++: D:/Foundation-SM64/Android/app/.cxx/Debug/592n6c1o/arm64-v8a/_deps/vulkanmemoryallocator-src/include/vk_mem_alloc.h:10215:43: note: insert '_Nullable' if the pointer may be null
C/C++:  10215 | void VmaVirtualBlock_T::GetAllocationInfo(VmaVirtualAllocation allocation, VmaVirtualAllocationInfo& outInfo)
C/C++:        |                                           ^
C/C++:        |                                                                _Nullable
C/C++: D:/Foundation-SM64/Android/app/.cxx/Debug/592n6c1o/arm64-v8a/_deps/vulkanmemoryallocator-src/include/vk_mem_alloc.h:10215:43: note: insert '_Nonnull' if the pointer should never be null
C/C++:  10215 | void VmaVirtualBlock_T::GetAllocationInfo(VmaVirtualAllocation allocation, VmaVirtualAllocationInfo& outInfo)
C/C++:        |                                           ^
C/C++:        |                                                                _Nonnull
C/C++: D:/Foundation-SM64/Android/app/.cxx/Debug/592n6c1o/arm64-v8a/_deps/vulkanmemoryallocator-src/include/vk_mem_alloc.h:10220:88: warning: pointer is missing a nullability type specifier (_Nonnull, _Nullable, or _Null_unspecified) [-Wnullability-completeness]
C/C++:  10220 | VkResult VmaVirtualBlock_T::Allocate(const VmaVirtualAllocationCreateInfo& createInfo, VmaVirtualAllocation& outAllocation,
C/C++:        |                                                                                        ^
C/C++: D:/Foundation-SM64/Android/app/.cxx/Debug/592n6c1o/arm64-v8a/_deps/vulkanmemoryallocator-src/include/vk_mem_alloc.h:10220:88: note: insert '_Nullable' if the pointer may be null
C/C++:  10220 | VkResult VmaVirtualBlock_T::Allocate(const VmaVirtualAllocationCreateInfo& createInfo, VmaVirtualAllocation& outAllocation,
C/C++:        |                                                                                        ^                   
C/C++:        |                                                                                                             _Nullable 
C/C++: D:/Foundation-SM64/Android/app/.cxx/Debug/592n6c1o/arm64-v8a/_deps/vulkanmemoryallocator-src/include/vk_mem_alloc.h:10220:88: note: insert '_Nonnull' if the pointer should never be null
C/C++:  10220 | VkResult VmaVirtualBlock_T::Allocate(const VmaVirtualAllocationCreateInfo& createInfo, VmaVirtualAllocation& outAllocation,
C/C++:        |                                                                                        ^                   
C/C++:        |                                                                                                             _Nonnull 
C/C++: D:/Foundation-SM64/Android/app/.cxx/Debug/592n6c1o/arm64-v8a/_deps/vulkanmemoryallocator-src/include/vk_mem_alloc.h:10221:17: warning: pointer is missing a nullability type specifier (_Nonnull, _Nullable, or _Null_unspecified) [-Wnullability-completeness]
C/C++:  10221 |     VkDeviceSize* outOffset)
C/C++:        |                 ^
C/C++: D:/Foundation-SM64/Android/app/.cxx/Debug/592n6c1o/arm64-v8a/_deps/vulkanmemoryallocator-src/include/vk_mem_alloc.h:10221:17: note: insert '_Nullable' if the pointer may be null
C/C++:  10221 |     VkDeviceSize* outOffset)
C/C++:        |                 ^
C/C++:        |                   _Nullable
C/C++: D:/Foundation-SM64/Android/app/.cxx/Debug/592n6c1o/arm64-v8a/_deps/vulkanmemoryallocator-src/include/vk_mem_alloc.h:10221:17: note: insert '_Nonnull' if the pointer should never be null
C/C++:  10221 |     VkDeviceSize* outOffset)
C/C++:        |                 ^
C/C++:        |                   _Nonnull
C/C++: D:/Foundation-SM64/Android/app/.cxx/Debug/592n6c1o/arm64-v8a/_deps/vulkanmemoryallocator-src/include/vk_mem_alloc.h:10301:11: warning: pointer is missing a nullability type specifier (_Nonnull, _Nullable, or _Null_unspecified) [-Wnullability-completeness]
C/C++:  10301 |     const VkDevice m_hDevice;
C/C++:        |           ^
C/C++: D:/Foundation-SM64/Android/app/.cxx/Debug/592n6c1o/arm64-v8a/_deps/vulkanmemoryallocator-src/include/vk_mem_alloc.h:10301:11: note: insert '_Nullable' if the pointer may be null
C/C++:  10301 |     const VkDevice m_hDevice;
C/C++:        |           ^
C/C++:        |                    _Nullable
C/C++: D:/Foundation-SM64/Android/app/.cxx/Debug/592n6c1o/arm64-v8a/_deps/vulkanmemoryallocator-src/include/vk_mem_alloc.h:10301:11: note: insert '_Nonnull' if the pointer should never be null
C/C++:  10301 |     const VkDevice m_hDevice;
C/C++:        |           ^
C/C++:        |                    _Nonnull
C/C++: D:/Foundation-SM64/Android/app/.cxx/Debug/592n6c1o/arm64-v8a/_deps/vulkanmemoryallocator-src/include/vk_mem_alloc.h:10302:11: warning: pointer is missing a nullability type specifier (_Nonnull, _Nullable, or _Null_unspecified) [-Wnullability-completeness]
C/C++:  10302 |     const VkInstance m_hInstance;
C/C++:        |           ^
C/C++: D:/Foundation-SM64/Android/app/.cxx/Debug/592n6c1o/arm64-v8a/_deps/vulkanmemoryallocator-src/include/vk_mem_alloc.h:10302:11: note: insert '_Nullable' if the pointer may be null
C/C++:  10302 |     const VkInstance m_hInstance;
C/C++:        |           ^
C/C++:        |                      _Nullable
C/C++: D:/Foundation-SM64/Android/app/.cxx/Debug/592n6c1o/arm64-v8a/_deps/vulkanmemoryallocator-src/include/vk_mem_alloc.h:10302:11: note: insert '_Nonnull' if the pointer should never be null
C/C++:  10302 |     const VkInstance m_hInstance;
C/C++:        |           ^
C/C++:        |                      _Nonnull
C/C++: D:/Foundation-SM64/Android/app/.cxx/Debug/592n6c1o/arm64-v8a/_deps/vulkanmemoryallocator-src/include/vk_mem_alloc.h:10315:19: warning: pointer is missing a nullability type specifier (_Nonnull, _Nullable, or _Null_unspecified) [-Wnullability-completeness]
C/C++:  10315 |     VmaBlockVector* m_pBlockVectors[VK_MAX_MEMORY_TYPES];
C/C++:        |                   ^
C/C++: D:/Foundation-SM64/Android/app/.cxx/Debug/592n6c1o/arm64-v8a/_deps/vulkanmemoryallocator-src/include/vk_mem_alloc.h:10315:19: note: insert '_Nullable' if the pointer may be null
C/C++:  10315 |     VmaBlockVector* m_pBlockVectors[VK_MAX_MEMORY_TYPES];
C/C++:        |                   ^
C/C++:        |                     _Nullable
C/C++: D:/Foundation-SM64/Android/app/.cxx/Debug/592n6c1o/arm64-v8a/_deps/vulkanmemoryallocator-src/include/vk_mem_alloc.h:10315:19: note: insert '_Nonnull' if the pointer should never be null
C/C++:  10315 |     VmaBlockVector* m_pBlockVectors[VK_MAX_MEMORY_TYPES];
C/C++:        |                   ^
C/C++:        |                     _Nonnull
C/C++: D:/Foundation-SM64/Android/app/.cxx/Debug/592n6c1o/arm64-v8a/_deps/vulkanmemoryallocator-src/include/vk_mem_alloc.h:10321:57: warning: pointer is missing a nullability type specifier (_Nonnull, _Nullable, or _Null_unspecified) [-Wnullability-completeness]
C/C++:  10321 |     explicit VmaAllocator_T(const VmaAllocatorCreateInfo* pCreateInfo);
C/C++:        |                                                         ^
C/C++: D:/Foundation-SM64/Android/app/.cxx/Debug/592n6c1o/arm64-v8a/_deps/vulkanmemoryallocator-src/include/vk_mem_alloc.h:10321:57: note: insert '_Nullable' if the pointer may be null
C/C++:  10321 |     explicit VmaAllocator_T(const VmaAllocatorCreateInfo* pCreateInfo);
C/C++:        |                                                         ^
C/C++:        |                                                           _Nullable
C/C++: D:/Foundation-SM64/Android/app/.cxx/Debug/592n6c1o/arm64-v8a/_deps/vulkanmemoryallocator-src/include/vk_mem_alloc.h:10321:57: note: insert '_Nonnull' if the pointer should never be null
C/C++:  10321 |     explicit VmaAllocator_T(const VmaAllocatorCreateInfo* pCreateInfo);
C/C++:        |                                                         ^
C/C++:        |                                                           _Nonnull
C/C++: D:/Foundation-SM64/Android/app/.cxx/Debug/592n6c1o/arm64-v8a/_deps/vulkanmemoryallocator-src/include/vk_mem_alloc.h:10322:47: warning: pointer is missing a nullability type specifier (_Nonnull, _Nullable, or _Null_unspecified) [-Wnullability-completeness]
C/C++:  10322 |     VkResult Init(const VmaAllocatorCreateInfo* pCreateInfo);
C/C++:        |                                               ^
C/C++: D:/Foundation-SM64/Android/app/.cxx/Debug/592n6c1o/arm64-v8a/_deps/vulkanmemoryallocator-src/include/vk_mem_alloc.h:10322:47: note: insert '_Nullable' if the pointer may be null
C/C++:  10322 |     VkResult Init(const VmaAllocatorCreateInfo* pCreateInfo);
C/C++:        |                                               ^
C/C++:        |                                                 _Nullable
C/C++: D:/Foundation-SM64/Android/app/.cxx/Debug/592n6c1o/arm64-v8a/_deps/vulkanmemoryallocator-src/include/vk_mem_alloc.h:10322:47: note: insert '_Nonnull' if the pointer should never be null
C/C++:  10322 |     VkResult Init(const VmaAllocatorCreateInfo* pCreateInfo);
C/C++:        |                                               ^
C/C++:        |                                                 _Nonnull
C/C++: D:/Foundation-SM64/Android/app/.cxx/Debug/592n6c1o/arm64-v8a/_deps/vulkanmemoryallocator-src/include/vk_mem_alloc.h:10325:32: warning: pointer is missing a nullability type specifier (_Nonnull, _Nullable, or _Null_unspecified) [-Wnullability-completeness]
C/C++:  10325 |     const VkAllocationCallbacks* GetAllocationCallbacks() const
C/C++:        |                                ^
C/C++: D:/Foundation-SM64/Android/app/.cxx/Debug/592n6c1o/arm64-v8a/_deps/vulkanmemoryallocator-src/include/vk_mem_alloc.h:10325:32: note: insert '_Nullable' if the pointer may be null
C/C++:  10325 |     const VkAllocationCallbacks* GetAllocationCallbacks() const
C/C++:        |                                ^
C/C++:        |                                  _Nullable
C/C++: D:/Foundation-SM64/Android/app/.cxx/Debug/592n6c1o/arm64-v8a/_deps/vulkanmemoryallocator-src/include/vk_mem_alloc.h:10325:32: note: insert '_Nonnull' if the pointer should never be null
C/C++:  10325 |     const VkAllocationCallbacks* GetAllocationCallbacks() const
C/C++:        |                                ^
C/C++:        |                                  _Nonnull
C/C++: D:/Foundation-SM64/Android/app/.cxx/Debug/592n6c1o/arm64-v8a/_deps/vulkanmemoryallocator-src/include/vk_mem_alloc.h:10334:5: warning: pointer is missing a nullability type specifier (_Nonnull, _Nullable, or _Null_unspecified) [-Wnullability-completeness]
C/C++:  10334 |     VkPhysicalDevice GetPhysicalDevice() const { return m_PhysicalDevice; }
C/C++:        |     ^
C/C++: D:/Foundation-SM64/Android/app/.cxx/Debug/592n6c1o/arm64-v8a/_deps/vulkanmemoryallocator-src/include/vk_mem_alloc.h:10334:5: note: insert '_Nullable' if the pointer may be null
C/C++:  10334 |     VkPhysicalDevice GetPhysicalDevice() const { return m_PhysicalDevice; }
C/C++:        |     ^
C/C++:        |                      _Nullable
C/C++: D:/Foundation-SM64/Android/app/.cxx/Debug/592n6c1o/arm64-v8a/_deps/vulkanmemoryallocator-src/include/vk_mem_alloc.h:10334:5: note: insert '_Nonnull' if the pointer should never be null
C/C++:  10334 |     VkPhysicalDevice GetPhysicalDevice() const { return m_PhysicalDevice; }
C/C++:        |     ^
C/C++:        |                      _Nonnull
C/C++: D:/Foundation-SM64/Android/app/.cxx/Debug/592n6c1o/arm64-v8a/_deps/vulkanmemoryallocator-src/include/vk_mem_alloc.h:10373:9: warning: pointer is missing a nullability type specifier (_Nonnull, _Nullable, or _Null_unspecified) [-Wnullability-completeness]
C/C++:  10373 |         VkBuffer hBuffer,
C/C++:        |         ^
C/C++: D:/Foundation-SM64/Android/app/.cxx/Debug/592n6c1o/arm64-v8a/_deps/vulkanmemoryallocator-src/include/vk_mem_alloc.h:10373:9: note: insert '_Nullable' if the pointer may be null
C/C++:  10373 |         VkBuffer hBuffer,
C/C++:        |         ^
C/C++:        |                  _Nullable
C/C++: D:/Foundation-SM64/Android/app/.cxx/Debug/592n6c1o/arm64-v8a/_deps/vulkanmemoryallocator-src/include/vk_mem_alloc.h:10373:9: note: insert '_Nonnull' if the pointer should never be null
C/C++:  10373 |         VkBuffer hBuffer,
C/C++:        |         ^
C/C++:        |                  _Nonnull
C/C++: D:/Foundation-SM64/Android/app/.cxx/Debug/592n6c1o/arm64-v8a/_deps/vulkanmemoryallocator-src/include/vk_mem_alloc.h:10378:9: warning: pointer is missing a nullability type specifier (_Nonnull, _Nullable, or _Null_unspecified) [-Wnullability-completeness]
C/C++:  10378 |         VkImage hImage,
C/C++:        |         ^
C/C++: D:/Foundation-SM64/Android/app/.cxx/Debug/592n6c1o/arm64-v8a/_deps/vulkanmemoryallocator-src/include/vk_mem_alloc.h:10378:9: note: insert '_Nullable' if the pointer may be null
C/C++:  10378 |         VkImage hImage,
C/C++:        |         ^
C/C++:        |                 _Nullable
C/C++: D:/Foundation-SM64/Android/app/.cxx/Debug/592n6c1o/arm64-v8a/_deps/vulkanmemoryallocator-src/include/vk_mem_alloc.h:10378:9: note: insert '_Nonnull' if the pointer should never be null
C/C++:  10378 |         VkImage hImage,
C/C++:        |         ^
C/C++:        |                 _Nonnull
C/C++: D:/Foundation-SM64/Android/app/.cxx/Debug/592n6c1o/arm64-v8a/_deps/vulkanmemoryallocator-src/include/vk_mem_alloc.h:10384:38: warning: pointer is missing a nullability type specifier (_Nonnull, _Nullable, or _Null_unspecified) [-Wnullability-completeness]
C/C++:  10384 |         const VmaAllocationCreateInfo* pAllocationCreateInfo,
C/C++:        |                                      ^
C/C++: D:/Foundation-SM64/Android/app/.cxx/Debug/592n6c1o/arm64-v8a/_deps/vulkanmemoryallocator-src/include/vk_mem_alloc.h:10384:38: note: insert '_Nullable' if the pointer may be null
C/C++:  10384 |         const VmaAllocationCreateInfo* pAllocationCreateInfo,
C/C++:        |                                      ^
C/C++:        |                                        _Nullable
C/C++: D:/Foundation-SM64/Android/app/.cxx/Debug/592n6c1o/arm64-v8a/_deps/vulkanmemoryallocator-src/include/vk_mem_alloc.h:10384:38: note: insert '_Nonnull' if the pointer should never be null
C/C++:  10384 |         const VmaAllocationCreateInfo* pAllocationCreateInfo,
C/C++:        |                                      ^
C/C++:        |                                        _Nonnull
C/C++: D:/Foundation-SM64/Android/app/.cxx/Debug/592n6c1o/arm64-v8a/_deps/vulkanmemoryallocator-src/include/vk_mem_alloc.h:10386:17: warning: pointer is missing a nullability type specifier (_Nonnull, _Nullable, or _Null_unspecified) [-Wnullability-completeness]
C/C++:  10386 |         uint32_t* pMemoryTypeIndex) const;
C/C++:        |                 ^
C/C++: D:/Foundation-SM64/Android/app/.cxx/Debug/592n6c1o/arm64-v8a/_deps/vulkanmemoryallocator-src/include/vk_mem_alloc.h:10386:17: note: insert '_Nullable' if the pointer may be null
C/C++:  10386 |         uint32_t* pMemoryTypeIndex) const;
C/C++:        |                 ^
C/C++:        |                   _Nullable
C/C++: D:/Foundation-SM64/Android/app/.cxx/Debug/592n6c1o/arm64-v8a/_deps/vulkanmemoryallocator-src/include/vk_mem_alloc.h:10386:17: note: insert '_Nonnull' if the pointer should never be null
C/C++:  10386 |         uint32_t* pMemoryTypeIndex) const;
C/C++:        |                 ^
C/C++:        |                   _Nonnull
C/C++: D:/Foundation-SM64/Android/app/.cxx/Debug/592n6c1o/arm64-v8a/_deps/vulkanmemoryallocator-src/include/vk_mem_alloc.h:10393:9: warning: pointer is missing a nullability type specifier (_Nonnull, _Nullable, or _Null_unspecified) [-Wnullability-completeness]
C/C++:  10393 |         VkBuffer dedicatedBuffer,
C/C++:        |         ^
C/C++: D:/Foundation-SM64/Android/app/.cxx/Debug/592n6c1o/arm64-v8a/_deps/vulkanmemoryallocator-src/include/vk_mem_alloc.h:10393:9: note: insert '_Nullable' if the pointer may be null
C/C++:  10393 |         VkBuffer dedicatedBuffer,
C/C++:        |         ^
C/C++:        |                  _Nullable
C/C++: D:/Foundation-SM64/Android/app/.cxx/Debug/592n6c1o/arm64-v8a/_deps/vulkanmemoryallocator-src/include/vk_mem_alloc.h:10393:9: note: insert '_Nonnull' if the pointer should never be null
C/C++:  10393 |         VkBuffer dedicatedBuffer,
C/C++:        |         ^
C/C++:        |                  _Nonnull
C/C++: D:/Foundation-SM64/Android/app/.cxx/Debug/592n6c1o/arm64-v8a/_deps/vulkanmemoryallocator-src/include/vk_mem_alloc.h:10394:9: warning: pointer is missing a nullability type specifier (_Nonnull, _Nullable, or _Null_unspecified) [-Wnullability-completeness]
C/C++:  10394 |         VkImage dedicatedImage,
C/C++:        |         ^
C/C++: D:/Foundation-SM64/Android/app/.cxx/Debug/592n6c1o/arm64-v8a/_deps/vulkanmemoryallocator-src/include/vk_mem_alloc.h:10394:9: note: insert '_Nullable' if the pointer may be null
C/C++:  10394 |         VkImage dedicatedImage,
C/C++:        |         ^
C/C++:        |                 _Nullable
C/C++: D:/Foundation-SM64/Android/app/.cxx/Debug/592n6c1o/arm64-v8a/_deps/vulkanmemoryallocator-src/include/vk_mem_alloc.h:10394:9: note: insert '_Nonnull' if the pointer should never be null
C/C++:  10394 |         VkImage dedicatedImage,
C/C++:        |         ^
C/C++:        |                 _Nonnull
C/C++: D:/Foundation-SM64/Android/app/.cxx/Debug/592n6c1o/arm64-v8a/_deps/vulkanmemoryallocator-src/include/vk_mem_alloc.h:10399:9: warning: pointer is missing a nullability type specifier (_Nonnull, _Nullable, or _Null_unspecified) [-Wnullability-completeness]
C/C++:  10399 |         VmaAllocation* pAllocations);
C/C++:        |         ^
C/C++: D:/Foundation-SM64/Android/app/.cxx/Debug/592n6c1o/arm64-v8a/_deps/vulkanmemoryallocator-src/include/vk_mem_alloc.h:10399:9: note: insert '_Nullable' if the pointer may be null
C/C++:  10399 |         VmaAllocation* pAllocations);
C/C++:        |         ^            
C/C++:        |                       _Nullable 
C/C++: D:/Foundation-SM64/Android/app/.cxx/Debug/592n6c1o/arm64-v8a/_deps/vulkanmemoryallocator-src/include/vk_mem_alloc.h:10399:9: note: insert '_Nonnull' if the pointer should never be null
C/C++:  10399 |         VmaAllocation* pAllocations);
C/C++:        |         ^            
C/C++:        |                       _Nonnull 
C/C++: D:/Foundation-SM64/Android/app/.cxx/Debug/592n6c1o/arm64-v8a/_deps/vulkanmemoryallocator-src/include/vk_mem_alloc.h:10399:22: warning: pointer is missing a nullability type specifier (_Nonnull, _Nullable, or _Null_unspecified) [-Wnullability-completeness]
C/C++:  10399 |         VmaAllocation* pAllocations);
C/C++:        |                      ^
C/C++: D:/Foundation-SM64/Android/app/.cxx/Debug/592n6c1o/arm64-v8a/_deps/vulkanmemoryallocator-src/include/vk_mem_alloc.h:10399:22: note: insert '_Nullable' if the pointer may be null
C/C++:  10399 |         VmaAllocation* pAllocations);
C/C++:        |                      ^
C/C++:        |                        _Nullable
C/C++: D:/Foundation-SM64/Android/app/.cxx/Debug/592n6c1o/arm64-v8a/_deps/vulkanmemoryallocator-src/include/vk_mem_alloc.h:10399:22: note: insert '_Nonnull' if the pointer should never be null
C/C++:  10399 |         VmaAllocation* pAllocations);
C/C++:        |                      ^
C/C++:        |                        _Nonnull
C/C++: D:/Foundation-SM64/Android/app/.cxx/Debug/592n6c1o/arm64-v8a/_deps/vulkanmemoryallocator-src/include/vk_mem_alloc.h:10404:15: warning: pointer is missing a nullability type specifier (_Nonnull, _Nullable, or _Null_unspecified) [-Wnullability-completeness]
C/C++:  10404 |         const VmaAllocation* pAllocations);
C/C++:        |               ^
C/C++: D:/Foundation-SM64/Android/app/.cxx/Debug/592n6c1o/arm64-v8a/_deps/vulkanmemoryallocator-src/include/vk_mem_alloc.h:10404:15: note: insert '_Nullable' if the pointer may be null
C/C++:  10404 |         const VmaAllocation* pAllocations);
C/C++:        |               ^            
C/C++:        |                             _Nullable 
C/C++: D:/Foundation-SM64/Android/app/.cxx/Debug/592n6c1o/arm64-v8a/_deps/vulkanmemoryallocator-src/include/vk_mem_alloc.h:10404:15: note: insert '_Nonnull' if the pointer should never be null
C/C++:  10404 |         const VmaAllocation* pAllocations);
C/C++:        |               ^            
C/C++:        |                             _Nonnull 
C/C++: D:/Foundation-SM64/Android/app/.cxx/Debug/592n6c1o/arm64-v8a/_deps/vulkanmemoryallocator-src/include/vk_mem_alloc.h:10404:28: warning: pointer is missing a nullability type specifier (_Nonnull, _Nullable, or _Null_unspecified) [-Wnullability-completeness]
C/C++:  10404 |         const VmaAllocation* pAllocations);
C/C++:        |                            ^
C/C++: D:/Foundation-SM64/Android/app/.cxx/Debug/592n6c1o/arm64-v8a/_deps/vulkanmemoryallocator-src/include/vk_mem_alloc.h:10404:28: note: insert '_Nullable' if the pointer may be null
C/C++:  10404 |         const VmaAllocation* pAllocations);
C/C++:        |                            ^
C/C++:        |                              _Nullable
C/C++: D:/Foundation-SM64/Android/app/.cxx/Debug/592n6c1o/arm64-v8a/_deps/vulkanmemoryallocator-src/include/vk_mem_alloc.h:10404:28: note: insert '_Nonnull' if the pointer should never be null
C/C++:  10404 |         const VmaAllocation* pAllocations);
C/C++:        |                            ^
C/C++:        |                              _Nonnull
C/C++: D:/Foundation-SM64/Android/app/.cxx/Debug/592n6c1o/arm64-v8a/_deps/vulkanmemoryallocator-src/include/vk_mem_alloc.h:10406:48: warning: pointer is missing a nullability type specifier (_Nonnull, _Nullable, or _Null_unspecified) [-Wnullability-completeness]
C/C++:  10406 |     void CalculateStatistics(VmaTotalStatistics* pStats);
C/C++:        |                                                ^
C/C++: D:/Foundation-SM64/Android/app/.cxx/Debug/592n6c1o/arm64-v8a/_deps/vulkanmemoryallocator-src/include/vk_mem_alloc.h:10406:48: note: insert '_Nullable' if the pointer may be null
C/C++:  10406 |     void CalculateStatistics(VmaTotalStatistics* pStats);
C/C++:        |                                                ^
C/C++:        |                                                  _Nullable
C/C++: D:/Foundation-SM64/Android/app/.cxx/Debug/592n6c1o/arm64-v8a/_deps/vulkanmemoryallocator-src/include/vk_mem_alloc.h:10406:48: note: insert '_Nonnull' if the pointer should never be null
C/C++:  10406 |     void CalculateStatistics(VmaTotalStatistics* pStats);
C/C++:        |                                                ^
C/C++:        |                                                  _Nonnull
C/C++: D:/Foundation-SM64/Android/app/.cxx/Debug/592n6c1o/arm64-v8a/_deps/vulkanmemoryallocator-src/include/vk_mem_alloc.h:10409:18: warning: pointer is missing a nullability type specifier (_Nonnull, _Nullable, or _Null_unspecified) [-Wnullability-completeness]
C/C++:  10409 |         VmaBudget* outBudgets, uint32_t firstHeap, uint32_t heapCount);
C/C++:        |                  ^
C/C++: D:/Foundation-SM64/Android/app/.cxx/Debug/592n6c1o/arm64-v8a/_deps/vulkanmemoryallocator-src/include/vk_mem_alloc.h:10409:18: note: insert '_Nullable' if the pointer may be null
C/C++:  10409 |         VmaBudget* outBudgets, uint32_t firstHeap, uint32_t heapCount);
C/C++:        |                  ^
C/C++:        |                    _Nullable
C/C++: D:/Foundation-SM64/Android/app/.cxx/Debug/592n6c1o/arm64-v8a/_deps/vulkanmemoryallocator-src/include/vk_mem_alloc.h:10409:18: note: insert '_Nonnull' if the pointer should never be null
C/C++:  10409 |         VmaBudget* outBudgets, uint32_t firstHeap, uint32_t heapCount);
C/C++:        |                  ^
C/C++:        |                    _Nonnull
C/C++: D:/Foundation-SM64/Android/app/.cxx/Debug/592n6c1o/arm64-v8a/_deps/vulkanmemoryallocator-src/include/vk_mem_alloc.h:10415:35: warning: pointer is missing a nullability type specifier (_Nonnull, _Nullable, or _Null_unspecified) [-Wnullability-completeness]
C/C++:  10415 |     static void GetAllocationInfo(VmaAllocation hAllocation, VmaAllocationInfo* pAllocationInfo);
C/C++:        |                                   ^
C/C++: D:/Foundation-SM64/Android/app/.cxx/Debug/592n6c1o/arm64-v8a/_deps/vulkanmemoryallocator-src/include/vk_mem_alloc.h:10415:35: note: insert '_Nullable' if the pointer may be null
C/C++:  10415 |     static void GetAllocationInfo(VmaAllocation hAllocation, VmaAllocationInfo* pAllocationInfo);
C/C++:        |                                   ^
C/C++:        |                                                 _Nullable
C/C++: D:/Foundation-SM64/Android/app/.cxx/Debug/592n6c1o/arm64-v8a/_deps/vulkanmemoryallocator-src/include/vk_mem_alloc.h:10415:35: note: insert '_Nonnull' if the pointer should never be null
C/C++:  10415 |     static void GetAllocationInfo(VmaAllocation hAllocation, VmaAllocationInfo* pAllocationInfo);
C/C++:        |                                   ^
C/C++:        |                                                 _Nonnull
C/C++: D:/Foundation-SM64/Android/app/.cxx/Debug/592n6c1o/arm64-v8a/_deps/vulkanmemoryallocator-src/include/vk_mem_alloc.h:10415:79: warning: pointer is missing a nullability type specifier (_Nonnull, _Nullable, or _Null_unspecified) [-Wnullability-completeness]
C/C++:  10415 |     static void GetAllocationInfo(VmaAllocation hAllocation, VmaAllocationInfo* pAllocationInfo);
C/C++:        |                                                                               ^
C/C++: D:/Foundation-SM64/Android/app/.cxx/Debug/592n6c1o/arm64-v8a/_deps/vulkanmemoryallocator-src/include/vk_mem_alloc.h:10415:79: note: insert '_Nullable' if the pointer may be null
C/C++:  10415 |     static void GetAllocationInfo(VmaAllocation hAllocation, VmaAllocationInfo* pAllocationInfo);
C/C++:        |                                                                               ^
C/C++:        |                                                                                 _Nullable
C/C++: D:/Foundation-SM64/Android/app/.cxx/Debug/592n6c1o/arm64-v8a/_deps/vulkanmemoryallocator-src/include/vk_mem_alloc.h:10415:79: note: insert '_Nonnull' if the pointer should never be null
C/C++:  10415 |     static void GetAllocationInfo(VmaAllocation hAllocation, VmaAllocationInfo* pAllocationInfo);
C/C++:        |                                                                               ^
C/C++:        |                                                                                 _Nonnull
C/C++: D:/Foundation-SM64/Android/app/.cxx/Debug/592n6c1o/arm64-v8a/_deps/vulkanmemoryallocator-src/include/vk_mem_alloc.h:10416:36: warning: pointer is missing a nullability type specifier (_Nonnull, _Nullable, or _Null_unspecified) [-Wnullability-completeness]
C/C++:  10416 |     static void GetAllocationInfo2(VmaAllocation hAllocation, VmaAllocationInfo2* pAllocationInfo);
C/C++:        |                                    ^
C/C++: D:/Foundation-SM64/Android/app/.cxx/Debug/592n6c1o/arm64-v8a/_deps/vulkanmemoryallocator-src/include/vk_mem_alloc.h:10416:36: note: insert '_Nullable' if the pointer may be null
C/C++:  10416 |     static void GetAllocationInfo2(VmaAllocation hAllocation, VmaAllocationInfo2* pAllocationInfo);
C/C++:        |                                    ^
C/C++:        |                                                  _Nullable
C/C++: D:/Foundation-SM64/Android/app/.cxx/Debug/592n6c1o/arm64-v8a/_deps/vulkanmemoryallocator-src/include/vk_mem_alloc.h:10416:36: note: insert '_Nonnull' if the pointer should never be null
C/C++:  10416 |     static void GetAllocationInfo2(VmaAllocation hAllocation, VmaAllocationInfo2* pAllocationInfo);
C/C++:        |                                    ^
C/C++:        |                                                  _Nonnull
C/C++: D:/Foundation-SM64/Android/app/.cxx/Debug/592n6c1o/arm64-v8a/_deps/vulkanmemoryallocator-src/include/vk_mem_alloc.h:10416:81: warning: pointer is missing a nullability type specifier (_Nonnull, _Nullable, or _Null_unspecified) [-Wnullability-completeness]
C/C++:  10416 |     static void GetAllocationInfo2(VmaAllocation hAllocation, VmaAllocationInfo2* pAllocationInfo);
C/C++:        |                                                                                 ^
C/C++: D:/Foundation-SM64/Android/app/.cxx/Debug/592n6c1o/arm64-v8a/_deps/vulkanmemoryallocator-src/include/vk_mem_alloc.h:10416:81: note: insert '_Nullable' if the pointer may be null
C/C++:  10416 |     static void GetAllocationInfo2(VmaAllocation hAllocation, VmaAllocationInfo2* pAllocationInfo);
C/C++:        |                                                                                 ^
C/C++:        |                                                                                   _Nullable
C/C++: D:/Foundation-SM64/Android/app/.cxx/Debug/592n6c1o/arm64-v8a/_deps/vulkanmemoryallocator-src/include/vk_mem_alloc.h:10416:81: note: insert '_Nonnull' if the pointer should never be null
C/C++:  10416 |     static void GetAllocationInfo2(VmaAllocation hAllocation, VmaAllocationInfo2* pAllocationInfo);
C/C++:        |                                                                                 ^
C/C++:        |                                                                                   _Nonnull
C/C++: D:/Foundation-SM64/Android/app/.cxx/Debug/592n6c1o/arm64-v8a/_deps/vulkanmemoryallocator-src/include/vk_mem_alloc.h:10418:48: warning: pointer is missing a nullability type specifier (_Nonnull, _Nullable, or _Null_unspecified) [-Wnullability-completeness]
C/C++:  10418 |     VkResult CreatePool(const VmaPoolCreateInfo* pCreateInfo, VmaPool* pPool);
C/C++:        |                                                ^
C/C++: D:/Foundation-SM64/Android/app/.cxx/Debug/592n6c1o/arm64-v8a/_deps/vulkanmemoryallocator-src/include/vk_mem_alloc.h:10418:48: note: insert '_Nullable' if the pointer may be null
C/C++:  10418 |     VkResult CreatePool(const VmaPoolCreateInfo* pCreateInfo, VmaPool* pPool);
C/C++:        |                                                ^
C/C++:        |                                                  _Nullable
C/C++: D:/Foundation-SM64/Android/app/.cxx/Debug/592n6c1o/arm64-v8a/_deps/vulkanmemoryallocator-src/include/vk_mem_alloc.h:10418:48: note: insert '_Nonnull' if the pointer should never be null
C/C++:  10418 |     VkResult CreatePool(const VmaPoolCreateInfo* pCreateInfo, VmaPool* pPool);
C/C++:        |                                                ^
C/C++:        |                                                  _Nonnull
C/C++: D:/Foundation-SM64/Android/app/.cxx/Debug/592n6c1o/arm64-v8a/_deps/vulkanmemoryallocator-src/include/vk_mem_alloc.h:10418:63: warning: pointer is missing a nullability type specifier (_Nonnull, _Nullable, or _Null_unspecified) [-Wnullability-completeness]
C/C++:  10418 |     VkResult CreatePool(const VmaPoolCreateInfo* pCreateInfo, VmaPool* pPool);
C/C++:        |                                                               ^
C/C++: D:/Foundation-SM64/Android/app/.cxx/Debug/592n6c1o/arm64-v8a/_deps/vulkanmemoryallocator-src/include/vk_mem_alloc.h:10418:63: note: insert '_Nullable' if the pointer may be null
C/C++:  10418 |     VkResult CreatePool(const VmaPoolCreateInfo* pCreateInfo, VmaPool* pPool);
C/C++:        |                                                               ^      
C/C++:        |                                                                       _Nullable 
C/C++: D:/Foundation-SM64/Android/app/.cxx/Debug/592n6c1o/arm64-v8a/_deps/vulkanmemoryallocator-src/include/vk_mem_alloc.h:10418:63: note: insert '_Nonnull' if the pointer should never be null
C/C++:  10418 |     VkResult CreatePool(const VmaPoolCreateInfo* pCreateInfo, VmaPool* pPool);
C/C++:        |                                                               ^      
C/C++:        |                                                                       _Nonnull 
C/C++: D:/Foundation-SM64/Android/app/.cxx/Debug/592n6c1o/arm64-v8a/_deps/vulkanmemoryallocator-src/include/vk_mem_alloc.h:10418:70: warning: pointer is missing a nullability type specifier (_Nonnull, _Nullable, or _Null_unspecified) [-Wnullability-completeness]
C/C++:  10418 |     VkResult CreatePool(const VmaPoolCreateInfo* pCreateInfo, VmaPool* pPool);
C/C++:        |                                                                      ^
C/C++: D:/Foundation-SM64/Android/app/.cxx/Debug/592n6c1o/arm64-v8a/_deps/vulkanmemoryallocator-src/include/vk_mem_alloc.h:10418:70: note: insert '_Nullable' if the pointer may be null
C/C++:  10418 |     VkResult CreatePool(const VmaPoolCreateInfo* pCreateInfo, VmaPool* pPool);
C/C++:        |                                                                      ^
C/C++:        |                                                                        _Nullable
C/C++: D:/Foundation-SM64/Android/app/.cxx/Debug/592n6c1o/arm64-v8a/_deps/vulkanmemoryallocator-src/include/vk_mem_alloc.h:10418:70: note: insert '_Nonnull' if the pointer should never be null
C/C++:  10418 |     VkResult CreatePool(const VmaPoolCreateInfo* pCreateInfo, VmaPool* pPool);
C/C++:        |                                                                      ^
C/C++:        |                                                                        _Nonnull
C/C++: D:/Foundation-SM64/Android/app/.cxx/Debug/592n6c1o/arm64-v8a/_deps/vulkanmemoryallocator-src/include/vk_mem_alloc.h:10419:22: warning: pointer is missing a nullability type specifier (_Nonnull, _Nullable, or _Null_unspecified) [-Wnullability-completeness]
C/C++:  10419 |     void DestroyPool(VmaPool pool);
C/C++:        |                      ^
C/C++: D:/Foundation-SM64/Android/app/.cxx/Debug/592n6c1o/arm64-v8a/_deps/vulkanmemoryallocator-src/include/vk_mem_alloc.h:10419:22: note: insert '_Nullable' if the pointer may be null
C/C++:  10419 |     void DestroyPool(VmaPool pool);
C/C++:        |                      ^
C/C++:        |                              _Nullable
C/C++: D:/Foundation-SM64/Android/app/.cxx/Debug/592n6c1o/arm64-v8a/_deps/vulkanmemoryallocator-src/include/vk_mem_alloc.h:10419:22: note: insert '_Nonnull' if the pointer should never be null
C/C++:  10419 |     void DestroyPool(VmaPool pool);
C/C++:        |                      ^
C/C++:        |                              _Nonnull
C/C++: D:/Foundation-SM64/Android/app/.cxx/Debug/592n6c1o/arm64-v8a/_deps/vulkanmemoryallocator-src/include/vk_mem_alloc.h:10420:35: warning: pointer is missing a nullability type specifier (_Nonnull, _Nullable, or _Null_unspecified) [-Wnullability-completeness]
C/C++:  10420 |     static void GetPoolStatistics(VmaPool pool, VmaStatistics* pPoolStats);
C/C++:        |                                   ^
C/C++: D:/Foundation-SM64/Android/app/.cxx/Debug/592n6c1o/arm64-v8a/_deps/vulkanmemoryallocator-src/include/vk_mem_alloc.h:10420:35: note: insert '_Nullable' if the pointer may be null
C/C++:  10420 |     static void GetPoolStatistics(VmaPool pool, VmaStatistics* pPoolStats);
C/C++:        |                                   ^
C/C++:        |                                           _Nullable
C/C++: D:/Foundation-SM64/Android/app/.cxx/Debug/592n6c1o/arm64-v8a/_deps/vulkanmemoryallocator-src/include/vk_mem_alloc.h:10420:35: note: insert '_Nonnull' if the pointer should never be null
C/C++:  10420 |     static void GetPoolStatistics(VmaPool pool, VmaStatistics* pPoolStats);
C/C++:        |                                   ^
C/C++:        |                                           _Nonnull
C/C++: D:/Foundation-SM64/Android/app/.cxx/Debug/592n6c1o/arm64-v8a/_deps/vulkanmemoryallocator-src/include/vk_mem_alloc.h:10420:62: warning: pointer is missing a nullability type specifier (_Nonnull, _Nullable, or _Null_unspecified) [-Wnullability-completeness]
C/C++:  10420 |     static void GetPoolStatistics(VmaPool pool, VmaStatistics* pPoolStats);
C/C++:        |                                                              ^
C/C++: D:/Foundation-SM64/Android/app/.cxx/Debug/592n6c1o/arm64-v8a/_deps/vulkanmemoryallocator-src/include/vk_mem_alloc.h:10420:62: note: insert '_Nullable' if the pointer may be null
C/C++:  10420 |     static void GetPoolStatistics(VmaPool pool, VmaStatistics* pPoolStats);
C/C++:        |                                                              ^
C/C++:        |                                                                _Nullable
C/C++: D:/Foundation-SM64/Android/app/.cxx/Debug/592n6c1o/arm64-v8a/_deps/vulkanmemoryallocator-src/include/vk_mem_alloc.h:10420:62: note: insert '_Nonnull' if the pointer should never be null
C/C++:  10420 |     static void GetPoolStatistics(VmaPool pool, VmaStatistics* pPoolStats);
C/C++:        |                                                              ^
C/C++:        |                                                                _Nonnull
C/C++: D:/Foundation-SM64/Android/app/.cxx/Debug/592n6c1o/arm64-v8a/_deps/vulkanmemoryallocator-src/include/vk_mem_alloc.h:10421:41: warning: pointer is missing a nullability type specifier (_Nonnull, _Nullable, or _Null_unspecified) [-Wnullability-completeness]
C/C++:  10421 |     static void CalculatePoolStatistics(VmaPool pool, VmaDetailedStatistics* pPoolStats);
C/C++:        |                                         ^
C/C++: D:/Foundation-SM64/Android/app/.cxx/Debug/592n6c1o/arm64-v8a/_deps/vulkanmemoryallocator-src/include/vk_mem_alloc.h:10421:41: note: insert '_Nullable' if the pointer may be null
C/C++:  10421 |     static void CalculatePoolStatistics(VmaPool pool, VmaDetailedStatistics* pPoolStats);
C/C++:        |                                         ^
C/C++:        |                                                 _Nullable
C/C++: D:/Foundation-SM64/Android/app/.cxx/Debug/592n6c1o/arm64-v8a/_deps/vulkanmemoryallocator-src/include/vk_mem_alloc.h:10421:41: note: insert '_Nonnull' if the pointer should never be null
C/C++:  10421 |     static void CalculatePoolStatistics(VmaPool pool, VmaDetailedStatistics* pPoolStats);
C/C++:        |                                         ^
C/C++:        |                                                 _Nonnull
C/C++: D:/Foundation-SM64/Android/app/.cxx/Debug/592n6c1o/arm64-v8a/_deps/vulkanmemoryallocator-src/include/vk_mem_alloc.h:10421:76: warning: pointer is missing a nullability type specifier (_Nonnull, _Nullable, or _Null_unspecified) [-Wnullability-completeness]
C/C++:  10421 |     static void CalculatePoolStatistics(VmaPool pool, VmaDetailedStatistics* pPoolStats);
C/C++:        |                                                                            ^
C/C++: D:/Foundation-SM64/Android/app/.cxx/Debug/592n6c1o/arm64-v8a/_deps/vulkanmemoryallocator-src/include/vk_mem_alloc.h:10421:76: note: insert '_Nullable' if the pointer may be null
C/C++:  10421 |     static void CalculatePoolStatistics(VmaPool pool, VmaDetailedStatistics* pPoolStats);
C/C++:        |                                                                            ^
C/C++:        |                                                                              _Nullable
C/C++: D:/Foundation-SM64/Android/app/.cxx/Debug/592n6c1o/arm64-v8a/_deps/vulkanmemoryallocator-src/include/vk_mem_alloc.h:10421:76: note: insert '_Nonnull' if the pointer should never be null
C/C++:  10421 |     static void CalculatePoolStatistics(VmaPool pool, VmaDetailedStatistics* pPoolStats);
C/C++:        |                                                                            ^
C/C++:        |                                                                              _Nonnull
C/C++: D:/Foundation-SM64/Android/app/.cxx/Debug/592n6c1o/arm64-v8a/_deps/vulkanmemoryallocator-src/include/vk_mem_alloc.h:10426:41: warning: pointer is missing a nullability type specifier (_Nonnull, _Nullable, or _Null_unspecified) [-Wnullability-completeness]
C/C++:  10426 |     static VkResult CheckPoolCorruption(VmaPool hPool);
C/C++:        |                                         ^
C/C++: D:/Foundation-SM64/Android/app/.cxx/Debug/592n6c1o/arm64-v8a/_deps/vulkanmemoryallocator-src/include/vk_mem_alloc.h:10426:41: note: insert '_Nullable' if the pointer may be null
C/C++:  10426 |     static VkResult CheckPoolCorruption(VmaPool hPool);
C/C++:        |                                         ^
C/C++:        |                                                 _Nullable
C/C++: D:/Foundation-SM64/Android/app/.cxx/Debug/592n6c1o/arm64-v8a/_deps/vulkanmemoryallocator-src/include/vk_mem_alloc.h:10426:41: note: insert '_Nonnull' if the pointer should never be null
C/C++:  10426 |     static VkResult CheckPoolCorruption(VmaPool hPool);
C/C++:        |                                         ^
C/C++:        |                                                 _Nonnull
C/C++: D:/Foundation-SM64/Android/app/.cxx/Debug/592n6c1o/arm64-v8a/_deps/vulkanmemoryallocator-src/include/vk_mem_alloc.h:10430:61: warning: pointer is missing a nullability type specifier (_Nonnull, _Nullable, or _Null_unspecified) [-Wnullability-completeness]
C/C++:  10430 |     VkResult AllocateVulkanMemory(const VkMemoryAllocateInfo* pAllocateInfo, VkDeviceMemory* pMemory);
C/C++:        |                                                             ^
C/C++: D:/Foundation-SM64/Android/app/.cxx/Debug/592n6c1o/arm64-v8a/_deps/vulkanmemoryallocator-src/include/vk_mem_alloc.h:10430:61: note: insert '_Nullable' if the pointer may be null
C/C++:  10430 |     VkResult AllocateVulkanMemory(const VkMemoryAllocateInfo* pAllocateInfo, VkDeviceMemory* pMemory);
C/C++:        |                                                             ^
C/C++:        |                                                               _Nullable
C/C++: D:/Foundation-SM64/Android/app/.cxx/Debug/592n6c1o/arm64-v8a/_deps/vulkanmemoryallocator-src/include/vk_mem_alloc.h:10430:61: note: insert '_Nonnull' if the pointer should never be null
C/C++:  10430 |     VkResult AllocateVulkanMemory(const VkMemoryAllocateInfo* pAllocateInfo, VkDeviceMemory* pMemory);
C/C++:        |                                                             ^
C/C++:        |                                                               _Nonnull
C/C++: D:/Foundation-SM64/Android/app/.cxx/Debug/592n6c1o/arm64-v8a/_deps/vulkanmemoryallocator-src/include/vk_mem_alloc.h:10430:78: warning: pointer is missing a nullability type specifier (_Nonnull, _Nullable, or _Null_unspecified) [-Wnullability-completeness]
C/C++:  10430 |     VkResult AllocateVulkanMemory(const VkMemoryAllocateInfo* pAllocateInfo, VkDeviceMemory* pMemory);
C/C++:        |                                                                              ^
C/C++: D:/Foundation-SM64/Android/app/.cxx/Debug/592n6c1o/arm64-v8a/_deps/vulkanmemoryallocator-src/include/vk_mem_alloc.h:10430:78: note: insert '_Nullable' if the pointer may be null
C/C++:  10430 |     VkResult AllocateVulkanMemory(const VkMemoryAllocateInfo* pAllocateInfo, VkDeviceMemory* pMemory);
C/C++:        |                                                                              ^             
C/C++:        |                                                                                             _Nullable 
C/C++: D:/Foundation-SM64/Android/app/.cxx/Debug/592n6c1o/arm64-v8a/_deps/vulkanmemoryallocator-src/include/vk_mem_alloc.h:10430:78: note: insert '_Nonnull' if the pointer should never be null
C/C++:  10430 |     VkResult AllocateVulkanMemory(const VkMemoryAllocateInfo* pAllocateInfo, VkDeviceMemory* pMemory);
C/C++:        |                                                                              ^             
C/C++:        |                                                                                             _Nonnull 
C/C++: D:/Foundation-SM64/Android/app/.cxx/Debug/592n6c1o/arm64-v8a/_deps/vulkanmemoryallocator-src/include/vk_mem_alloc.h:10430:92: warning: pointer is missing a nullability type specifier (_Nonnull, _Nullable, or _Null_unspecified) [-Wnullability-completeness]
C/C++:  10430 |     VkResult AllocateVulkanMemory(const VkMemoryAllocateInfo* pAllocateInfo, VkDeviceMemory* pMemory);
C/C++:        |                                                                                            ^
C/C++: D:/Foundation-SM64/Android/app/.cxx/Debug/592n6c1o/arm64-v8a/_deps/vulkanmemoryallocator-src/include/vk_mem_alloc.h:10430:92: note: insert '_Nullable' if the pointer may be null
C/C++:  10430 |     VkResult AllocateVulkanMemory(const VkMemoryAllocateInfo* pAllocateInfo, VkDeviceMemory* pMemory);
C/C++:        |                                                                                            ^
C/C++:        |                                                                                              _Nullable
C/C++: D:/Foundation-SM64/Android/app/.cxx/Debug/592n6c1o/arm64-v8a/_deps/vulkanmemoryallocator-src/include/vk_mem_alloc.h:10430:92: note: insert '_Nonnull' if the pointer should never be null
C/C++:  10430 |     VkResult AllocateVulkanMemory(const VkMemoryAllocateInfo* pAllocateInfo, VkDeviceMemory* pMemory);
C/C++:        |                                                                                            ^
C/C++:        |                                                                                              _Nonnull
C/C++: D:/Foundation-SM64/Android/app/.cxx/Debug/592n6c1o/arm64-v8a/_deps/vulkanmemoryallocator-src/include/vk_mem_alloc.h:10432:67: warning: pointer is missing a nullability type specifier (_Nonnull, _Nullable, or _Null_unspecified) [-Wnullability-completeness]
C/C++:  10432 |     void FreeVulkanMemory(uint32_t memoryType, VkDeviceSize size, VkDeviceMemory hMemory);
C/C++:        |                                                                   ^
C/C++: D:/Foundation-SM64/Android/app/.cxx/Debug/592n6c1o/arm64-v8a/_deps/vulkanmemoryallocator-src/include/vk_mem_alloc.h:10432:67: note: insert '_Nullable' if the pointer may be null
C/C++:  10432 |     void FreeVulkanMemory(uint32_t memoryType, VkDeviceSize size, VkDeviceMemory hMemory);
C/C++:        |                                                                   ^
C/C++:        |                                                                                  _Nullable
C/C++: D:/Foundation-SM64/Android/app/.cxx/Debug/592n6c1o/arm64-v8a/_deps/vulkanmemoryallocator-src/include/vk_mem_alloc.h:10432:67: note: insert '_Nonnull' if the pointer should never be null
C/C++:  10432 |     void FreeVulkanMemory(uint32_t memoryType, VkDeviceSize size, VkDeviceMemory hMemory);
C/C++:        |                                                                   ^
C/C++:        |                                                                                  _Nonnull
C/C++: D:/Foundation-SM64/Android/app/.cxx/Debug/592n6c1o/arm64-v8a/_deps/vulkanmemoryallocator-src/include/vk_mem_alloc.h:10435:9: warning: pointer is missing a nullability type specifier (_Nonnull, _Nullable, or _Null_unspecified) [-Wnullability-completeness]
C/C++:  10435 |         VkDeviceMemory memory,
C/C++:        |         ^
C/C++: D:/Foundation-SM64/Android/app/.cxx/Debug/592n6c1o/arm64-v8a/_deps/vulkanmemoryallocator-src/include/vk_mem_alloc.h:10435:9: note: insert '_Nullable' if the pointer may be null
C/C++:  10435 |         VkDeviceMemory memory,
C/C++:        |         ^
C/C++:        |                        _Nullable
C/C++: D:/Foundation-SM64/Android/app/.cxx/Debug/592n6c1o/arm64-v8a/_deps/vulkanmemoryallocator-src/include/vk_mem_alloc.h:10435:9: note: insert '_Nonnull' if the pointer should never be null
C/C++:  10435 |         VkDeviceMemory memory,
C/C++:        |         ^
C/C++:        |                        _Nonnull
C/C++: D:/Foundation-SM64/Android/app/.cxx/Debug/592n6c1o/arm64-v8a/_deps/vulkanmemoryallocator-src/include/vk_mem_alloc.h:10437:9: warning: pointer is missing a nullability type specifier (_Nonnull, _Nullable, or _Null_unspecified) [-Wnullability-completeness]
C/C++:  10437 |         VkBuffer buffer,
C/C++:        |         ^
C/C++: D:/Foundation-SM64/Android/app/.cxx/Debug/592n6c1o/arm64-v8a/_deps/vulkanmemoryallocator-src/include/vk_mem_alloc.h:10437:9: note: insert '_Nullable' if the pointer may be null
C/C++:  10437 |         VkBuffer buffer,
C/C++:        |         ^
C/C++:        |                  _Nullable
C/C++: D:/Foundation-SM64/Android/app/.cxx/Debug/592n6c1o/arm64-v8a/_deps/vulkanmemoryallocator-src/include/vk_mem_alloc.h:10437:9: note: insert '_Nonnull' if the pointer should never be null
C/C++:  10437 |         VkBuffer buffer,
C/C++:        |         ^
C/C++:        |                  _Nonnull
C/C++: D:/Foundation-SM64/Android/app/.cxx/Debug/592n6c1o/arm64-v8a/_deps/vulkanmemoryallocator-src/include/vk_mem_alloc.h:10438:19: warning: pointer is missing a nullability type specifier (_Nonnull, _Nullable, or _Null_unspecified) [-Wnullability-completeness]
C/C++:  10438 |         const void* pNext) const;
C/C++:        |                   ^
C/C++: D:/Foundation-SM64/Android/app/.cxx/Debug/592n6c1o/arm64-v8a/_deps/vulkanmemoryallocator-src/include/vk_mem_alloc.h:10438:19: note: insert '_Nullable' if the pointer may be null
C/C++:  10438 |         const void* pNext) const;
C/C++:        |                   ^
C/C++:        |                     _Nullable
C/C++: D:/Foundation-SM64/Android/app/.cxx/Debug/592n6c1o/arm64-v8a/_deps/vulkanmemoryallocator-src/include/vk_mem_alloc.h:10438:19: note: insert '_Nonnull' if the pointer should never be null
C/C++:  10438 |         const void* pNext) const;
C/C++:        |                   ^
C/C++:        |                     _Nonnull
C/C++: D:/Foundation-SM64/Android/app/.cxx/Debug/592n6c1o/arm64-v8a/_deps/vulkanmemoryallocator-src/include/vk_mem_alloc.h:10441:9: warning: pointer is missing a nullability type specifier (_Nonnull, _Nullable, or _Null_unspecified) [-Wnullability-completeness]
C/C++:  10441 |         VkDeviceMemory memory,
C/C++:        |         ^
C/C++: D:/Foundation-SM64/Android/app/.cxx/Debug/592n6c1o/arm64-v8a/_deps/vulkanmemoryallocator-src/include/vk_mem_alloc.h:10441:9: note: insert '_Nullable' if the pointer may be null
C/C++:  10441 |         VkDeviceMemory memory,
C/C++:        |         ^
C/C++:        |                        _Nullable
C/C++: D:/Foundation-SM64/Android/app/.cxx/Debug/592n6c1o/arm64-v8a/_deps/vulkanmemoryallocator-src/include/vk_mem_alloc.h:10441:9: note: insert '_Nonnull' if the pointer should never be null
C/C++:  10441 |         VkDeviceMemory memory,
C/C++:        |         ^
C/C++:        |                        _Nonnull
C/C++: D:/Foundation-SM64/Android/app/.cxx/Debug/592n6c1o/arm64-v8a/_deps/vulkanmemoryallocator-src/include/vk_mem_alloc.h:10443:9: warning: pointer is missing a nullability type specifier (_Nonnull, _Nullable, or _Null_unspecified) [-Wnullability-completeness]
C/C++:  10443 |         VkImage image,
C/C++:        |         ^
C/C++: D:/Foundation-SM64/Android/app/.cxx/Debug/592n6c1o/arm64-v8a/_deps/vulkanmemoryallocator-src/include/vk_mem_alloc.h:10443:9: note: insert '_Nullable' if the pointer may be null
C/C++:  10443 |         VkImage image,
C/C++:        |         ^
C/C++:        |                 _Nullable
C/C++: D:/Foundation-SM64/Android/app/.cxx/Debug/592n6c1o/arm64-v8a/_deps/vulkanmemoryallocator-src/include/vk_mem_alloc.h:10443:9: note: insert '_Nonnull' if the pointer should never be null
C/C++:  10443 |         VkImage image,
C/C++:        |         ^
C/C++:        |                 _Nonnull
C/C++: D:/Foundation-SM64/Android/app/.cxx/Debug/592n6c1o/arm64-v8a/_deps/vulkanmemoryallocator-src/include/vk_mem_alloc.h:10444:19: warning: pointer is missing a nullability type specifier (_Nonnull, _Nullable, or _Null_unspecified) [-Wnullability-completeness]
C/C++:  10444 |         const void* pNext) const;
C/C++:        |                   ^
C/C++: D:/Foundation-SM64/Android/app/.cxx/Debug/592n6c1o/arm64-v8a/_deps/vulkanmemoryallocator-src/include/vk_mem_alloc.h:10444:19: note: insert '_Nullable' if the pointer may be null
C/C++:  10444 |         const void* pNext) const;
C/C++:        |                   ^
C/C++:        |                     _Nullable
C/C++: D:/Foundation-SM64/Android/app/.cxx/Debug/592n6c1o/arm64-v8a/_deps/vulkanmemoryallocator-src/include/vk_mem_alloc.h:10444:19: note: insert '_Nonnull' if the pointer should never be null
C/C++:  10444 |         const void* pNext) const;
C/C++:        |                   ^
C/C++:        |                     _Nonnull
C/C++: D:/Foundation-SM64/Android/app/.cxx/Debug/592n6c1o/arm64-v8a/_deps/vulkanmemoryallocator-src/include/vk_mem_alloc.h:10446:18: warning: pointer is missing a nullability type specifier (_Nonnull, _Nullable, or _Null_unspecified) [-Wnullability-completeness]
C/C++:  10446 |     VkResult Map(VmaAllocation hAllocation, void** ppData);
C/C++:        |                  ^
C/C++: D:/Foundation-SM64/Android/app/.cxx/Debug/592n6c1o/arm64-v8a/_deps/vulkanmemoryallocator-src/include/vk_mem_alloc.h:10446:18: note: insert '_Nullable' if the pointer may be null
C/C++:  10446 |     VkResult Map(VmaAllocation hAllocation, void** ppData);
C/C++:        |                  ^
C/C++:        |                                _Nullable
C/C++: D:/Foundation-SM64/Android/app/.cxx/Debug/592n6c1o/arm64-v8a/_deps/vulkanmemoryallocator-src/include/vk_mem_alloc.h:10446:18: note: insert '_Nonnull' if the pointer should never be null
C/C++:  10446 |     VkResult Map(VmaAllocation hAllocation, void** ppData);
C/C++:        |                  ^
C/C++:        |                                _Nonnull
C/C++: D:/Foundation-SM64/Android/app/.cxx/Debug/592n6c1o/arm64-v8a/_deps/vulkanmemoryallocator-src/include/vk_mem_alloc.h:10446:49: warning: pointer is missing a nullability type specifier (_Nonnull, _Nullable, or _Null_unspecified) [-Wnullability-completeness]
C/C++:  10446 |     VkResult Map(VmaAllocation hAllocation, void** ppData);
C/C++:        |                                                 ^
C/C++: D:/Foundation-SM64/Android/app/.cxx/Debug/592n6c1o/arm64-v8a/_deps/vulkanmemoryallocator-src/include/vk_mem_alloc.h:10446:49: note: insert '_Nullable' if the pointer may be null
C/C++:  10446 |     VkResult Map(VmaAllocation hAllocation, void** ppData);
C/C++:        |                                                 ^
C/C++:        |                                                  _Nullable
C/C++: D:/Foundation-SM64/Android/app/.cxx/Debug/592n6c1o/arm64-v8a/_deps/vulkanmemoryallocator-src/include/vk_mem_alloc.h:10446:49: note: insert '_Nonnull' if the pointer should never be null
C/C++:  10446 |     VkResult Map(VmaAllocation hAllocation, void** ppData);
C/C++:        |                                                 ^
C/C++:        |                                                  _Nonnull
C/C++: D:/Foundation-SM64/Android/app/.cxx/Debug/592n6c1o/arm64-v8a/_deps/vulkanmemoryallocator-src/include/vk_mem_alloc.h:10446:50: warning: pointer is missing a nullability type specifier (_Nonnull, _Nullable, or _Null_unspecified) [-Wnullability-completeness]
C/C++:  10446 |     VkResult Map(VmaAllocation hAllocation, void** ppData);
C/C++:        |                                                  ^
C/C++: D:/Foundation-SM64/Android/app/.cxx/Debug/592n6c1o/arm64-v8a/_deps/vulkanmemoryallocator-src/include/vk_mem_alloc.h:10446:50: note: insert '_Nullable' if the pointer may be null
C/C++:  10446 |     VkResult Map(VmaAllocation hAllocation, void** ppData);
C/C++:        |                                                  ^
C/C++:        |                                                    _Nullable
C/C++: D:/Foundation-SM64/Android/app/.cxx/Debug/592n6c1o/arm64-v8a/_deps/vulkanmemoryallocator-src/include/vk_mem_alloc.h:10446:50: note: insert '_Nonnull' if the pointer should never be null
C/C++:  10446 |     VkResult Map(VmaAllocation hAllocation, void** ppData);
C/C++:        |                                                  ^
C/C++:        |                                                    _Nonnull
C/C++: D:/Foundation-SM64/Android/app/.cxx/Debug/592n6c1o/arm64-v8a/_deps/vulkanmemoryallocator-src/include/vk_mem_alloc.h:10447:16: warning: pointer is missing a nullability type specifier (_Nonnull, _Nullable, or _Null_unspecified) [-Wnullability-completeness]
C/C++:  10447 |     void Unmap(VmaAllocation hAllocation);
C/C++:        |                ^
C/C++: D:/Foundation-SM64/Android/app/.cxx/Debug/592n6c1o/arm64-v8a/_deps/vulkanmemoryallocator-src/include/vk_mem_alloc.h:10447:16: note: insert '_Nullable' if the pointer may be null
C/C++:  10447 |     void Unmap(VmaAllocation hAllocation);
C/C++:        |                ^
C/C++:        |                              _Nullable
C/C++: D:/Foundation-SM64/Android/app/.cxx/Debug/592n6c1o/arm64-v8a/_deps/vulkanmemoryallocator-src/include/vk_mem_alloc.h:10447:16: note: insert '_Nonnull' if the pointer should never be null
C/C++:  10447 |     void Unmap(VmaAllocation hAllocation);
C/C++:        |                ^
C/C++:        |                              _Nonnull
C/C++: D:/Foundation-SM64/Android/app/.cxx/Debug/592n6c1o/arm64-v8a/_deps/vulkanmemoryallocator-src/include/vk_mem_alloc.h:10450:9: warning: pointer is missing a nullability type specifier (_Nonnull, _Nullable, or _Null_unspecified) [-Wnullability-completeness]
C/C++:  10450 |         VmaAllocation hAllocation,
C/C++:        |         ^
C/C++: D:/Foundation-SM64/Android/app/.cxx/Debug/592n6c1o/arm64-v8a/_deps/vulkanmemoryallocator-src/include/vk_mem_alloc.h:10450:9: note: insert '_Nullable' if the pointer may be null
C/C++:  10450 |         VmaAllocation hAllocation,
C/C++:        |         ^
C/C++:        |                       _Nullable
C/C++: D:/Foundation-SM64/Android/app/.cxx/Debug/592n6c1o/arm64-v8a/_deps/vulkanmemoryallocator-src/include/vk_mem_alloc.h:10450:9: note: insert '_Nonnull' if the pointer should never be null
C/C++:  10450 |         VmaAllocation hAllocation,
C/C++:        |         ^
C/C++:        |                       _Nonnull
C/C++: D:/Foundation-SM64/Android/app/.cxx/Debug/592n6c1o/arm64-v8a/_deps/vulkanmemoryallocator-src/include/vk_mem_alloc.h:10452:9: warning: pointer is missing a nullability type specifier (_Nonnull, _Nullable, or _Null_unspecified) [-Wnullability-completeness]
C/C++:  10452 |         VkBuffer hBuffer,
C/C++:        |         ^
C/C++: D:/Foundation-SM64/Android/app/.cxx/Debug/592n6c1o/arm64-v8a/_deps/vulkanmemoryallocator-src/include/vk_mem_alloc.h:10452:9: note: insert '_Nullable' if the pointer may be null
C/C++:  10452 |         VkBuffer hBuffer,
C/C++:        |         ^
C/C++:        |                  _Nullable
C/C++: D:/Foundation-SM64/Android/app/.cxx/Debug/592n6c1o/arm64-v8a/_deps/vulkanmemoryallocator-src/include/vk_mem_alloc.h:10452:9: note: insert '_Nonnull' if the pointer should never be null
C/C++:  10452 |         VkBuffer hBuffer,
C/C++:        |         ^
C/C++:        |                  _Nonnull
C/C++: D:/Foundation-SM64/Android/app/.cxx/Debug/592n6c1o/arm64-v8a/_deps/vulkanmemoryallocator-src/include/vk_mem_alloc.h:10453:19: warning: pointer is missing a nullability type specifier (_Nonnull, _Nullable, or _Null_unspecified) [-Wnullability-completeness]
C/C++:  10453 |         const void* pNext);
C/C++:        |                   ^
C/C++: D:/Foundation-SM64/Android/app/.cxx/Debug/592n6c1o/arm64-v8a/_deps/vulkanmemoryallocator-src/include/vk_mem_alloc.h:10453:19: note: insert '_Nullable' if the pointer may be null
C/C++:  10453 |         const void* pNext);
C/C++:        |                   ^
C/C++:        |                     _Nullable
C/C++: D:/Foundation-SM64/Android/app/.cxx/Debug/592n6c1o/arm64-v8a/_deps/vulkanmemoryallocator-src/include/vk_mem_alloc.h:10453:19: note: insert '_Nonnull' if the pointer should never be null
C/C++:  10453 |         const void* pNext);
C/C++:        |                   ^
C/C++:        |                     _Nonnull
C/C++: D:/Foundation-SM64/Android/app/.cxx/Debug/592n6c1o/arm64-v8a/_deps/vulkanmemoryallocator-src/include/vk_mem_alloc.h:10455:9: warning: pointer is missing a nullability type specifier (_Nonnull, _Nullable, or _Null_unspecified) [-Wnullability-completeness]
C/C++:  10455 |         VmaAllocation hAllocation,
C/C++:        |         ^
C/C++: D:/Foundation-SM64/Android/app/.cxx/Debug/592n6c1o/arm64-v8a/_deps/vulkanmemoryallocator-src/include/vk_mem_alloc.h:10455:9: note: insert '_Nullable' if the pointer may be null
C/C++:  10455 |         VmaAllocation hAllocation,
C/C++:        |         ^
C/C++:        |                       _Nullable
C/C++: D:/Foundation-SM64/Android/app/.cxx/Debug/592n6c1o/arm64-v8a/_deps/vulkanmemoryallocator-src/include/vk_mem_alloc.h:10455:9: note: insert '_Nonnull' if the pointer should never be null
C/C++:  10455 |         VmaAllocation hAllocation,
C/C++:        |         ^
C/C++:        |                       _Nonnull
C/C++: D:/Foundation-SM64/Android/app/.cxx/Debug/592n6c1o/arm64-v8a/_deps/vulkanmemoryallocator-src/include/vk_mem_alloc.h:10457:9: warning: pointer is missing a nullability type specifier (_Nonnull, _Nullable, or _Null_unspecified) [-Wnullability-completeness]
C/C++:  10457 |         VkImage hImage,
C/C++:        |         ^
C/C++: D:/Foundation-SM64/Android/app/.cxx/Debug/592n6c1o/arm64-v8a/_deps/vulkanmemoryallocator-src/include/vk_mem_alloc.h:10457:9: note: insert '_Nullable' if the pointer may be null
C/C++:  10457 |         VkImage hImage,
C/C++:        |         ^
C/C++:        |                 _Nullable
C/C++: D:/Foundation-SM64/Android/app/.cxx/Debug/592n6c1o/arm64-v8a/_deps/vulkanmemoryallocator-src/include/vk_mem_alloc.h:10457:9: note: insert '_Nonnull' if the pointer should never be null
C/C++:  10457 |         VkImage hImage,
C/C++:        |         ^
C/C++:        |                 _Nonnull
C/C++: D:/Foundation-SM64/Android/app/.cxx/Debug/592n6c1o/arm64-v8a/_deps/vulkanmemoryallocator-src/include/vk_mem_alloc.h:10458:19: warning: pointer is missing a nullability type specifier (_Nonnull, _Nullable, or _Null_unspecified) [-Wnullability-completeness]
C/C++:  10458 |         const void* pNext);
C/C++:        |                   ^
C/C++: D:/Foundation-SM64/Android/app/.cxx/Debug/592n6c1o/arm64-v8a/_deps/vulkanmemoryallocator-src/include/vk_mem_alloc.h:10458:19: note: insert '_Nullable' if the pointer may be null
C/C++:  10458 |         const void* pNext);
C/C++:        |                   ^
C/C++:        |                     _Nullable
C/C++: D:/Foundation-SM64/Android/app/.cxx/Debug/592n6c1o/arm64-v8a/_deps/vulkanmemoryallocator-src/include/vk_mem_alloc.h:10458:19: note: insert '_Nonnull' if the pointer should never be null
C/C++:  10458 |         const void* pNext);
C/C++:        |                   ^
C/C++:        |                     _Nonnull
C/C++: D:/Foundation-SM64/Android/app/.cxx/Debug/592n6c1o/arm64-v8a/_deps/vulkanmemoryallocator-src/include/vk_mem_alloc.h:10461:9: warning: pointer is missing a nullability type specifier (_Nonnull, _Nullable, or _Null_unspecified) [-Wnullability-completeness]
C/C++:  10461 |         VmaAllocation hAllocation,
C/C++:        |         ^
C/C++: D:/Foundation-SM64/Android/app/.cxx/Debug/592n6c1o/arm64-v8a/_deps/vulkanmemoryallocator-src/include/vk_mem_alloc.h:10461:9: note: insert '_Nullable' if the pointer may be null
C/C++:  10461 |         VmaAllocation hAllocation,
C/C++:        |         ^
C/C++:        |                       _Nullable
C/C++: D:/Foundation-SM64/Android/app/.cxx/Debug/592n6c1o/arm64-v8a/_deps/vulkanmemoryallocator-src/include/vk_mem_alloc.h:10461:9: note: insert '_Nonnull' if the pointer should never be null
C/C++:  10461 |         VmaAllocation hAllocation,
C/C++:        |         ^
C/C++:        |                       _Nonnull
C/C++: D:/Foundation-SM64/Android/app/.cxx/Debug/592n6c1o/arm64-v8a/_deps/vulkanmemoryallocator-src/include/vk_mem_alloc.h:10466:15: warning: pointer is missing a nullability type specifier (_Nonnull, _Nullable, or _Null_unspecified) [-Wnullability-completeness]
C/C++:  10466 |         const VmaAllocation* allocations,
C/C++:        |               ^
C/C++: D:/Foundation-SM64/Android/app/.cxx/Debug/592n6c1o/arm64-v8a/_deps/vulkanmemoryallocator-src/include/vk_mem_alloc.h:10466:15: note: insert '_Nullable' if the pointer may be null
C/C++:  10466 |         const VmaAllocation* allocations,
C/C++:        |               ^            
C/C++:        |                             _Nullable 
C/C++: D:/Foundation-SM64/Android/app/.cxx/Debug/592n6c1o/arm64-v8a/_deps/vulkanmemoryallocator-src/include/vk_mem_alloc.h:10466:15: note: insert '_Nonnull' if the pointer should never be null
C/C++:  10466 |         const VmaAllocation* allocations,
C/C++:        |               ^            
C/C++:        |                             _Nonnull 
C/C++: D:/Foundation-SM64/Android/app/.cxx/Debug/592n6c1o/arm64-v8a/_deps/vulkanmemoryallocator-src/include/vk_mem_alloc.h:10466:28: warning: pointer is missing a nullability type specifier (_Nonnull, _Nullable, or _Null_unspecified) [-Wnullability-completeness]
C/C++:  10466 |         const VmaAllocation* allocations,
C/C++:        |                            ^
C/C++: D:/Foundation-SM64/Android/app/.cxx/Debug/592n6c1o/arm64-v8a/_deps/vulkanmemoryallocator-src/include/vk_mem_alloc.h:10466:28: note: insert '_Nullable' if the pointer may be null
C/C++:  10466 |         const VmaAllocation* allocations,
C/C++:        |                            ^
C/C++:        |                              _Nullable
C/C++: D:/Foundation-SM64/Android/app/.cxx/Debug/592n6c1o/arm64-v8a/_deps/vulkanmemoryallocator-src/include/vk_mem_alloc.h:10466:28: note: insert '_Nonnull' if the pointer should never be null
C/C++:  10466 |         const VmaAllocation* allocations,
C/C++:        |                            ^
C/C++:        |                              _Nonnull
C/C++: D:/Foundation-SM64/Android/app/.cxx/Debug/592n6c1o/arm64-v8a/_deps/vulkanmemoryallocator-src/include/vk_mem_alloc.h:10467:27: warning: pointer is missing a nullability type specifier (_Nonnull, _Nullable, or _Null_unspecified) [-Wnullability-completeness]
C/C++:  10467 |         const VkDeviceSize* offsets, const VkDeviceSize* sizes,
C/C++:        |                           ^
C/C++: D:/Foundation-SM64/Android/app/.cxx/Debug/592n6c1o/arm64-v8a/_deps/vulkanmemoryallocator-src/include/vk_mem_alloc.h:10467:27: note: insert '_Nullable' if the pointer may be null
C/C++:  10467 |         const VkDeviceSize* offsets, const VkDeviceSize* sizes,
C/C++:        |                           ^
C/C++:        |                             _Nullable
C/C++: D:/Foundation-SM64/Android/app/.cxx/Debug/592n6c1o/arm64-v8a/_deps/vulkanmemoryallocator-src/include/vk_mem_alloc.h:10467:27: note: insert '_Nonnull' if the pointer should never be null
C/C++:  10467 |         const VkDeviceSize* offsets, const VkDeviceSize* sizes,
C/C++:        |                           ^
C/C++:        |                             _Nonnull
C/C++: D:/Foundation-SM64/Android/app/.cxx/Debug/592n6c1o/arm64-v8a/_deps/vulkanmemoryallocator-src/include/vk_mem_alloc.h:10467:56: warning: pointer is missing a nullability type specifier (_Nonnull, _Nullable, or _Null_unspecified) [-Wnullability-completeness]
C/C++:  10467 |         const VkDeviceSize* offsets, const VkDeviceSize* sizes,
C/C++:        |                                                        ^
C/C++: D:/Foundation-SM64/Android/app/.cxx/Debug/592n6c1o/arm64-v8a/_deps/vulkanmemoryallocator-src/include/vk_mem_alloc.h:10467:56: note: insert '_Nullable' if the pointer may be null
C/C++:  10467 |         const VkDeviceSize* offsets, const VkDeviceSize* sizes,
C/C++:        |                                                        ^
C/C++:        |                                                          _Nullable
C/C++: D:/Foundation-SM64/Android/app/.cxx/Debug/592n6c1o/arm64-v8a/_deps/vulkanmemoryallocator-src/include/vk_mem_alloc.h:10467:56: note: insert '_Nonnull' if the pointer should never be null
C/C++:  10467 |         const VkDeviceSize* offsets, const VkDeviceSize* sizes,
C/C++:        |                                                        ^
C/C++:        |                                                          _Nonnull
C/C++: D:/Foundation-SM64/Android/app/.cxx/Debug/592n6c1o/arm64-v8a/_deps/vulkanmemoryallocator-src/include/vk_mem_alloc.h:10471:19: warning: pointer is missing a nullability type specifier (_Nonnull, _Nullable, or _Null_unspecified) [-Wnullability-completeness]
C/C++:  10471 |         const void* pSrcHostPointer,
C/C++:        |                   ^
C/C++: D:/Foundation-SM64/Android/app/.cxx/Debug/592n6c1o/arm64-v8a/_deps/vulkanmemoryallocator-src/include/vk_mem_alloc.h:10471:19: note: insert '_Nullable' if the pointer may be null
C/C++:  10471 |         const void* pSrcHostPointer,
C/C++:        |                   ^
C/C++:        |                     _Nullable
C/C++: D:/Foundation-SM64/Android/app/.cxx/Debug/592n6c1o/arm64-v8a/_deps/vulkanmemoryallocator-src/include/vk_mem_alloc.h:10471:19: note: insert '_Nonnull' if the pointer should never be null
C/C++:  10471 |         const void* pSrcHostPointer,
C/C++:        |                   ^
C/C++:        |                     _Nonnull
C/C++: D:/Foundation-SM64/Android/app/.cxx/Debug/592n6c1o/arm64-v8a/_deps/vulkanmemoryallocator-src/include/vk_mem_alloc.h:10472:9: warning: pointer is missing a nullability type specifier (_Nonnull, _Nullable, or _Null_unspecified) [-Wnullability-completeness]
C/C++:  10472 |         VmaAllocation dstAllocation,
C/C++:        |         ^
C/C++: D:/Foundation-SM64/Android/app/.cxx/Debug/592n6c1o/arm64-v8a/_deps/vulkanmemoryallocator-src/include/vk_mem_alloc.h:10472:9: note: insert '_Nullable' if the pointer may be null
C/C++:  10472 |         VmaAllocation dstAllocation,
C/C++:        |         ^
C/C++:        |                       _Nullable
C/C++: D:/Foundation-SM64/Android/app/.cxx/Debug/592n6c1o/arm64-v8a/_deps/vulkanmemoryallocator-src/include/vk_mem_alloc.h:10472:9: note: insert '_Nonnull' if the pointer should never be null
C/C++:  10472 |         VmaAllocation dstAllocation,
C/C++:        |         ^
C/C++:        |                       _Nonnull
C/C++: D:/Foundation-SM64/Android/app/.cxx/Debug/592n6c1o/arm64-v8a/_deps/vulkanmemoryallocator-src/include/vk_mem_alloc.h:10476:9: warning: pointer is missing a nullability type specifier (_Nonnull, _Nullable, or _Null_unspecified) [-Wnullability-completeness]
C/C++:  10476 |         VmaAllocation srcAllocation,
C/C++:        |         ^
C/C++: D:/Foundation-SM64/Android/app/.cxx/Debug/592n6c1o/arm64-v8a/_deps/vulkanmemoryallocator-src/include/vk_mem_alloc.h:10476:9: note: insert '_Nullable' if the pointer may be null
C/C++:  10476 |         VmaAllocation srcAllocation,
C/C++:        |         ^
C/C++:        |                       _Nullable
C/C++: D:/Foundation-SM64/Android/app/.cxx/Debug/592n6c1o/arm64-v8a/_deps/vulkanmemoryallocator-src/include/vk_mem_alloc.h:10476:9: note: insert '_Nonnull' if the pointer should never be null
C/C++:  10476 |         VmaAllocation srcAllocation,
C/C++:        |         ^
C/C++:        |                       _Nonnull
C/C++: D:/Foundation-SM64/Android/app/.cxx/Debug/592n6c1o/arm64-v8a/_deps/vulkanmemoryallocator-src/include/vk_mem_alloc.h:10478:13: warning: pointer is missing a nullability type specifier (_Nonnull, _Nullable, or _Null_unspecified) [-Wnullability-completeness]
C/C++:  10478 |         void* pDstHostPointer,
C/C++:        |             ^
C/C++: D:/Foundation-SM64/Android/app/.cxx/Debug/592n6c1o/arm64-v8a/_deps/vulkanmemoryallocator-src/include/vk_mem_alloc.h:10478:13: note: insert '_Nullable' if the pointer may be null
C/C++:  10478 |         void* pDstHostPointer,
C/C++:        |             ^
C/C++:        |               _Nullable
C/C++: D:/Foundation-SM64/Android/app/.cxx/Debug/592n6c1o/arm64-v8a/_deps/vulkanmemoryallocator-src/include/vk_mem_alloc.h:10478:13: note: insert '_Nonnull' if the pointer should never be null
C/C++:  10478 |         void* pDstHostPointer,
C/C++:        |             ^
C/C++:        |               _Nonnull
C/C++: D:/Foundation-SM64/Android/app/.cxx/Debug/592n6c1o/arm64-v8a/_deps/vulkanmemoryallocator-src/include/vk_mem_alloc.h:10481:25: warning: pointer is missing a nullability type specifier (_Nonnull, _Nullable, or _Null_unspecified) [-Wnullability-completeness]
C/C++:  10481 |     void FillAllocation(VmaAllocation hAllocation, uint8_t pattern);
C/C++:        |                         ^
C/C++: D:/Foundation-SM64/Android/app/.cxx/Debug/592n6c1o/arm64-v8a/_deps/vulkanmemoryallocator-src/include/vk_mem_alloc.h:10481:25: note: insert '_Nullable' if the pointer may be null
C/C++:  10481 |     void FillAllocation(VmaAllocation hAllocation, uint8_t pattern);
C/C++:        |                         ^
C/C++:        |                                       _Nullable
C/C++: D:/Foundation-SM64/Android/app/.cxx/Debug/592n6c1o/arm64-v8a/_deps/vulkanmemoryallocator-src/include/vk_mem_alloc.h:10481:25: note: insert '_Nonnull' if the pointer should never be null
C/C++:  10481 |     void FillAllocation(VmaAllocation hAllocation, uint8_t pattern);
C/C++:        |                         ^
C/C++:        |                                       _Nonnull
C/C++: D:/Foundation-SM64/Android/app/.cxx/Debug/592n6c1o/arm64-v8a/_deps/vulkanmemoryallocator-src/include/vk_mem_alloc.h:10499:5: warning: pointer is missing a nullability type specifier (_Nonnull, _Nullable, or _Null_unspecified) [-Wnullability-completeness]
C/C++:  10499 |     VkPhysicalDevice m_PhysicalDevice;
C/C++:        |     ^
C/C++: D:/Foundation-SM64/Android/app/.cxx/Debug/592n6c1o/arm64-v8a/_deps/vulkanmemoryallocator-src/include/vk_mem_alloc.h:10499:5: note: insert '_Nullable' if the pointer may be null
C/C++:  10499 |     VkPhysicalDevice m_PhysicalDevice;
C/C++:        |     ^
C/C++:        |                      _Nullable
C/C++: D:/Foundation-SM64/Android/app/.cxx/Debug/592n6c1o/arm64-v8a/_deps/vulkanmemoryallocator-src/include/vk_mem_alloc.h:10499:5: note: insert '_Nonnull' if the pointer should never be null
C/C++:  10499 |     VkPhysicalDevice m_PhysicalDevice;
C/C++:        |     ^
C/C++:        |                      _Nonnull
C/C++: D:/Foundation-SM64/Android/app/.cxx/Debug/592n6c1o/arm64-v8a/_deps/vulkanmemoryallocator-src/include/vk_mem_alloc.h:10517:56: warning: pointer is missing a nullability type specifier (_Nonnull, _Nullable, or _Null_unspecified) [-Wnullability-completeness]
C/C++:  10517 |     void ImportVulkanFunctions(const VmaVulkanFunctions* pVulkanFunctions);
C/C++:        |                                                        ^
C/C++: D:/Foundation-SM64/Android/app/.cxx/Debug/592n6c1o/arm64-v8a/_deps/vulkanmemoryallocator-src/include/vk_mem_alloc.h:10517:56: note: insert '_Nullable' if the pointer may be null
C/C++:  10517 |     void ImportVulkanFunctions(const VmaVulkanFunctions* pVulkanFunctions);
C/C++:        |                                                        ^
C/C++:        |                                                          _Nullable
C/C++: D:/Foundation-SM64/Android/app/.cxx/Debug/592n6c1o/arm64-v8a/_deps/vulkanmemoryallocator-src/include/vk_mem_alloc.h:10517:56: note: insert '_Nonnull' if the pointer should never be null
C/C++:  10517 |     void ImportVulkanFunctions(const VmaVulkanFunctions* pVulkanFunctions);
C/C++:        |                                                        ^
C/C++:        |                                                          _Nonnull
C/C++: D:/Foundation-SM64/Android/app/.cxx/Debug/592n6c1o/arm64-v8a/_deps/vulkanmemoryallocator-src/include/vk_mem_alloc.h:10523:63: warning: pointer is missing a nullability type specifier (_Nonnull, _Nullable, or _Null_unspecified) [-Wnullability-completeness]
C/C++:  10523 |     void ImportVulkanFunctions_Custom(const VmaVulkanFunctions* pVulkanFunctions);
C/C++:        |                                                               ^
C/C++: D:/Foundation-SM64/Android/app/.cxx/Debug/592n6c1o/arm64-v8a/_deps/vulkanmemoryallocator-src/include/vk_mem_alloc.h:10523:63: note: insert '_Nullable' if the pointer may be null
C/C++:  10523 |     void ImportVulkanFunctions_Custom(const VmaVulkanFunctions* pVulkanFunctions);
C/C++:        |                                                               ^
C/C++:        |                                                                 _Nullable
C/C++: D:/Foundation-SM64/Android/app/.cxx/Debug/592n6c1o/arm64-v8a/_deps/vulkanmemoryallocator-src/include/vk_mem_alloc.h:10523:63: note: insert '_Nonnull' if the pointer should never be null
C/C++:  10523 |     void ImportVulkanFunctions_Custom(const VmaVulkanFunctions* pVulkanFunctions);
C/C++:        |                                                               ^
C/C++:        |                                                                 _Nonnull
C/C++: D:/Foundation-SM64/Android/app/.cxx/Debug/592n6c1o/arm64-v8a/_deps/vulkanmemoryallocator-src/include/vk_mem_alloc.h:10534:9: warning: pointer is missing a nullability type specifier (_Nonnull, _Nullable, or _Null_unspecified) [-Wnullability-completeness]
C/C++:  10534 |         VmaPool pool,
C/C++:        |         ^
C/C++: D:/Foundation-SM64/Android/app/.cxx/Debug/592n6c1o/arm64-v8a/_deps/vulkanmemoryallocator-src/include/vk_mem_alloc.h:10534:9: note: insert '_Nullable' if the pointer may be null
C/C++:  10534 |         VmaPool pool,
C/C++:        |         ^
C/C++:        |                 _Nullable
C/C++: D:/Foundation-SM64/Android/app/.cxx/Debug/592n6c1o/arm64-v8a/_deps/vulkanmemoryallocator-src/include/vk_mem_alloc.h:10534:9: note: insert '_Nonnull' if the pointer should never be null
C/C++:  10534 |         VmaPool pool,
C/C++:        |         ^
C/C++:        |                 _Nonnull
C/C++: D:/Foundation-SM64/Android/app/.cxx/Debug/592n6c1o/arm64-v8a/_deps/vulkanmemoryallocator-src/include/vk_mem_alloc.h:10538:9: warning: pointer is missing a nullability type specifier (_Nonnull, _Nullable, or _Null_unspecified) [-Wnullability-completeness]
C/C++:  10538 |         VkBuffer dedicatedBuffer,
C/C++:        |         ^
C/C++: D:/Foundation-SM64/Android/app/.cxx/Debug/592n6c1o/arm64-v8a/_deps/vulkanmemoryallocator-src/include/vk_mem_alloc.h:10538:9: note: insert '_Nullable' if the pointer may be null
C/C++:  10538 |         VkBuffer dedicatedBuffer,
C/C++:        |         ^
C/C++:        |                  _Nullable
C/C++: D:/Foundation-SM64/Android/app/.cxx/Debug/592n6c1o/arm64-v8a/_deps/vulkanmemoryallocator-src/include/vk_mem_alloc.h:10538:9: note: insert '_Nonnull' if the pointer should never be null
C/C++:  10538 |         VkBuffer dedicatedBuffer,
C/C++:        |         ^
C/C++:        |                  _Nonnull
C/C++: D:/Foundation-SM64/Android/app/.cxx/Debug/592n6c1o/arm64-v8a/_deps/vulkanmemoryallocator-src/include/vk_mem_alloc.h:10539:9: warning: pointer is missing a nullability type specifier (_Nonnull, _Nullable, or _Null_unspecified) [-Wnullability-completeness]
C/C++:  10539 |         VkImage dedicatedImage,
C/C++:        |         ^
C/C++: D:/Foundation-SM64/Android/app/.cxx/Debug/592n6c1o/arm64-v8a/_deps/vulkanmemoryallocator-src/include/vk_mem_alloc.h:10539:9: note: insert '_Nullable' if the pointer may be null
C/C++:  10539 |         VkImage dedicatedImage,
C/C++:        |         ^
C/C++:        |                 _Nullable
C/C++: D:/Foundation-SM64/Android/app/.cxx/Debug/592n6c1o/arm64-v8a/_deps/vulkanmemoryallocator-src/include/vk_mem_alloc.h:10539:9: note: insert '_Nonnull' if the pointer should never be null
C/C++:  10539 |         VkImage dedicatedImage,
C/C++:        |         ^
C/C++:        |                 _Nonnull
C/C++: D:/Foundation-SM64/Android/app/.cxx/Debug/592n6c1o/arm64-v8a/_deps/vulkanmemoryallocator-src/include/vk_mem_alloc.h:10547:9: warning: pointer is missing a nullability type specifier (_Nonnull, _Nullable, or _Null_unspecified) [-Wnullability-completeness]
C/C++:  10547 |         VmaAllocation* pAllocations);
C/C++:        |         ^
C/C++: D:/Foundation-SM64/Android/app/.cxx/Debug/592n6c1o/arm64-v8a/_deps/vulkanmemoryallocator-src/include/vk_mem_alloc.h:10547:9: note: insert '_Nullable' if the pointer may be null
C/C++:  10547 |         VmaAllocation* pAllocations);
C/C++:        |         ^            
C/C++:        |                       _Nullable 
C/C++: D:/Foundation-SM64/Android/app/.cxx/Debug/592n6c1o/arm64-v8a/_deps/vulkanmemoryallocator-src/include/vk_mem_alloc.h:10547:9: note: insert '_Nonnull' if the pointer should never be null
C/C++:  10547 |         VmaAllocation* pAllocations);
C/C++:        |         ^            
C/C++:        |                       _Nonnull 
C/C++: D:/Foundation-SM64/Android/app/.cxx/Debug/592n6c1o/arm64-v8a/_deps/vulkanmemoryallocator-src/include/vk_mem_alloc.h:10547:22: warning: pointer is missing a nullability type specifier (_Nonnull, _Nullable, or _Null_unspecified) [-Wnullability-completeness]
C/C++:  10547 |         VmaAllocation* pAllocations);
C/C++:        |                      ^
C/C++: D:/Foundation-SM64/Android/app/.cxx/Debug/592n6c1o/arm64-v8a/_deps/vulkanmemoryallocator-src/include/vk_mem_alloc.h:10547:22: note: insert '_Nullable' if the pointer may be null
C/C++:  10547 |         VmaAllocation* pAllocations);
C/C++:        |                      ^
C/C++:        |                        _Nullable
C/C++: D:/Foundation-SM64/Android/app/.cxx/Debug/592n6c1o/arm64-v8a/_deps/vulkanmemoryallocator-src/include/vk_mem_alloc.h:10547:22: note: insert '_Nonnull' if the pointer should never be null
C/C++:  10547 |         VmaAllocation* pAllocations);
C/C++:        |                      ^
C/C++:        |                        _Nonnull
C/C++: D:/Foundation-SM64/Android/app/.cxx/Debug/592n6c1o/arm64-v8a/_deps/vulkanmemoryallocator-src/include/vk_mem_alloc.h:10551:9: warning: pointer is missing a nullability type specifier (_Nonnull, _Nullable, or _Null_unspecified) [-Wnullability-completeness]
C/C++:  10551 |         VmaPool pool,
C/C++:        |         ^
C/C++: D:/Foundation-SM64/Android/app/.cxx/Debug/592n6c1o/arm64-v8a/_deps/vulkanmemoryallocator-src/include/vk_mem_alloc.h:10551:9: note: insert '_Nullable' if the pointer may be null
C/C++:  10551 |         VmaPool pool,
C/C++:        |         ^
C/C++:        |                 _Nullable
C/C++: D:/Foundation-SM64/Android/app/.cxx/Debug/592n6c1o/arm64-v8a/_deps/vulkanmemoryallocator-src/include/vk_mem_alloc.h:10551:9: note: insert '_Nonnull' if the pointer should never be null
C/C++:  10551 |         VmaPool pool,
C/C++:        |         ^
C/C++:        |                 _Nonnull
C/C++: D:/Foundation-SM64/Android/app/.cxx/Debug/592n6c1o/arm64-v8a/_deps/vulkanmemoryallocator-src/include/vk_mem_alloc.h:10559:13: warning: pointer is missing a nullability type specifier (_Nonnull, _Nullable, or _Null_unspecified) [-Wnullability-completeness]
C/C++:  10559 |         void* pUserData,
C/C++:        |             ^
C/C++: D:/Foundation-SM64/Android/app/.cxx/Debug/592n6c1o/arm64-v8a/_deps/vulkanmemoryallocator-src/include/vk_mem_alloc.h:10559:13: note: insert '_Nullable' if the pointer may be null
C/C++:  10559 |         void* pUserData,
C/C++:        |             ^
C/C++:        |               _Nullable
C/C++: D:/Foundation-SM64/Android/app/.cxx/Debug/592n6c1o/arm64-v8a/_deps/vulkanmemoryallocator-src/include/vk_mem_alloc.h:10559:13: note: insert '_Nonnull' if the pointer should never be null
C/C++:  10559 |         void* pUserData,
C/C++:        |             ^
C/C++:        |               _Nonnull
C/C++: D:/Foundation-SM64/Android/app/.cxx/Debug/592n6c1o/arm64-v8a/_deps/vulkanmemoryallocator-src/include/vk_mem_alloc.h:10560:9: warning: pointer is missing a nullability type specifier (_Nonnull, _Nullable, or _Null_unspecified) [-Wnullability-completeness]
C/C++:  10560 |         VmaAllocation* pAllocation);
C/C++:        |         ^
C/C++: D:/Foundation-SM64/Android/app/.cxx/Debug/592n6c1o/arm64-v8a/_deps/vulkanmemoryallocator-src/include/vk_mem_alloc.h:10560:9: note: insert '_Nullable' if the pointer may be null
C/C++:  10560 |         VmaAllocation* pAllocation);
C/C++:        |         ^            
C/C++:        |                       _Nullable 
C/C++: D:/Foundation-SM64/Android/app/.cxx/Debug/592n6c1o/arm64-v8a/_deps/vulkanmemoryallocator-src/include/vk_mem_alloc.h:10560:9: note: insert '_Nonnull' if the pointer should never be null
C/C++:  10560 |         VmaAllocation* pAllocation);
C/C++:        |         ^            
C/C++:        |                       _Nonnull 
C/C++: D:/Foundation-SM64/Android/app/.cxx/Debug/592n6c1o/arm64-v8a/_deps/vulkanmemoryallocator-src/include/vk_mem_alloc.h:10560:22: warning: pointer is missing a nullability type specifier (_Nonnull, _Nullable, or _Null_unspecified) [-Wnullability-completeness]
C/C++:  10560 |         VmaAllocation* pAllocation);
C/C++:        |                      ^
C/C++: D:/Foundation-SM64/Android/app/.cxx/Debug/592n6c1o/arm64-v8a/_deps/vulkanmemoryallocator-src/include/vk_mem_alloc.h:10560:22: note: insert '_Nullable' if the pointer may be null
C/C++:  10560 |         VmaAllocation* pAllocation);
C/C++:        |                      ^
C/C++:        |                        _Nullable
C/C++: D:/Foundation-SM64/Android/app/.cxx/Debug/592n6c1o/arm64-v8a/_deps/vulkanmemoryallocator-src/include/vk_mem_alloc.h:10560:22: note: insert '_Nonnull' if the pointer should never be null
C/C++:  10560 |         VmaAllocation* pAllocation);
C/C++:        |                      ^
C/C++:        |                        _Nonnull
C/C++: D:/Foundation-SM64/Android/app/.cxx/Debug/592n6c1o/arm64-v8a/_deps/vulkanmemoryallocator-src/include/vk_mem_alloc.h:10564:9: warning: pointer is missing a nullability type specifier (_Nonnull, _Nullable, or _Null_unspecified) [-Wnullability-completeness]
C/C++:  10564 |         VmaPool pool,
C/C++:        |         ^
C/C++: D:/Foundation-SM64/Android/app/.cxx/Debug/592n6c1o/arm64-v8a/_deps/vulkanmemoryallocator-src/include/vk_mem_alloc.h:10564:9: note: insert '_Nullable' if the pointer may be null
C/C++:  10564 |         VmaPool pool,
C/C++:        |         ^
C/C++:        |                 _Nullable
C/C++: D:/Foundation-SM64/Android/app/.cxx/Debug/592n6c1o/arm64-v8a/_deps/vulkanmemoryallocator-src/include/vk_mem_alloc.h:10564:9: note: insert '_Nonnull' if the pointer should never be null
C/C++:  10564 |         VmaPool pool,
C/C++:        |         ^
C/C++:        |                 _Nonnull
C/C++: D:/Foundation-SM64/Android/app/.cxx/Debug/592n6c1o/arm64-v8a/_deps/vulkanmemoryallocator-src/include/vk_mem_alloc.h:10573:13: warning: pointer is missing a nullability type specifier (_Nonnull, _Nullable, or _Null_unspecified) [-Wnullability-completeness]
C/C++:  10573 |         void* pUserData,
C/C++:        |             ^
C/C++: D:/Foundation-SM64/Android/app/.cxx/Debug/592n6c1o/arm64-v8a/_deps/vulkanmemoryallocator-src/include/vk_mem_alloc.h:10573:13: note: insert '_Nullable' if the pointer may be null
C/C++:  10573 |         void* pUserData,
C/C++:        |             ^
C/C++:        |               _Nullable
C/C++: D:/Foundation-SM64/Android/app/.cxx/Debug/592n6c1o/arm64-v8a/_deps/vulkanmemoryallocator-src/include/vk_mem_alloc.h:10573:13: note: insert '_Nonnull' if the pointer should never be null
C/C++:  10573 |         void* pUserData,
C/C++:        |             ^
C/C++:        |               _Nonnull
C/C++: D:/Foundation-SM64/Android/app/.cxx/Debug/592n6c1o/arm64-v8a/_deps/vulkanmemoryallocator-src/include/vk_mem_alloc.h:10575:9: warning: pointer is missing a nullability type specifier (_Nonnull, _Nullable, or _Null_unspecified) [-Wnullability-completeness]
C/C++:  10575 |         VkBuffer dedicatedBuffer,
C/C++:        |         ^
C/C++: D:/Foundation-SM64/Android/app/.cxx/Debug/592n6c1o/arm64-v8a/_deps/vulkanmemoryallocator-src/include/vk_mem_alloc.h:10575:9: note: insert '_Nullable' if the pointer may be null
C/C++:  10575 |         VkBuffer dedicatedBuffer,
C/C++:        |         ^
C/C++:        |                  _Nullable
C/C++: D:/Foundation-SM64/Android/app/.cxx/Debug/592n6c1o/arm64-v8a/_deps/vulkanmemoryallocator-src/include/vk_mem_alloc.h:10575:9: note: insert '_Nonnull' if the pointer should never be null
C/C++:  10575 |         VkBuffer dedicatedBuffer,
C/C++:        |         ^
C/C++:        |                  _Nonnull
C/C++: D:/Foundation-SM64/Android/app/.cxx/Debug/592n6c1o/arm64-v8a/_deps/vulkanmemoryallocator-src/include/vk_mem_alloc.h:10576:9: warning: pointer is missing a nullability type specifier (_Nonnull, _Nullable, or _Null_unspecified) [-Wnullability-completeness]
C/C++:  10576 |         VkImage dedicatedImage,
C/C++:        |         ^
C/C++: D:/Foundation-SM64/Android/app/.cxx/Debug/592n6c1o/arm64-v8a/_deps/vulkanmemoryallocator-src/include/vk_mem_alloc.h:10576:9: note: insert '_Nullable' if the pointer may be null
C/C++:  10576 |         VkImage dedicatedImage,
C/C++:        |         ^
C/C++:        |                 _Nullable
C/C++: D:/Foundation-SM64/Android/app/.cxx/Debug/592n6c1o/arm64-v8a/_deps/vulkanmemoryallocator-src/include/vk_mem_alloc.h:10576:9: note: insert '_Nonnull' if the pointer should never be null
C/C++:  10576 |         VkImage dedicatedImage,
C/C++:        |         ^
C/C++:        |                 _Nonnull
C/C++: D:/Foundation-SM64/Android/app/.cxx/Debug/592n6c1o/arm64-v8a/_deps/vulkanmemoryallocator-src/include/vk_mem_alloc.h:10579:9: warning: pointer is missing a nullability type specifier (_Nonnull, _Nullable, or _Null_unspecified) [-Wnullability-completeness]
C/C++:  10579 |         VmaAllocation* pAllocations,
C/C++:        |         ^
C/C++: D:/Foundation-SM64/Android/app/.cxx/Debug/592n6c1o/arm64-v8a/_deps/vulkanmemoryallocator-src/include/vk_mem_alloc.h:10579:9: note: insert '_Nullable' if the pointer may be null
C/C++:  10579 |         VmaAllocation* pAllocations,
C/C++:        |         ^            
C/C++:        |                       _Nullable 
C/C++: D:/Foundation-SM64/Android/app/.cxx/Debug/592n6c1o/arm64-v8a/_deps/vulkanmemoryallocator-src/include/vk_mem_alloc.h:10579:9: note: insert '_Nonnull' if the pointer should never be null
C/C++:  10579 |         VmaAllocation* pAllocations,
C/C++:        |         ^            
C/C++:        |                       _Nonnull 
C/C++: D:/Foundation-SM64/Android/app/.cxx/Debug/592n6c1o/arm64-v8a/_deps/vulkanmemoryallocator-src/include/vk_mem_alloc.h:10579:22: warning: pointer is missing a nullability type specifier (_Nonnull, _Nullable, or _Null_unspecified) [-Wnullability-completeness]
C/C++:  10579 |         VmaAllocation* pAllocations,
C/C++:        |                      ^
C/C++: D:/Foundation-SM64/Android/app/.cxx/Debug/592n6c1o/arm64-v8a/_deps/vulkanmemoryallocator-src/include/vk_mem_alloc.h:10579:22: note: insert '_Nullable' if the pointer may be null
C/C++:  10579 |         VmaAllocation* pAllocations,
C/C++:        |                      ^
C/C++:        |                        _Nullable
C/C++: D:/Foundation-SM64/Android/app/.cxx/Debug/592n6c1o/arm64-v8a/_deps/vulkanmemoryallocator-src/include/vk_mem_alloc.h:10579:22: note: insert '_Nonnull' if the pointer should never be null
C/C++:  10579 |         VmaAllocation* pAllocations,
C/C++:        |                      ^
C/C++:        |                        _Nonnull
C/C++: D:/Foundation-SM64/Android/app/.cxx/Debug/592n6c1o/arm64-v8a/_deps/vulkanmemoryallocator-src/include/vk_mem_alloc.h:10580:19: warning: pointer is missing a nullability type specifier (_Nonnull, _Nullable, or _Null_unspecified) [-Wnullability-completeness]
C/C++:  10580 |         const void* pNextChain = VMA_NULL);
C/C++:        |                   ^
C/C++: D:/Foundation-SM64/Android/app/.cxx/Debug/592n6c1o/arm64-v8a/_deps/vulkanmemoryallocator-src/include/vk_mem_alloc.h:10580:19: note: insert '_Nullable' if the pointer may be null
C/C++:  10580 |         const void* pNextChain = VMA_NULL);
C/C++:        |                   ^
C/C++:        |                     _Nullable
C/C++: D:/Foundation-SM64/Android/app/.cxx/Debug/592n6c1o/arm64-v8a/_deps/vulkanmemoryallocator-src/include/vk_mem_alloc.h:10580:19: note: insert '_Nonnull' if the pointer should never be null
C/C++:  10580 |         const void* pNextChain = VMA_NULL);
C/C++:        |                   ^
C/C++:        |                     _Nonnull
C/C++: D:/Foundation-SM64/Android/app/.cxx/Debug/592n6c1o/arm64-v8a/_deps/vulkanmemoryallocator-src/include/vk_mem_alloc.h:10582:30: warning: pointer is missing a nullability type specifier (_Nonnull, _Nullable, or _Null_unspecified) [-Wnullability-completeness]
C/C++:  10582 |     void FreeDedicatedMemory(VmaAllocation allocation);
C/C++:        |                              ^
C/C++: D:/Foundation-SM64/Android/app/.cxx/Debug/592n6c1o/arm64-v8a/_deps/vulkanmemoryallocator-src/include/vk_mem_alloc.h:10582:30: note: insert '_Nullable' if the pointer may be null
C/C++:  10582 |     void FreeDedicatedMemory(VmaAllocation allocation);
C/C++:        |                              ^
C/C++:        |                                            _Nullable
C/C++: D:/Foundation-SM64/Android/app/.cxx/Debug/592n6c1o/arm64-v8a/_deps/vulkanmemoryallocator-src/include/vk_mem_alloc.h:10582:30: note: insert '_Nonnull' if the pointer should never be null
C/C++:  10582 |     void FreeDedicatedMemory(VmaAllocation allocation);
C/C++:        |                              ^
C/C++:        |                                            _Nonnull
C/C++: D:/Foundation-SM64/Android/app/.cxx/Debug/592n6c1o/arm64-v8a/_deps/vulkanmemoryallocator-src/include/vk_mem_alloc.h:10601:9: warning: pointer is missing a nullability type specifier (_Nonnull, _Nullable, or _Null_unspecified) [-Wnullability-completeness]
C/C++:  10601 |         VmaAllocation allocation,
C/C++:        |         ^
C/C++: D:/Foundation-SM64/Android/app/.cxx/Debug/592n6c1o/arm64-v8a/_deps/vulkanmemoryallocator-src/include/vk_mem_alloc.h:10601:9: note: insert '_Nullable' if the pointer may be null
C/C++:  10601 |         VmaAllocation allocation,
C/C++:        |         ^
C/C++:        |                       _Nullable
C/C++: D:/Foundation-SM64/Android/app/.cxx/Debug/592n6c1o/arm64-v8a/_deps/vulkanmemoryallocator-src/include/vk_mem_alloc.h:10601:9: note: insert '_Nonnull' if the pointer should never be null
C/C++:  10601 |         VmaAllocation allocation,
C/C++:        |         ^
C/C++:        |                       _Nonnull
C/C++: D:/Foundation-SM64/Android/app/.cxx/Debug/592n6c1o/arm64-v8a/_deps/vulkanmemoryallocator-src/include/vk_mem_alloc.h:10612:24: warning: pointer is missing a nullability type specifier (_Nonnull, _Nullable, or _Null_unspecified) [-Wnullability-completeness]
C/C++:  10612 | static void* VmaMalloc(VmaAllocator hAllocator, size_t size, size_t alignment)
C/C++:        |                        ^
C/C++: D:/Foundation-SM64/Android/app/.cxx/Debug/592n6c1o/arm64-v8a/_deps/vulkanmemoryallocator-src/include/vk_mem_alloc.h:10612:24: note: insert '_Nullable' if the pointer may be null
C/C++:  10612 | static void* VmaMalloc(VmaAllocator hAllocator, size_t size, size_t alignment)
C/C++:        |                        ^
C/C++:        |                                     _Nullable
C/C++: D:/Foundation-SM64/Android/app/.cxx/Debug/592n6c1o/arm64-v8a/_deps/vulkanmemoryallocator-src/include/vk_mem_alloc.h:10612:24: note: insert '_Nonnull' if the pointer should never be null
C/C++:  10612 | static void* VmaMalloc(VmaAllocator hAllocator, size_t size, size_t alignment)
C/C++:        |                        ^
C/C++:        |                                     _Nonnull
C/C++: D:/Foundation-SM64/Android/app/.cxx/Debug/592n6c1o/arm64-v8a/_deps/vulkanmemoryallocator-src/include/vk_mem_alloc.h:10612:12: warning: pointer is missing a nullability type specifier (_Nonnull, _Nullable, or _Null_unspecified) [-Wnullability-completeness]
C/C++:  10612 | static void* VmaMalloc(VmaAllocator hAllocator, size_t size, size_t alignment)
C/C++:        |            ^
C/C++: D:/Foundation-SM64/Android/app/.cxx/Debug/592n6c1o/arm64-v8a/_deps/vulkanmemoryallocator-src/include/vk_mem_alloc.h:10612:12: note: insert '_Nullable' if the pointer may be null
C/C++:  10612 | static void* VmaMalloc(VmaAllocator hAllocator, size_t size, size_t alignment)
C/C++:        |            ^
C/C++:        |              _Nullable
C/C++: D:/Foundation-SM64/Android/app/.cxx/Debug/592n6c1o/arm64-v8a/_deps/vulkanmemoryallocator-src/include/vk_mem_alloc.h:10612:12: note: insert '_Nonnull' if the pointer should never be null
C/C++:  10612 | static void* VmaMalloc(VmaAllocator hAllocator, size_t size, size_t alignment)
C/C++:        |            ^
C/C++:        |              _Nonnull
C/C++: D:/Foundation-SM64/Android/app/.cxx/Debug/592n6c1o/arm64-v8a/_deps/vulkanmemoryallocator-src/include/vk_mem_alloc.h:10617:21: warning: pointer is missing a nullability type specifier (_Nonnull, _Nullable, or _Null_unspecified) [-Wnullability-completeness]
C/C++:  10617 | static void VmaFree(VmaAllocator hAllocator, void* ptr)
C/C++:        |                     ^
C/C++: D:/Foundation-SM64/Android/app/.cxx/Debug/592n6c1o/arm64-v8a/_deps/vulkanmemoryallocator-src/include/vk_mem_alloc.h:10617:21: note: insert '_Nullable' if the pointer may be null
C/C++:  10617 | static void VmaFree(VmaAllocator hAllocator, void* ptr)
C/C++:        |                     ^
C/C++:        |                                  _Nullable
C/C++: D:/Foundation-SM64/Android/app/.cxx/Debug/592n6c1o/arm64-v8a/_deps/vulkanmemoryallocator-src/include/vk_mem_alloc.h:10617:21: note: insert '_Nonnull' if the pointer should never be null
C/C++:  10617 | static void VmaFree(VmaAllocator hAllocator, void* ptr)
C/C++:        |                     ^
C/C++:        |                                  _Nonnull
C/C++: D:/Foundation-SM64/Android/app/.cxx/Debug/592n6c1o/arm64-v8a/_deps/vulkanmemoryallocator-src/include/vk_mem_alloc.h:10617:50: warning: pointer is missing a nullability type specifier (_Nonnull, _Nullable, or _Null_unspecified) [-Wnullability-completeness]
C/C++:  10617 | static void VmaFree(VmaAllocator hAllocator, void* ptr)
C/C++:        |                                                  ^
C/C++: D:/Foundation-SM64/Android/app/.cxx/Debug/592n6c1o/arm64-v8a/_deps/vulkanmemoryallocator-src/include/vk_mem_alloc.h:10617:50: note: insert '_Nullable' if the pointer may be null
C/C++:  10617 | static void VmaFree(VmaAllocator hAllocator, void* ptr)
C/C++:        |                                                  ^
C/C++:        |                                                    _Nullable
C/C++: D:/Foundation-SM64/Android/app/.cxx/Debug/592n6c1o/arm64-v8a/_deps/vulkanmemoryallocator-src/include/vk_mem_alloc.h:10617:50: note: insert '_Nonnull' if the pointer should never be null
C/C++:  10617 | static void VmaFree(VmaAllocator hAllocator, void* ptr)
C/C++:        |                                                  ^
C/C++:        |                                                    _Nonnull
C/C++: D:/Foundation-SM64/Android/app/.cxx/Debug/592n6c1o/arm64-v8a/_deps/vulkanmemoryallocator-src/include/vk_mem_alloc.h:10623:23: warning: pointer is missing a nullability type specifier (_Nonnull, _Nullable, or _Null_unspecified) [-Wnullability-completeness]
C/C++:  10623 | static T* VmaAllocate(VmaAllocator hAllocator)
C/C++:        |                       ^
C/C++: D:/Foundation-SM64/Android/app/.cxx/Debug/592n6c1o/arm64-v8a/_deps/vulkanmemoryallocator-src/include/vk_mem_alloc.h:10623:23: note: insert '_Nullable' if the pointer may be null
C/C++:  10623 | static T* VmaAllocate(VmaAllocator hAllocator)
C/C++:        |                       ^
C/C++:        |                                    _Nullable
C/C++: D:/Foundation-SM64/Android/app/.cxx/Debug/592n6c1o/arm64-v8a/_deps/vulkanmemoryallocator-src/include/vk_mem_alloc.h:10623:23: note: insert '_Nonnull' if the pointer should never be null
C/C++:  10623 | static T* VmaAllocate(VmaAllocator hAllocator)
C/C++:        |                       ^
C/C++:        |                                    _Nonnull
C/C++: D:/Foundation-SM64/Android/app/.cxx/Debug/592n6c1o/arm64-v8a/_deps/vulkanmemoryallocator-src/include/vk_mem_alloc.h:10623:9: warning: pointer is missing a nullability type specifier (_Nonnull, _Nullable, or _Null_unspecified) [-Wnullability-completeness]
C/C++:  10623 | static T* VmaAllocate(VmaAllocator hAllocator)
C/C++:        |         ^
C/C++: D:/Foundation-SM64/Android/app/.cxx/Debug/592n6c1o/arm64-v8a/_deps/vulkanmemoryallocator-src/include/vk_mem_alloc.h:10623:9: note: insert '_Nullable' if the pointer may be null
C/C++:  10623 | static T* VmaAllocate(VmaAllocator hAllocator)
C/C++:        |         ^
C/C++:        |           _Nullable
C/C++: D:/Foundation-SM64/Android/app/.cxx/Debug/592n6c1o/arm64-v8a/_deps/vulkanmemoryallocator-src/include/vk_mem_alloc.h:10623:9: note: insert '_Nonnull' if the pointer should never be null
C/C++:  10623 | static T* VmaAllocate(VmaAllocator hAllocator)
C/C++:        |         ^
C/C++:        |           _Nonnull
C/C++: D:/Foundation-SM64/Android/app/.cxx/Debug/592n6c1o/arm64-v8a/_deps/vulkanmemoryallocator-src/include/vk_mem_alloc.h:10629:28: warning: pointer is missing a nullability type specifier (_Nonnull, _Nullable, or _Null_unspecified) [-Wnullability-completeness]
C/C++:  10629 | static T* VmaAllocateArray(VmaAllocator hAllocator, size_t count)
C/C++:        |                            ^
C/C++: D:/Foundation-SM64/Android/app/.cxx/Debug/592n6c1o/arm64-v8a/_deps/vulkanmemoryallocator-src/include/vk_mem_alloc.h:10629:28: note: insert '_Nullable' if the pointer may be null
C/C++:  10629 | static T* VmaAllocateArray(VmaAllocator hAllocator, size_t count)
C/C++:        |                            ^
C/C++:        |                                         _Nullable
C/C++: D:/Foundation-SM64/Android/app/.cxx/Debug/592n6c1o/arm64-v8a/_deps/vulkanmemoryallocator-src/include/vk_mem_alloc.h:10629:28: note: insert '_Nonnull' if the pointer should never be null
C/C++:  10629 | static T* VmaAllocateArray(VmaAllocator hAllocator, size_t count)
C/C++:        |                            ^
C/C++:        |                                         _Nonnull
C/C++: D:/Foundation-SM64/Android/app/.cxx/Debug/592n6c1o/arm64-v8a/_deps/vulkanmemoryallocator-src/include/vk_mem_alloc.h:10629:9: warning: pointer is missing a nullability type specifier (_Nonnull, _Nullable, or _Null_unspecified) [-Wnullability-completeness]
C/C++:  10629 | static T* VmaAllocateArray(VmaAllocator hAllocator, size_t count)
C/C++:        |         ^
C/C++: D:/Foundation-SM64/Android/app/.cxx/Debug/592n6c1o/arm64-v8a/_deps/vulkanmemoryallocator-src/include/vk_mem_alloc.h:10629:9: note: insert '_Nullable' if the pointer may be null
C/C++:  10629 | static T* VmaAllocateArray(VmaAllocator hAllocator, size_t count)
C/C++:        |         ^
C/C++:        |           _Nullable
C/C++: D:/Foundation-SM64/Android/app/.cxx/Debug/592n6c1o/arm64-v8a/_deps/vulkanmemoryallocator-src/include/vk_mem_alloc.h:10629:9: note: insert '_Nonnull' if the pointer should never be null
C/C++:  10629 | static T* VmaAllocateArray(VmaAllocator hAllocator, size_t count)
C/C++:        |         ^
C/C++:        |           _Nonnull
C/C++: D:/Foundation-SM64/Android/app/.cxx/Debug/592n6c1o/arm64-v8a/_deps/vulkanmemoryallocator-src/include/vk_mem_alloc.h:10635:24: warning: pointer is missing a nullability type specifier (_Nonnull, _Nullable, or _Null_unspecified) [-Wnullability-completeness]
C/C++:  10635 | static void vma_delete(VmaAllocator hAllocator, T* ptr)
C/C++:        |                        ^
C/C++: D:/Foundation-SM64/Android/app/.cxx/Debug/592n6c1o/arm64-v8a/_deps/vulkanmemoryallocator-src/include/vk_mem_alloc.h:10635:24: note: insert '_Nullable' if the pointer may be null
C/C++:  10635 | static void vma_delete(VmaAllocator hAllocator, T* ptr)
C/C++:        |                        ^
C/C++:        |                                     _Nullable
C/C++: D:/Foundation-SM64/Android/app/.cxx/Debug/592n6c1o/arm64-v8a/_deps/vulkanmemoryallocator-src/include/vk_mem_alloc.h:10635:24: note: insert '_Nonnull' if the pointer should never be null
C/C++:  10635 | static void vma_delete(VmaAllocator hAllocator, T* ptr)
C/C++:        |                        ^
C/C++:        |                                     _Nonnull
C/C++: D:/Foundation-SM64/Android/app/.cxx/Debug/592n6c1o/arm64-v8a/_deps/vulkanmemoryallocator-src/include/vk_mem_alloc.h:10635:50: warning: pointer is missing a nullability type specifier (_Nonnull, _Nullable, or _Null_unspecified) [-Wnullability-completeness]
C/C++:  10635 | static void vma_delete(VmaAllocator hAllocator, T* ptr)
C/C++:        |                                                  ^
C/C++: D:/Foundation-SM64/Android/app/.cxx/Debug/592n6c1o/arm64-v8a/_deps/vulkanmemoryallocator-src/include/vk_mem_alloc.h:10635:50: note: insert '_Nullable' if the pointer may be null
C/C++:  10635 | static void vma_delete(VmaAllocator hAllocator, T* ptr)
C/C++:        |                                                  ^
C/C++:        |                                                    _Nullable
C/C++: D:/Foundation-SM64/Android/app/.cxx/Debug/592n6c1o/arm64-v8a/_deps/vulkanmemoryallocator-src/include/vk_mem_alloc.h:10635:50: note: insert '_Nonnull' if the pointer should never be null
C/C++:  10635 | static void vma_delete(VmaAllocator hAllocator, T* ptr)
C/C++:        |                                                  ^
C/C++:        |                                                    _Nonnull
C/C++: D:/Foundation-SM64/Android/app/.cxx/Debug/592n6c1o/arm64-v8a/_deps/vulkanmemoryallocator-src/include/vk_mem_alloc.h:10645:30: warning: pointer is missing a nullability type specifier (_Nonnull, _Nullable, or _Null_unspecified) [-Wnullability-completeness]
C/C++:  10645 | static void vma_delete_array(VmaAllocator hAllocator, T* ptr, size_t count)
C/C++:        |                              ^
C/C++: D:/Foundation-SM64/Android/app/.cxx/Debug/592n6c1o/arm64-v8a/_deps/vulkanmemoryallocator-src/include/vk_mem_alloc.h:10645:30: note: insert '_Nullable' if the pointer may be null
C/C++:  10645 | static void vma_delete_array(VmaAllocator hAllocator, T* ptr, size_t count)
C/C++:        |                              ^
C/C++:        |                                           _Nullable
C/C++: D:/Foundation-SM64/Android/app/.cxx/Debug/592n6c1o/arm64-v8a/_deps/vulkanmemoryallocator-src/include/vk_mem_alloc.h:10645:30: note: insert '_Nonnull' if the pointer should never be null
C/C++:  10645 | static void vma_delete_array(VmaAllocator hAllocator, T* ptr, size_t count)
C/C++:        |                              ^
C/C++:        |                                           _Nonnull
C/C++: D:/Foundation-SM64/Android/app/.cxx/Debug/592n6c1o/arm64-v8a/_deps/vulkanmemoryallocator-src/include/vk_mem_alloc.h:10645:56: warning: pointer is missing a nullability type specifier (_Nonnull, _Nullable, or _Null_unspecified) [-Wnullability-completeness]
C/C++:  10645 | static void vma_delete_array(VmaAllocator hAllocator, T* ptr, size_t count)
C/C++:        |                                                        ^
C/C++: D:/Foundation-SM64/Android/app/.cxx/Debug/592n6c1o/arm64-v8a/_deps/vulkanmemoryallocator-src/include/vk_mem_alloc.h:10645:56: note: insert '_Nullable' if the pointer may be null
C/C++:  10645 | static void vma_delete_array(VmaAllocator hAllocator, T* ptr, size_t count)
C/C++:        |                                                        ^
C/C++:        |                                                          _Nullable
C/C++: D:/Foundation-SM64/Android/app/.cxx/Debug/592n6c1o/arm64-v8a/_deps/vulkanmemoryallocator-src/include/vk_mem_alloc.h:10645:56: note: insert '_Nonnull' if the pointer should never be null
C/C++:  10645 | static void vma_delete_array(VmaAllocator hAllocator, T* ptr, size_t count)
C/C++:        |                                                        ^
C/C++:        |                                                          _Nonnull
C/C++: D:/Foundation-SM64/Android/app/.cxx/Debug/592n6c1o/arm64-v8a/_deps/vulkanmemoryallocator-src/include/vk_mem_alloc.h:10657:44: warning: pointer is missing a nullability type specifier (_Nonnull, _Nullable, or _Null_unspecified) [-Wnullability-completeness]
C/C++:  10657 | VmaDeviceMemoryBlock::VmaDeviceMemoryBlock(VmaAllocator hAllocator)
C/C++:        |                                            ^
C/C++: D:/Foundation-SM64/Android/app/.cxx/Debug/592n6c1o/arm64-v8a/_deps/vulkanmemoryallocator-src/include/vk_mem_alloc.h:10657:44: note: insert '_Nullable' if the pointer may be null
C/C++:  10657 | VmaDeviceMemoryBlock::VmaDeviceMemoryBlock(VmaAllocator hAllocator)
C/C++:        |                                            ^
C/C++:        |                                                         _Nullable
C/C++: D:/Foundation-SM64/Android/app/.cxx/Debug/592n6c1o/arm64-v8a/_deps/vulkanmemoryallocator-src/include/vk_mem_alloc.h:10657:44: note: insert '_Nonnull' if the pointer should never be null
C/C++:  10657 | VmaDeviceMemoryBlock::VmaDeviceMemoryBlock(VmaAllocator hAllocator)
C/C++:        |                                            ^
C/C++:        |                                                         _Nonnull
C/C++: D:/Foundation-SM64/Android/app/.cxx/Debug/592n6c1o/arm64-v8a/_deps/vulkanmemoryallocator-src/include/vk_mem_alloc.h:10673:5: warning: pointer is missing a nullability type specifier (_Nonnull, _Nullable, or _Null_unspecified) [-Wnullability-completeness]
C/C++:  10673 |     VmaAllocator hAllocator,
C/C++:        |     ^
C/C++: D:/Foundation-SM64/Android/app/.cxx/Debug/592n6c1o/arm64-v8a/_deps/vulkanmemoryallocator-src/include/vk_mem_alloc.h:10673:5: note: insert '_Nullable' if the pointer may be null
C/C++:  10673 |     VmaAllocator hAllocator,
C/C++:        |     ^
C/C++:        |                  _Nullable
C/C++: D:/Foundation-SM64/Android/app/.cxx/Debug/592n6c1o/arm64-v8a/_deps/vulkanmemoryallocator-src/include/vk_mem_alloc.h:10673:5: note: insert '_Nonnull' if the pointer should never be null
C/C++:  10673 |     VmaAllocator hAllocator,
C/C++:        |     ^
C/C++:        |                  _Nonnull
C/C++: D:/Foundation-SM64/Android/app/.cxx/Debug/592n6c1o/arm64-v8a/_deps/vulkanmemoryallocator-src/include/vk_mem_alloc.h:10674:5: warning: pointer is missing a nullability type specifier (_Nonnull, _Nullable, or _Null_unspecified) [-Wnullability-completeness]
C/C++:  10674 |     VmaPool hParentPool,
C/C++:        |     ^
C/C++: D:/Foundation-SM64/Android/app/.cxx/Debug/592n6c1o/arm64-v8a/_deps/vulkanmemoryallocator-src/include/vk_mem_alloc.h:10674:5: note: insert '_Nullable' if the pointer may be null
C/C++:  10674 |     VmaPool hParentPool,
C/C++:        |     ^
C/C++:        |             _Nullable
C/C++: D:/Foundation-SM64/Android/app/.cxx/Debug/592n6c1o/arm64-v8a/_deps/vulkanmemoryallocator-src/include/vk_mem_alloc.h:10674:5: note: insert '_Nonnull' if the pointer should never be null
C/C++:  10674 |     VmaPool hParentPool,
C/C++:        |     ^
C/C++:        |             _Nonnull
C/C++: D:/Foundation-SM64/Android/app/.cxx/Debug/592n6c1o/arm64-v8a/_deps/vulkanmemoryallocator-src/include/vk_mem_alloc.h:10676:5: warning: pointer is missing a nullability type specifier (_Nonnull, _Nullable, or _Null_unspecified) [-Wnullability-completeness]
C/C++:  10676 |     VkDeviceMemory newMemory,
C/C++:        |     ^
C/C++: D:/Foundation-SM64/Android/app/.cxx/Debug/592n6c1o/arm64-v8a/_deps/vulkanmemoryallocator-src/include/vk_mem_alloc.h:10676:5: note: insert '_Nullable' if the pointer may be null
C/C++:  10676 |     VkDeviceMemory newMemory,
C/C++:        |     ^
C/C++:        |                    _Nullable
C/C++: D:/Foundation-SM64/Android/app/.cxx/Debug/592n6c1o/arm64-v8a/_deps/vulkanmemoryallocator-src/include/vk_mem_alloc.h:10676:5: note: insert '_Nonnull' if the pointer should never be null
C/C++:  10676 |     VkDeviceMemory newMemory,
C/C++:        |     ^
C/C++:        |                    _Nonnull
C/C++: D:/Foundation-SM64/Android/app/.cxx/Debug/592n6c1o/arm64-v8a/_deps/vulkanmemoryallocator-src/include/vk_mem_alloc.h:10707:36: warning: pointer is missing a nullability type specifier (_Nonnull, _Nullable, or _Null_unspecified) [-Wnullability-completeness]
C/C++:  10707 | void VmaDeviceMemoryBlock::Destroy(VmaAllocator allocator)
C/C++:        |                                    ^
C/C++: D:/Foundation-SM64/Android/app/.cxx/Debug/592n6c1o/arm64-v8a/_deps/vulkanmemoryallocator-src/include/vk_mem_alloc.h:10707:36: note: insert '_Nullable' if the pointer may be null
C/C++:  10707 | void VmaDeviceMemoryBlock::Destroy(VmaAllocator allocator)
C/C++:        |                                    ^
C/C++:        |                                                 _Nullable
C/C++: D:/Foundation-SM64/Android/app/.cxx/Debug/592n6c1o/arm64-v8a/_deps/vulkanmemoryallocator-src/include/vk_mem_alloc.h:10707:36: note: insert '_Nonnull' if the pointer should never be null
C/C++:  10707 | void VmaDeviceMemoryBlock::Destroy(VmaAllocator allocator)
C/C++:        |                                    ^
C/C++:        |                                                 _Nonnull
C/C++: D:/Foundation-SM64/Android/app/.cxx/Debug/592n6c1o/arm64-v8a/_deps/vulkanmemoryallocator-src/include/vk_mem_alloc.h:10725:38: warning: pointer is missing a nullability type specifier (_Nonnull, _Nullable, or _Null_unspecified) [-Wnullability-completeness]
C/C++:  10725 | void VmaDeviceMemoryBlock::PostAlloc(VmaAllocator hAllocator)
C/C++:        |                                      ^
C/C++: D:/Foundation-SM64/Android/app/.cxx/Debug/592n6c1o/arm64-v8a/_deps/vulkanmemoryallocator-src/include/vk_mem_alloc.h:10725:38: note: insert '_Nullable' if the pointer may be null
C/C++:  10725 | void VmaDeviceMemoryBlock::PostAlloc(VmaAllocator hAllocator)
C/C++:        |                                      ^
C/C++:        |                                                   _Nullable
C/C++: D:/Foundation-SM64/Android/app/.cxx/Debug/592n6c1o/arm64-v8a/_deps/vulkanmemoryallocator-src/include/vk_mem_alloc.h:10725:38: note: insert '_Nonnull' if the pointer should never be null
C/C++:  10725 | void VmaDeviceMemoryBlock::PostAlloc(VmaAllocator hAllocator)
C/C++:        |                                      ^
C/C++:        |                                                   _Nonnull
C/C++: D:/Foundation-SM64/Android/app/.cxx/Debug/592n6c1o/arm64-v8a/_deps/vulkanmemoryallocator-src/include/vk_mem_alloc.h:10731:37: warning: pointer is missing a nullability type specifier (_Nonnull, _Nullable, or _Null_unspecified) [-Wnullability-completeness]
C/C++:  10731 | void VmaDeviceMemoryBlock::PostFree(VmaAllocator hAllocator)
C/C++:        |                                     ^
C/C++: D:/Foundation-SM64/Android/app/.cxx/Debug/592n6c1o/arm64-v8a/_deps/vulkanmemoryallocator-src/include/vk_mem_alloc.h:10731:37: note: insert '_Nullable' if the pointer may be null
C/C++:  10731 | void VmaDeviceMemoryBlock::PostFree(VmaAllocator hAllocator)
C/C++:        |                                     ^
C/C++:        |                                                  _Nullable
C/C++: D:/Foundation-SM64/Android/app/.cxx/Debug/592n6c1o/arm64-v8a/_deps/vulkanmemoryallocator-src/include/vk_mem_alloc.h:10731:37: note: insert '_Nonnull' if the pointer should never be null
C/C++:  10731 | void VmaDeviceMemoryBlock::PostFree(VmaAllocator hAllocator)
C/C++:        |                                     ^
C/C++:        |                                                  _Nonnull
C/C++: D:/Foundation-SM64/Android/app/.cxx/Debug/592n6c1o/arm64-v8a/_deps/vulkanmemoryallocator-src/include/vk_mem_alloc.h:10753:48: warning: pointer is missing a nullability type specifier (_Nonnull, _Nullable, or _Null_unspecified) [-Wnullability-completeness]
C/C++:  10753 | VkResult VmaDeviceMemoryBlock::CheckCorruption(VmaAllocator hAllocator)
C/C++:        |                                                ^
C/C++: D:/Foundation-SM64/Android/app/.cxx/Debug/592n6c1o/arm64-v8a/_deps/vulkanmemoryallocator-src/include/vk_mem_alloc.h:10753:48: note: insert '_Nullable' if the pointer may be null
C/C++:  10753 | VkResult VmaDeviceMemoryBlock::CheckCorruption(VmaAllocator hAllocator)
C/C++:        |                                                ^
C/C++:        |                                                             _Nullable
C/C++: D:/Foundation-SM64/Android/app/.cxx/Debug/592n6c1o/arm64-v8a/_deps/vulkanmemoryallocator-src/include/vk_mem_alloc.h:10753:48: note: insert '_Nonnull' if the pointer should never be null
C/C++:  10753 | VkResult VmaDeviceMemoryBlock::CheckCorruption(VmaAllocator hAllocator)
C/C++:        |                                                ^
C/C++:        |                                                             _Nonnull
C/C++: D:/Foundation-SM64/Android/app/.cxx/Debug/592n6c1o/arm64-v8a/_deps/vulkanmemoryallocator-src/include/vk_mem_alloc.h:10769:36: warning: pointer is missing a nullability type specifier (_Nonnull, _Nullable, or _Null_unspecified) [-Wnullability-completeness]
C/C++:  10769 | VkResult VmaDeviceMemoryBlock::Map(VmaAllocator hAllocator, uint32_t count, void** ppData)
C/C++:        |                                    ^
C/C++: D:/Foundation-SM64/Android/app/.cxx/Debug/592n6c1o/arm64-v8a/_deps/vulkanmemoryallocator-src/include/vk_mem_alloc.h:10769:36: note: insert '_Nullable' if the pointer may be null
C/C++:  10769 | VkResult VmaDeviceMemoryBlock::Map(VmaAllocator hAllocator, uint32_t count, void** ppData)
C/C++:        |                                    ^
C/C++:        |                                                 _Nullable
C/C++: D:/Foundation-SM64/Android/app/.cxx/Debug/592n6c1o/arm64-v8a/_deps/vulkanmemoryallocator-src/include/vk_mem_alloc.h:10769:36: note: insert '_Nonnull' if the pointer should never be null
C/C++:  10769 | VkResult VmaDeviceMemoryBlock::Map(VmaAllocator hAllocator, uint32_t count, void** ppData)
C/C++:        |                                    ^
C/C++:        |                                                 _Nonnull
C/C++: D:/Foundation-SM64/Android/app/.cxx/Debug/592n6c1o/arm64-v8a/_deps/vulkanmemoryallocator-src/include/vk_mem_alloc.h:10769:81: warning: pointer is missing a nullability type specifier (_Nonnull, _Nullable, or _Null_unspecified) [-Wnullability-completeness]
C/C++:  10769 | VkResult VmaDeviceMemoryBlock::Map(VmaAllocator hAllocator, uint32_t count, void** ppData)
C/C++:        |                                                                                 ^
C/C++: D:/Foundation-SM64/Android/app/.cxx/Debug/592n6c1o/arm64-v8a/_deps/vulkanmemoryallocator-src/include/vk_mem_alloc.h:10769:81: note: insert '_Nullable' if the pointer may be null
C/C++:  10769 | VkResult VmaDeviceMemoryBlock::Map(VmaAllocator hAllocator, uint32_t count, void** ppData)
C/C++:        |                                                                                 ^
C/C++:        |                                                                                  _Nullable
C/C++: D:/Foundation-SM64/Android/app/.cxx/Debug/592n6c1o/arm64-v8a/_deps/vulkanmemoryallocator-src/include/vk_mem_alloc.h:10769:81: note: insert '_Nonnull' if the pointer should never be null
C/C++:  10769 | VkResult VmaDeviceMemoryBlock::Map(VmaAllocator hAllocator, uint32_t count, void** ppData)
C/C++:        |                                                                                 ^
C/C++:        |                                                                                  _Nonnull
C/C++: D:/Foundation-SM64/Android/app/.cxx/Debug/592n6c1o/arm64-v8a/_deps/vulkanmemoryallocator-src/include/vk_mem_alloc.h:10769:82: warning: pointer is missing a nullability type specifier (_Nonnull, _Nullable, or _Null_unspecified) [-Wnullability-completeness]
C/C++:  10769 | VkResult VmaDeviceMemoryBlock::Map(VmaAllocator hAllocator, uint32_t count, void** ppData)
C/C++:        |                                                                                  ^
C/C++: D:/Foundation-SM64/Android/app/.cxx/Debug/592n6c1o/arm64-v8a/_deps/vulkanmemoryallocator-src/include/vk_mem_alloc.h:10769:82: note: insert '_Nullable' if the pointer may be null
C/C++:  10769 | VkResult VmaDeviceMemoryBlock::Map(VmaAllocator hAllocator, uint32_t count, void** ppData)
C/C++:        |                                                                                  ^
C/C++:        |                                                                                    _Nullable
C/C++: D:/Foundation-SM64/Android/app/.cxx/Debug/592n6c1o/arm64-v8a/_deps/vulkanmemoryallocator-src/include/vk_mem_alloc.h:10769:82: note: insert '_Nonnull' if the pointer should never be null
C/C++:  10769 | VkResult VmaDeviceMemoryBlock::Map(VmaAllocator hAllocator, uint32_t count, void** ppData)
C/C++:        |                                                                                  ^
C/C++:        |                                                                                    _Nonnull
C/C++: D:/Foundation-SM64/Android/app/.cxx/Debug/592n6c1o/arm64-v8a/_deps/vulkanmemoryallocator-src/include/vk_mem_alloc.h:10810:34: warning: pointer is missing a nullability type specifier (_Nonnull, _Nullable, or _Null_unspecified) [-Wnullability-completeness]
C/C++:  10810 | void VmaDeviceMemoryBlock::Unmap(VmaAllocator hAllocator, uint32_t count)
C/C++:        |                                  ^
C/C++: D:/Foundation-SM64/Android/app/.cxx/Debug/592n6c1o/arm64-v8a/_deps/vulkanmemoryallocator-src/include/vk_mem_alloc.h:10810:34: note: insert '_Nullable' if the pointer may be null
C/C++:  10810 | void VmaDeviceMemoryBlock::Unmap(VmaAllocator hAllocator, uint32_t count)
C/C++:        |                                  ^
C/C++:        |                                               _Nullable
C/C++: D:/Foundation-SM64/Android/app/.cxx/Debug/592n6c1o/arm64-v8a/_deps/vulkanmemoryallocator-src/include/vk_mem_alloc.h:10810:34: note: insert '_Nonnull' if the pointer should never be null
C/C++:  10810 | void VmaDeviceMemoryBlock::Unmap(VmaAllocator hAllocator, uint32_t count)
C/C++:        |                                  ^
C/C++:        |                                               _Nonnull
C/C++: D:/Foundation-SM64/Android/app/.cxx/Debug/592n6c1o/arm64-v8a/_deps/vulkanmemoryallocator-src/include/vk_mem_alloc.h:10835:63: warning: pointer is missing a nullability type specifier (_Nonnull, _Nullable, or _Null_unspecified) [-Wnullability-completeness]
C/C++:  10835 | VkResult VmaDeviceMemoryBlock::WriteMagicValueAfterAllocation(VmaAllocator hAllocator, VkDeviceSize allocOffset, VkDeviceSize allocSize)
C/C++:        |                                                               ^
C/C++: D:/Foundation-SM64/Android/app/.cxx/Debug/592n6c1o/arm64-v8a/_deps/vulkanmemoryallocator-src/include/vk_mem_alloc.h:10835:63: note: insert '_Nullable' if the pointer may be null
C/C++:  10835 | VkResult VmaDeviceMemoryBlock::WriteMagicValueAfterAllocation(VmaAllocator hAllocator, VkDeviceSize allocOffset, VkDeviceSize allocSize)
C/C++:        |                                                               ^
C/C++:        |                                                                            _Nullable
C/C++: D:/Foundation-SM64/Android/app/.cxx/Debug/592n6c1o/arm64-v8a/_deps/vulkanmemoryallocator-src/include/vk_mem_alloc.h:10835:63: note: insert '_Nonnull' if the pointer should never be null
C/C++:  10835 | VkResult VmaDeviceMemoryBlock::WriteMagicValueAfterAllocation(VmaAllocator hAllocator, VkDeviceSize allocOffset, VkDeviceSize allocSize)
C/C++:        |                                                               ^
C/C++:        |                                                                            _Nonnull
C/C++: D:/Foundation-SM64/Android/app/.cxx/Debug/592n6c1o/arm64-v8a/_deps/vulkanmemoryallocator-src/include/vk_mem_alloc.h:10852:66: warning: pointer is missing a nullability type specifier (_Nonnull, _Nullable, or _Null_unspecified) [-Wnullability-completeness]
C/C++:  10852 | VkResult VmaDeviceMemoryBlock::ValidateMagicValueAfterAllocation(VmaAllocator hAllocator, VkDeviceSize allocOffset, VkDeviceSize allocSize)
C/C++:        |                                                                  ^
C/C++: D:/Foundation-SM64/Android/app/.cxx/Debug/592n6c1o/arm64-v8a/_deps/vulkanmemoryallocator-src/include/vk_mem_alloc.h:10852:66: note: insert '_Nullable' if the pointer may be null
C/C++:  10852 | VkResult VmaDeviceMemoryBlock::ValidateMagicValueAfterAllocation(VmaAllocator hAllocator, VkDeviceSize allocOffset, VkDeviceSize allocSize)
C/C++:        |                                                                  ^
C/C++:        |                                                                               _Nullable
C/C++: D:/Foundation-SM64/Android/app/.cxx/Debug/592n6c1o/arm64-v8a/_deps/vulkanmemoryallocator-src/include/vk_mem_alloc.h:10852:66: note: insert '_Nonnull' if the pointer should never be null
C/C++:  10852 | VkResult VmaDeviceMemoryBlock::ValidateMagicValueAfterAllocation(VmaAllocator hAllocator, VkDeviceSize allocOffset, VkDeviceSize allocSize)
C/C++:        |                                                                  ^
C/C++:        |                                                                               _Nonnull
C/C++: D:/Foundation-SM64/Android/app/.cxx/Debug/592n6c1o/arm64-v8a/_deps/vulkanmemoryallocator-src/include/vk_mem_alloc.h:10873:5: warning: pointer is missing a nullability type specifier (_Nonnull, _Nullable, or _Null_unspecified) [-Wnullability-completeness]
C/C++:  10873 |     VmaAllocator hAllocator,
C/C++:        |     ^
C/C++: D:/Foundation-SM64/Android/app/.cxx/Debug/592n6c1o/arm64-v8a/_deps/vulkanmemoryallocator-src/include/vk_mem_alloc.h:10873:5: note: insert '_Nullable' if the pointer may be null
C/C++:  10873 |     VmaAllocator hAllocator,
C/C++:        |     ^
C/C++:        |                  _Nullable
C/C++: D:/Foundation-SM64/Android/app/.cxx/Debug/592n6c1o/arm64-v8a/_deps/vulkanmemoryallocator-src/include/vk_mem_alloc.h:10873:5: note: insert '_Nonnull' if the pointer should never be null
C/C++:  10873 |     VmaAllocator hAllocator,
C/C++:        |     ^
C/C++:        |                  _Nonnull
C/C++: D:/Foundation-SM64/Android/app/.cxx/Debug/592n6c1o/arm64-v8a/_deps/vulkanmemoryallocator-src/include/vk_mem_alloc.h:10874:5: warning: pointer is missing a nullability type specifier (_Nonnull, _Nullable, or _Null_unspecified) [-Wnullability-completeness]
C/C++:  10874 |     VmaAllocation hAllocation,
C/C++:        |     ^
C/C++: D:/Foundation-SM64/Android/app/.cxx/Debug/592n6c1o/arm64-v8a/_deps/vulkanmemoryallocator-src/include/vk_mem_alloc.h:10874:5: note: insert '_Nullable' if the pointer may be null
C/C++:  10874 |     VmaAllocation hAllocation,
C/C++:        |     ^
C/C++:        |                   _Nullable
C/C++: D:/Foundation-SM64/Android/app/.cxx/Debug/592n6c1o/arm64-v8a/_deps/vulkanmemoryallocator-src/include/vk_mem_alloc.h:10874:5: note: insert '_Nonnull' if the pointer should never be null
C/C++:  10874 |     VmaAllocation hAllocation,
C/C++:        |     ^
C/C++:        |                   _Nonnull
C/C++: D:/Foundation-SM64/Android/app/.cxx/Debug/592n6c1o/arm64-v8a/_deps/vulkanmemoryallocator-src/include/vk_mem_alloc.h:10876:5: warning: pointer is missing a nullability type specifier (_Nonnull, _Nullable, or _Null_unspecified) [-Wnullability-completeness]
C/C++:  10876 |     VkBuffer hBuffer,
C/C++:        |     ^
C/C++: D:/Foundation-SM64/Android/app/.cxx/Debug/592n6c1o/arm64-v8a/_deps/vulkanmemoryallocator-src/include/vk_mem_alloc.h:10876:5: note: insert '_Nullable' if the pointer may be null
C/C++:  10876 |     VkBuffer hBuffer,
C/C++:        |     ^
C/C++:        |              _Nullable
C/C++: D:/Foundation-SM64/Android/app/.cxx/Debug/592n6c1o/arm64-v8a/_deps/vulkanmemoryallocator-src/include/vk_mem_alloc.h:10876:5: note: insert '_Nonnull' if the pointer should never be null
C/C++:  10876 |     VkBuffer hBuffer,
C/C++:        |     ^
C/C++:        |              _Nonnull
C/C++: D:/Foundation-SM64/Android/app/.cxx/Debug/592n6c1o/arm64-v8a/_deps/vulkanmemoryallocator-src/include/vk_mem_alloc.h:10877:15: warning: pointer is missing a nullability type specifier (_Nonnull, _Nullable, or _Null_unspecified) [-Wnullability-completeness]
C/C++:  10877 |     const void* pNext)
C/C++:        |               ^
C/C++: D:/Foundation-SM64/Android/app/.cxx/Debug/592n6c1o/arm64-v8a/_deps/vulkanmemoryallocator-src/include/vk_mem_alloc.h:10877:15: note: insert '_Nullable' if the pointer may be null
C/C++:  10877 |     const void* pNext)
C/C++:        |               ^
C/C++:        |                 _Nullable
C/C++: D:/Foundation-SM64/Android/app/.cxx/Debug/592n6c1o/arm64-v8a/_deps/vulkanmemoryallocator-src/include/vk_mem_alloc.h:10877:15: note: insert '_Nonnull' if the pointer should never be null
C/C++:  10877 |     const void* pNext)
C/C++:        |               ^
C/C++:        |                 _Nonnull
C/C++: D:/Foundation-SM64/Android/app/.cxx/Debug/592n6c1o/arm64-v8a/_deps/vulkanmemoryallocator-src/include/vk_mem_alloc.h:10890:5: warning: pointer is missing a nullability type specifier (_Nonnull, _Nullable, or _Null_unspecified) [-Wnullability-completeness]
C/C++:  10890 |     VmaAllocator hAllocator,
C/C++:        |     ^
C/C++: D:/Foundation-SM64/Android/app/.cxx/Debug/592n6c1o/arm64-v8a/_deps/vulkanmemoryallocator-src/include/vk_mem_alloc.h:10890:5: note: insert '_Nullable' if the pointer may be null
C/C++:  10890 |     VmaAllocator hAllocator,
C/C++:        |     ^
C/C++:        |                  _Nullable
C/C++: D:/Foundation-SM64/Android/app/.cxx/Debug/592n6c1o/arm64-v8a/_deps/vulkanmemoryallocator-src/include/vk_mem_alloc.h:10890:5: note: insert '_Nonnull' if the pointer should never be null
C/C++:  10890 |     VmaAllocator hAllocator,
C/C++:        |     ^
C/C++:        |                  _Nonnull
C/C++: D:/Foundation-SM64/Android/app/.cxx/Debug/592n6c1o/arm64-v8a/_deps/vulkanmemoryallocator-src/include/vk_mem_alloc.h:10891:5: warning: pointer is missing a nullability type specifier (_Nonnull, _Nullable, or _Null_unspecified) [-Wnullability-completeness]
C/C++:  10891 |     VmaAllocation hAllocation,
C/C++:        |     ^
C/C++: D:/Foundation-SM64/Android/app/.cxx/Debug/592n6c1o/arm64-v8a/_deps/vulkanmemoryallocator-src/include/vk_mem_alloc.h:10891:5: note: insert '_Nullable' if the pointer may be null
C/C++:  10891 |     VmaAllocation hAllocation,
C/C++:        |     ^
C/C++:        |                   _Nullable
C/C++: D:/Foundation-SM64/Android/app/.cxx/Debug/592n6c1o/arm64-v8a/_deps/vulkanmemoryallocator-src/include/vk_mem_alloc.h:10891:5: note: insert '_Nonnull' if the pointer should never be null
C/C++:  10891 |     VmaAllocation hAllocation,
C/C++:        |     ^
C/C++:        |                   _Nonnull
C/C++: D:/Foundation-SM64/Android/app/.cxx/Debug/592n6c1o/arm64-v8a/_deps/vulkanmemoryallocator-src/include/vk_mem_alloc.h:10893:5: warning: pointer is missing a nullability type specifier (_Nonnull, _Nullable, or _Null_unspecified) [-Wnullability-completeness]
C/C++:  10893 |     VkImage hImage,
C/C++:        |     ^
C/C++: D:/Foundation-SM64/Android/app/.cxx/Debug/592n6c1o/arm64-v8a/_deps/vulkanmemoryallocator-src/include/vk_mem_alloc.h:10893:5: note: insert '_Nullable' if the pointer may be null
C/C++:  10893 |     VkImage hImage,
C/C++:        |     ^
C/C++:        |             _Nullable
C/C++: D:/Foundation-SM64/Android/app/.cxx/Debug/592n6c1o/arm64-v8a/_deps/vulkanmemoryallocator-src/include/vk_mem_alloc.h:10893:5: note: insert '_Nonnull' if the pointer should never be null
C/C++:  10893 |     VkImage hImage,
C/C++:        |     ^
C/C++:        |             _Nonnull
C/C++: D:/Foundation-SM64/Android/app/.cxx/Debug/592n6c1o/arm64-v8a/_deps/vulkanmemoryallocator-src/include/vk_mem_alloc.h:10894:15: warning: pointer is missing a nullability type specifier (_Nonnull, _Nullable, or _Null_unspecified) [-Wnullability-completeness]
C/C++:  10894 |     const void* pNext)
C/C++:        |               ^
C/C++: D:/Foundation-SM64/Android/app/.cxx/Debug/592n6c1o/arm64-v8a/_deps/vulkanmemoryallocator-src/include/vk_mem_alloc.h:10894:15: note: insert '_Nullable' if the pointer may be null
C/C++:  10894 |     const void* pNext)
C/C++:        |               ^
C/C++:        |                 _Nullable
C/C++: D:/Foundation-SM64/Android/app/.cxx/Debug/592n6c1o/arm64-v8a/_deps/vulkanmemoryallocator-src/include/vk_mem_alloc.h:10894:15: note: insert '_Nonnull' if the pointer should never be null
C/C++:  10894 |     const void* pNext)
C/C++:        |               ^
C/C++:        |                 _Nonnull
C/C++: D:/Foundation-SM64/Android/app/.cxx/Debug/592n6c1o/arm64-v8a/_deps/vulkanmemoryallocator-src/include/vk_mem_alloc.h:10940:25: warning: pointer is missing a nullability type specifier (_Nonnull, _Nullable, or _Null_unspecified) [-Wnullability-completeness]
C/C++:  10940 |     VmaDeviceMemoryBlock* block,
C/C++:        |                         ^
C/C++: D:/Foundation-SM64/Android/app/.cxx/Debug/592n6c1o/arm64-v8a/_deps/vulkanmemoryallocator-src/include/vk_mem_alloc.h:10940:25: note: insert '_Nullable' if the pointer may be null
C/C++:  10940 |     VmaDeviceMemoryBlock* block,
C/C++:        |                         ^
C/C++:        |                           _Nullable
C/C++: D:/Foundation-SM64/Android/app/.cxx/Debug/592n6c1o/arm64-v8a/_deps/vulkanmemoryallocator-src/include/vk_mem_alloc.h:10940:25: note: insert '_Nonnull' if the pointer should never be null
C/C++:  10940 |     VmaDeviceMemoryBlock* block,
C/C++:        |                         ^
C/C++:        |                           _Nonnull
C/C++: D:/Foundation-SM64/Android/app/.cxx/Debug/592n6c1o/arm64-v8a/_deps/vulkanmemoryallocator-src/include/vk_mem_alloc.h:10941:5: warning: pointer is missing a nullability type specifier (_Nonnull, _Nullable, or _Null_unspecified) [-Wnullability-completeness]
C/C++:  10941 |     VmaAllocHandle allocHandle,
C/C++:        |     ^
C/C++: D:/Foundation-SM64/Android/app/.cxx/Debug/592n6c1o/arm64-v8a/_deps/vulkanmemoryallocator-src/include/vk_mem_alloc.h:10941:5: note: insert '_Nullable' if the pointer may be null
C/C++:  10941 |     VmaAllocHandle allocHandle,
C/C++:        |     ^
C/C++:        |                    _Nullable
C/C++: D:/Foundation-SM64/Android/app/.cxx/Debug/592n6c1o/arm64-v8a/_deps/vulkanmemoryallocator-src/include/vk_mem_alloc.h:10941:5: note: insert '_Nonnull' if the pointer should never be null
C/C++:  10941 |     VmaAllocHandle allocHandle,
C/C++:        |     ^
C/C++:        |                    _Nonnull
C/C++: D:/Foundation-SM64/Android/app/.cxx/Debug/592n6c1o/arm64-v8a/_deps/vulkanmemoryallocator-src/include/vk_mem_alloc.h:10965:5: warning: pointer is missing a nullability type specifier (_Nonnull, _Nullable, or _Null_unspecified) [-Wnullability-completeness]
C/C++:  10965 |     VmaAllocator allocator,
C/C++:        |     ^
C/C++: D:/Foundation-SM64/Android/app/.cxx/Debug/592n6c1o/arm64-v8a/_deps/vulkanmemoryallocator-src/include/vk_mem_alloc.h:10965:5: note: insert '_Nullable' if the pointer may be null
C/C++:  10965 |     VmaAllocator allocator,
C/C++:        |     ^
C/C++:        |                  _Nullable
C/C++: D:/Foundation-SM64/Android/app/.cxx/Debug/592n6c1o/arm64-v8a/_deps/vulkanmemoryallocator-src/include/vk_mem_alloc.h:10965:5: note: insert '_Nonnull' if the pointer should never be null
C/C++:  10965 |     VmaAllocator allocator,
C/C++:        |     ^
C/C++:        |                  _Nonnull
C/C++: D:/Foundation-SM64/Android/app/.cxx/Debug/592n6c1o/arm64-v8a/_deps/vulkanmemoryallocator-src/include/vk_mem_alloc.h:10966:5: warning: pointer is missing a nullability type specifier (_Nonnull, _Nullable, or _Null_unspecified) [-Wnullability-completeness]
C/C++:  10966 |     VmaPool hParentPool,
C/C++:        |     ^
C/C++: D:/Foundation-SM64/Android/app/.cxx/Debug/592n6c1o/arm64-v8a/_deps/vulkanmemoryallocator-src/include/vk_mem_alloc.h:10966:5: note: insert '_Nullable' if the pointer may be null
C/C++:  10966 |     VmaPool hParentPool,
C/C++:        |     ^
C/C++:        |             _Nullable
C/C++: D:/Foundation-SM64/Android/app/.cxx/Debug/592n6c1o/arm64-v8a/_deps/vulkanmemoryallocator-src/include/vk_mem_alloc.h:10966:5: note: insert '_Nonnull' if the pointer should never be null
C/C++:  10966 |     VmaPool hParentPool,
C/C++:        |     ^
C/C++:        |             _Nonnull
C/C++: D:/Foundation-SM64/Android/app/.cxx/Debug/592n6c1o/arm64-v8a/_deps/vulkanmemoryallocator-src/include/vk_mem_alloc.h:10968:5: warning: pointer is missing a nullability type specifier (_Nonnull, _Nullable, or _Null_unspecified) [-Wnullability-completeness]
C/C++:  10968 |     VkDeviceMemory hMemory,
C/C++:        |     ^
C/C++: D:/Foundation-SM64/Android/app/.cxx/Debug/592n6c1o/arm64-v8a/_deps/vulkanmemoryallocator-src/include/vk_mem_alloc.h:10968:5: note: insert '_Nullable' if the pointer may be null
C/C++:  10968 |     VkDeviceMemory hMemory,
C/C++:        |     ^
C/C++:        |                    _Nullable
C/C++: D:/Foundation-SM64/Android/app/.cxx/Debug/592n6c1o/arm64-v8a/_deps/vulkanmemoryallocator-src/include/vk_mem_alloc.h:10968:5: note: insert '_Nonnull' if the pointer should never be null
C/C++:  10968 |     VkDeviceMemory hMemory,
C/C++:        |     ^
C/C++:        |                    _Nonnull
C/C++: D:/Foundation-SM64/Android/app/.cxx/Debug/592n6c1o/arm64-v8a/_deps/vulkanmemoryallocator-src/include/vk_mem_alloc.h:10970:9: warning: pointer is missing a nullability type specifier (_Nonnull, _Nullable, or _Null_unspecified) [-Wnullability-completeness]
C/C++:  10970 |     void* pMappedData,
C/C++:        |         ^
C/C++: D:/Foundation-SM64/Android/app/.cxx/Debug/592n6c1o/arm64-v8a/_deps/vulkanmemoryallocator-src/include/vk_mem_alloc.h:10970:9: note: insert '_Nullable' if the pointer may be null
C/C++:  10970 |     void* pMappedData,
C/C++:        |         ^
C/C++:        |           _Nullable
C/C++: D:/Foundation-SM64/Android/app/.cxx/Debug/592n6c1o/arm64-v8a/_deps/vulkanmemoryallocator-src/include/vk_mem_alloc.h:10970:9: note: insert '_Nonnull' if the pointer should never be null
C/C++:  10970 |     void* pMappedData,
C/C++:        |         ^
C/C++:        |           _Nonnull
C/C++: D:/Foundation-SM64/Android/app/.cxx/Debug/592n6c1o/arm64-v8a/_deps/vulkanmemoryallocator-src/include/vk_mem_alloc.h:10995:31: warning: pointer is missing a nullability type specifier (_Nonnull, _Nullable, or _Null_unspecified) [-Wnullability-completeness]
C/C++:  10995 | void VmaAllocation_T::Destroy(VmaAllocator allocator)
C/C++:        |                               ^
C/C++: D:/Foundation-SM64/Android/app/.cxx/Debug/592n6c1o/arm64-v8a/_deps/vulkanmemoryallocator-src/include/vk_mem_alloc.h:10995:31: note: insert '_Nullable' if the pointer may be null
C/C++:  10995 | void VmaAllocation_T::Destroy(VmaAllocator allocator)
C/C++:        |                               ^
C/C++:        |                                            _Nullable
C/C++: D:/Foundation-SM64/Android/app/.cxx/Debug/592n6c1o/arm64-v8a/_deps/vulkanmemoryallocator-src/include/vk_mem_alloc.h:10995:31: note: insert '_Nonnull' if the pointer should never be null
C/C++:  10995 | void VmaAllocation_T::Destroy(VmaAllocator allocator)
C/C++:        |                               ^
C/C++:        |                                            _Nonnull
C/C++: D:/Foundation-SM64/Android/app/.cxx/Debug/592n6c1o/arm64-v8a/_deps/vulkanmemoryallocator-src/include/vk_mem_alloc.h:11005:31: warning: pointer is missing a nullability type specifier (_Nonnull, _Nullable, or _Null_unspecified) [-Wnullability-completeness]
C/C++:  11005 | void VmaAllocation_T::SetName(VmaAllocator hAllocator, const char* pName)
C/C++:        |                               ^
C/C++: D:/Foundation-SM64/Android/app/.cxx/Debug/592n6c1o/arm64-v8a/_deps/vulkanmemoryallocator-src/include/vk_mem_alloc.h:11005:31: note: insert '_Nullable' if the pointer may be null
C/C++:  11005 | void VmaAllocation_T::SetName(VmaAllocator hAllocator, const char* pName)
C/C++:        |                               ^
C/C++:        |                                            _Nullable
C/C++: D:/Foundation-SM64/Android/app/.cxx/Debug/592n6c1o/arm64-v8a/_deps/vulkanmemoryallocator-src/include/vk_mem_alloc.h:11005:31: note: insert '_Nonnull' if the pointer should never be null
C/C++:  11005 | void VmaAllocation_T::SetName(VmaAllocator hAllocator, const char* pName)
C/C++:        |                               ^
C/C++:        |                                            _Nonnull
C/C++: D:/Foundation-SM64/Android/app/.cxx/Debug/592n6c1o/arm64-v8a/_deps/vulkanmemoryallocator-src/include/vk_mem_alloc.h:11005:66: warning: pointer is missing a nullability type specifier (_Nonnull, _Nullable, or _Null_unspecified) [-Wnullability-completeness]
C/C++:  11005 | void VmaAllocation_T::SetName(VmaAllocator hAllocator, const char* pName)
C/C++:        |                                                                  ^
C/C++: D:/Foundation-SM64/Android/app/.cxx/Debug/592n6c1o/arm64-v8a/_deps/vulkanmemoryallocator-src/include/vk_mem_alloc.h:11005:66: note: insert '_Nullable' if the pointer may be null
C/C++:  11005 | void VmaAllocation_T::SetName(VmaAllocator hAllocator, const char* pName)
C/C++:        |                                                                  ^
C/C++:        |                                                                    _Nullable
C/C++: D:/Foundation-SM64/Android/app/.cxx/Debug/592n6c1o/arm64-v8a/_deps/vulkanmemoryallocator-src/include/vk_mem_alloc.h:11005:66: note: insert '_Nonnull' if the pointer should never be null
C/C++:  11005 | void VmaAllocation_T::SetName(VmaAllocator hAllocator, const char* pName)
C/C++:        |                                                                  ^
C/C++:        |                                                                    _Nonnull
C/C++: D:/Foundation-SM64/Android/app/.cxx/Debug/592n6c1o/arm64-v8a/_deps/vulkanmemoryallocator-src/include/vk_mem_alloc.h:11015:46: warning: pointer is missing a nullability type specifier (_Nonnull, _Nullable, or _Null_unspecified) [-Wnullability-completeness]
C/C++:  11015 | uint8_t VmaAllocation_T::SwapBlockAllocation(VmaAllocator hAllocator, VmaAllocation allocation)
C/C++:        |                                              ^
C/C++: D:/Foundation-SM64/Android/app/.cxx/Debug/592n6c1o/arm64-v8a/_deps/vulkanmemoryallocator-src/include/vk_mem_alloc.h:11015:46: note: insert '_Nullable' if the pointer may be null
C/C++:  11015 | uint8_t VmaAllocation_T::SwapBlockAllocation(VmaAllocator hAllocator, VmaAllocation allocation)
C/C++:        |                                              ^
C/C++:        |                                                           _Nullable
C/C++: D:/Foundation-SM64/Android/app/.cxx/Debug/592n6c1o/arm64-v8a/_deps/vulkanmemoryallocator-src/include/vk_mem_alloc.h:11015:46: note: insert '_Nonnull' if the pointer should never be null
C/C++:  11015 | uint8_t VmaAllocation_T::SwapBlockAllocation(VmaAllocator hAllocator, VmaAllocation allocation)
C/C++:        |                                              ^
C/C++:        |                                                           _Nonnull
C/C++: D:/Foundation-SM64/Android/app/.cxx/Debug/592n6c1o/arm64-v8a/_deps/vulkanmemoryallocator-src/include/vk_mem_alloc.h:11015:71: warning: pointer is missing a nullability type specifier (_Nonnull, _Nullable, or _Null_unspecified) [-Wnullability-completeness]
C/C++:  11015 | uint8_t VmaAllocation_T::SwapBlockAllocation(VmaAllocator hAllocator, VmaAllocation allocation)
C/C++:        |                                                                       ^
C/C++: D:/Foundation-SM64/Android/app/.cxx/Debug/592n6c1o/arm64-v8a/_deps/vulkanmemoryallocator-src/include/vk_mem_alloc.h:11015:71: note: insert '_Nullable' if the pointer may be null
C/C++:  11015 | uint8_t VmaAllocation_T::SwapBlockAllocation(VmaAllocator hAllocator, VmaAllocation allocation)
C/C++:        |                                                                       ^
C/C++:        |                                                                                     _Nullable
C/C++: D:/Foundation-SM64/Android/app/.cxx/Debug/592n6c1o/arm64-v8a/_deps/vulkanmemoryallocator-src/include/vk_mem_alloc.h:11015:71: note: insert '_Nonnull' if the pointer should never be null
C/C++:  11015 | uint8_t VmaAllocation_T::SwapBlockAllocation(VmaAllocator hAllocator, VmaAllocation allocation)
C/C++:        |                                                                       ^
C/C++:        |                                                                                     _Nonnull
C/C++: D:/Foundation-SM64/Android/app/.cxx/Debug/592n6c1o/arm64-v8a/_deps/vulkanmemoryallocator-src/include/vk_mem_alloc.h:11034:1: warning: pointer is missing a nullability type specifier (_Nonnull, _Nullable, or _Null_unspecified) [-Wnullability-completeness]
C/C++:  11034 | VmaAllocHandle VmaAllocation_T::GetAllocHandle() const
C/C++:        | ^
C/C++: D:/Foundation-SM64/Android/app/.cxx/Debug/592n6c1o/arm64-v8a/_deps/vulkanmemoryallocator-src/include/vk_mem_alloc.h:11034:1: note: insert '_Nullable' if the pointer may be null
C/C++:  11034 | VmaAllocHandle VmaAllocation_T::GetAllocHandle() const
C/C++:        | ^
C/C++:        |                _Nullable
C/C++: D:/Foundation-SM64/Android/app/.cxx/Debug/592n6c1o/arm64-v8a/_deps/vulkanmemoryallocator-src/include/vk_mem_alloc.h:11034:1: note: insert '_Nonnull' if the pointer should never be null
C/C++:  11034 | VmaAllocHandle VmaAllocation_T::GetAllocHandle() const
C/C++:        | ^
C/C++:        |                _Nonnull
C/C++: D:/Foundation-SM64/Android/app/.cxx/Debug/592n6c1o/arm64-v8a/_deps/vulkanmemoryallocator-src/include/vk_mem_alloc.h:11062:1: warning: pointer is missing a nullability type specifier (_Nonnull, _Nullable, or _Null_unspecified) [-Wnullability-completeness]
C/C++:  11062 | VmaPool VmaAllocation_T::GetParentPool() const
C/C++:        | ^
C/C++: D:/Foundation-SM64/Android/app/.cxx/Debug/592n6c1o/arm64-v8a/_deps/vulkanmemoryallocator-src/include/vk_mem_alloc.h:11062:1: note: insert '_Nullable' if the pointer may be null
C/C++:  11062 | VmaPool VmaAllocation_T::GetParentPool() const
C/C++:        | ^
C/C++:        |         _Nullable
C/C++: D:/Foundation-SM64/Android/app/.cxx/Debug/592n6c1o/arm64-v8a/_deps/vulkanmemoryallocator-src/include/vk_mem_alloc.h:11062:1: note: insert '_Nonnull' if the pointer should never be null
C/C++:  11062 | VmaPool VmaAllocation_T::GetParentPool() const
C/C++:        | ^
C/C++:        |         _Nonnull
C/C++: D:/Foundation-SM64/Android/app/.cxx/Debug/592n6c1o/arm64-v8a/_deps/vulkanmemoryallocator-src/include/vk_mem_alloc.h:11076:1: warning: pointer is missing a nullability type specifier (_Nonnull, _Nullable, or _Null_unspecified) [-Wnullability-completeness]
C/C++:  11076 | VkDeviceMemory VmaAllocation_T::GetMemory() const
C/C++:        | ^
C/C++: D:/Foundation-SM64/Android/app/.cxx/Debug/592n6c1o/arm64-v8a/_deps/vulkanmemoryallocator-src/include/vk_mem_alloc.h:11076:1: note: insert '_Nullable' if the pointer may be null
C/C++:  11076 | VkDeviceMemory VmaAllocation_T::GetMemory() const
C/C++:        | ^
C/C++:        |                _Nullable
C/C++: D:/Foundation-SM64/Android/app/.cxx/Debug/592n6c1o/arm64-v8a/_deps/vulkanmemoryallocator-src/include/vk_mem_alloc.h:11076:1: note: insert '_Nonnull' if the pointer should never be null
C/C++:  11076 | VkDeviceMemory VmaAllocation_T::GetMemory() const
C/C++:        | ^
C/C++:        |                _Nonnull
C/C++: D:/Foundation-SM64/Android/app/.cxx/Debug/592n6c1o/arm64-v8a/_deps/vulkanmemoryallocator-src/include/vk_mem_alloc.h:11090:5: warning: pointer is missing a nullability type specifier (_Nonnull, _Nullable, or _Null_unspecified) [-Wnullability-completeness]
C/C++:  11090 | void* VmaAllocation_T::GetMappedData() const
C/C++:        |     ^
C/C++: D:/Foundation-SM64/Android/app/.cxx/Debug/592n6c1o/arm64-v8a/_deps/vulkanmemoryallocator-src/include/vk_mem_alloc.h:11090:5: note: insert '_Nullable' if the pointer may be null
C/C++:  11090 | void* VmaAllocation_T::GetMappedData() const
C/C++:        |     ^
C/C++:        |       _Nullable
C/C++: D:/Foundation-SM64/Android/app/.cxx/Debug/592n6c1o/arm64-v8a/_deps/vulkanmemoryallocator-src/include/vk_mem_alloc.h:11090:5: note: insert '_Nonnull' if the pointer should never be null
C/C++:  11090 | void* VmaAllocation_T::GetMappedData() const
C/C++:        |     ^
C/C++:        |       _Nonnull
C/C++: D:/Foundation-SM64/Android/app/.cxx/Debug/592n6c1o/arm64-v8a/_deps/vulkanmemoryallocator-src/include/vk_mem_alloc.h:11145:45: warning: pointer is missing a nullability type specifier (_Nonnull, _Nullable, or _Null_unspecified) [-Wnullability-completeness]
C/C++:  11145 | VkResult VmaAllocation_T::DedicatedAllocMap(VmaAllocator hAllocator, void** ppData)
C/C++:        |                                             ^
C/C++: D:/Foundation-SM64/Android/app/.cxx/Debug/592n6c1o/arm64-v8a/_deps/vulkanmemoryallocator-src/include/vk_mem_alloc.h:11145:45: note: insert '_Nullable' if the pointer may be null
C/C++:  11145 | VkResult VmaAllocation_T::DedicatedAllocMap(VmaAllocator hAllocator, void** ppData)
C/C++:        |                                             ^
C/C++:        |                                                          _Nullable
C/C++: D:/Foundation-SM64/Android/app/.cxx/Debug/592n6c1o/arm64-v8a/_deps/vulkanmemoryallocator-src/include/vk_mem_alloc.h:11145:45: note: insert '_Nonnull' if the pointer should never be null
C/C++:  11145 | VkResult VmaAllocation_T::DedicatedAllocMap(VmaAllocator hAllocator, void** ppData)
C/C++:        |                                             ^
C/C++:        |                                                          _Nonnull
C/C++: D:/Foundation-SM64/Android/app/.cxx/Debug/592n6c1o/arm64-v8a/_deps/vulkanmemoryallocator-src/include/vk_mem_alloc.h:11145:74: warning: pointer is missing a nullability type specifier (_Nonnull, _Nullable, or _Null_unspecified) [-Wnullability-completeness]
C/C++:  11145 | VkResult VmaAllocation_T::DedicatedAllocMap(VmaAllocator hAllocator, void** ppData)
C/C++:        |                                                                          ^
C/C++: D:/Foundation-SM64/Android/app/.cxx/Debug/592n6c1o/arm64-v8a/_deps/vulkanmemoryallocator-src/include/vk_mem_alloc.h:11145:74: note: insert '_Nullable' if the pointer may be null
C/C++:  11145 | VkResult VmaAllocation_T::DedicatedAllocMap(VmaAllocator hAllocator, void** ppData)
C/C++:        |                                                                          ^
C/C++:        |                                                                           _Nullable
C/C++: D:/Foundation-SM64/Android/app/.cxx/Debug/592n6c1o/arm64-v8a/_deps/vulkanmemoryallocator-src/include/vk_mem_alloc.h:11145:74: note: insert '_Nonnull' if the pointer should never be null
C/C++:  11145 | VkResult VmaAllocation_T::DedicatedAllocMap(VmaAllocator hAllocator, void** ppData)
C/C++:        |                                                                          ^
C/C++:        |                                                                           _Nonnull
C/C++: D:/Foundation-SM64/Android/app/.cxx/Debug/592n6c1o/arm64-v8a/_deps/vulkanmemoryallocator-src/include/vk_mem_alloc.h:11145:75: warning: pointer is missing a nullability type specifier (_Nonnull, _Nullable, or _Null_unspecified) [-Wnullability-completeness]
C/C++:  11145 | VkResult VmaAllocation_T::DedicatedAllocMap(VmaAllocator hAllocator, void** ppData)
C/C++:        |                                                                           ^
C/C++: D:/Foundation-SM64/Android/app/.cxx/Debug/592n6c1o/arm64-v8a/_deps/vulkanmemoryallocator-src/include/vk_mem_alloc.h:11145:75: note: insert '_Nullable' if the pointer may be null
C/C++:  11145 | VkResult VmaAllocation_T::DedicatedAllocMap(VmaAllocator hAllocator, void** ppData)
C/C++:        |                                                                           ^
C/C++:        |                                                                             _Nullable
C/C++: D:/Foundation-SM64/Android/app/.cxx/Debug/592n6c1o/arm64-v8a/_deps/vulkanmemoryallocator-src/include/vk_mem_alloc.h:11145:75: note: insert '_Nonnull' if the pointer should never be null
C/C++:  11145 | VkResult VmaAllocation_T::DedicatedAllocMap(VmaAllocator hAllocator, void** ppData)
C/C++:        |                                                                           ^
C/C++:        |                                                                             _Nonnull
C/C++: D:/Foundation-SM64/Android/app/.cxx/Debug/592n6c1o/arm64-v8a/_deps/vulkanmemoryallocator-src/include/vk_mem_alloc.h:11181:43: warning: pointer is missing a nullability type specifier (_Nonnull, _Nullable, or _Null_unspecified) [-Wnullability-completeness]
C/C++:  11181 | void VmaAllocation_T::DedicatedAllocUnmap(VmaAllocator hAllocator)
C/C++:        |                                           ^
C/C++: D:/Foundation-SM64/Android/app/.cxx/Debug/592n6c1o/arm64-v8a/_deps/vulkanmemoryallocator-src/include/vk_mem_alloc.h:11181:43: note: insert '_Nullable' if the pointer may be null
C/C++:  11181 | void VmaAllocation_T::DedicatedAllocUnmap(VmaAllocator hAllocator)
C/C++:        |                                           ^
C/C++:        |                                                        _Nullable
C/C++: D:/Foundation-SM64/Android/app/.cxx/Debug/592n6c1o/arm64-v8a/_deps/vulkanmemoryallocator-src/include/vk_mem_alloc.h:11181:43: note: insert '_Nonnull' if the pointer should never be null
C/C++:  11181 | void VmaAllocation_T::DedicatedAllocUnmap(VmaAllocator hAllocator)
C/C++:        |                                           ^
C/C++:        |                                                        _Nonnull
C/C++: D:/Foundation-SM64/Android/app/.cxx/Debug/592n6c1o/arm64-v8a/_deps/vulkanmemoryallocator-src/include/vk_mem_alloc.h:11246:39: warning: pointer is missing a nullability type specifier (_Nonnull, _Nullable, or _Null_unspecified) [-Wnullability-completeness]
C/C++:  11246 | void VmaAllocation_T::EnsureExtraData(VmaAllocator hAllocator)
C/C++:        |                                       ^
C/C++: D:/Foundation-SM64/Android/app/.cxx/Debug/592n6c1o/arm64-v8a/_deps/vulkanmemoryallocator-src/include/vk_mem_alloc.h:11246:39: note: insert '_Nullable' if the pointer may be null
C/C++:  11246 | void VmaAllocation_T::EnsureExtraData(VmaAllocator hAllocator)
C/C++:        |                                       ^
C/C++:        |                                                    _Nullable
C/C++: D:/Foundation-SM64/Android/app/.cxx/Debug/592n6c1o/arm64-v8a/_deps/vulkanmemoryallocator-src/include/vk_mem_alloc.h:11246:39: note: insert '_Nonnull' if the pointer should never be null
C/C++:  11246 | void VmaAllocation_T::EnsureExtraData(VmaAllocator hAllocator)
C/C++:        |                                       ^
C/C++:        |                                                    _Nonnull
C/C++: D:/Foundation-SM64/Android/app/.cxx/Debug/592n6c1o/arm64-v8a/_deps/vulkanmemoryallocator-src/include/vk_mem_alloc.h:11254:32: warning: pointer is missing a nullability type specifier (_Nonnull, _Nullable, or _Null_unspecified) [-Wnullability-completeness]
C/C++:  11254 | void VmaAllocation_T::FreeName(VmaAllocator hAllocator)
C/C++:        |                                ^
C/C++: D:/Foundation-SM64/Android/app/.cxx/Debug/592n6c1o/arm64-v8a/_deps/vulkanmemoryallocator-src/include/vk_mem_alloc.h:11254:32: note: insert '_Nullable' if the pointer may be null
C/C++:  11254 | void VmaAllocation_T::FreeName(VmaAllocator hAllocator)
C/C++:        |                                ^
C/C++:        |                                             _Nullable
C/C++: D:/Foundation-SM64/Android/app/.cxx/Debug/592n6c1o/arm64-v8a/_deps/vulkanmemoryallocator-src/include/vk_mem_alloc.h:11254:32: note: insert '_Nonnull' if the pointer should never be null
C/C++:  11254 | void VmaAllocation_T::FreeName(VmaAllocator hAllocator)
C/C++:        |                                ^
C/C++:        |                                             _Nonnull
C/C++: D:/Foundation-SM64/Android/app/.cxx/Debug/592n6c1o/arm64-v8a/_deps/vulkanmemoryallocator-src/include/vk_mem_alloc.h:11266:5: warning: pointer is missing a nullability type specifier (_Nonnull, _Nullable, or _Null_unspecified) [-Wnullability-completeness]
C/C++:  11266 |     VmaAllocator hAllocator,
C/C++:        |     ^
C/C++: D:/Foundation-SM64/Android/app/.cxx/Debug/592n6c1o/arm64-v8a/_deps/vulkanmemoryallocator-src/include/vk_mem_alloc.h:11266:5: note: insert '_Nullable' if the pointer may be null
C/C++:  11266 |     VmaAllocator hAllocator,
C/C++:        |     ^
C/C++:        |                  _Nullable
C/C++: D:/Foundation-SM64/Android/app/.cxx/Debug/592n6c1o/arm64-v8a/_deps/vulkanmemoryallocator-src/include/vk_mem_alloc.h:11266:5: note: insert '_Nonnull' if the pointer should never be null
C/C++:  11266 |     VmaAllocator hAllocator,
C/C++:        |     ^
C/C++:        |                  _Nonnull
C/C++: D:/Foundation-SM64/Android/app/.cxx/Debug/592n6c1o/arm64-v8a/_deps/vulkanmemoryallocator-src/include/vk_mem_alloc.h:11267:5: warning: pointer is missing a nullability type specifier (_Nonnull, _Nullable, or _Null_unspecified) [-Wnullability-completeness]
C/C++:  11267 |     VmaPool hParentPool,
C/C++:        |     ^
C/C++: D:/Foundation-SM64/Android/app/.cxx/Debug/592n6c1o/arm64-v8a/_deps/vulkanmemoryallocator-src/include/vk_mem_alloc.h:11267:5: note: insert '_Nullable' if the pointer may be null
C/C++:  11267 |     VmaPool hParentPool,
C/C++:        |     ^
C/C++:        |             _Nullable
C/C++: D:/Foundation-SM64/Android/app/.cxx/Debug/592n6c1o/arm64-v8a/_deps/vulkanmemoryallocator-src/include/vk_mem_alloc.h:11267:5: note: insert '_Nonnull' if the pointer should never be null
C/C++:  11267 |     VmaPool hParentPool,
C/C++:        |     ^
C/C++:        |             _Nonnull
C/C++: D:/Foundation-SM64/Android/app/.cxx/Debug/592n6c1o/arm64-v8a/_deps/vulkanmemoryallocator-src/include/vk_mem_alloc.h:11277:9: warning: pointer is missing a nullability type specifier (_Nonnull, _Nullable, or _Null_unspecified) [-Wnullability-completeness]
C/C++:  11277 |     void* pMemoryAllocateNext)
C/C++:        |         ^
C/C++: D:/Foundation-SM64/Android/app/.cxx/Debug/592n6c1o/arm64-v8a/_deps/vulkanmemoryallocator-src/include/vk_mem_alloc.h:11277:9: note: insert '_Nullable' if the pointer may be null
C/C++:  11277 |     void* pMemoryAllocateNext)
C/C++:        |         ^
C/C++:        |           _Nullable
C/C++: D:/Foundation-SM64/Android/app/.cxx/Debug/592n6c1o/arm64-v8a/_deps/vulkanmemoryallocator-src/include/vk_mem_alloc.h:11277:9: note: insert '_Nonnull' if the pointer should never be null
C/C++:  11277 |     void* pMemoryAllocateNext)
C/C++:        |         ^
C/C++:        |           _Nonnull
C/C++: D:/Foundation-SM64/Android/app/.cxx/Debug/592n6c1o/arm64-v8a/_deps/vulkanmemoryallocator-src/include/vk_mem_alloc.h:11364:5: warning: pointer is missing a nullability type specifier (_Nonnull, _Nullable, or _Null_unspecified) [-Wnullability-completeness]
C/C++:  11364 |     VmaAllocation* pAllocations)
C/C++:        |     ^
C/C++: D:/Foundation-SM64/Android/app/.cxx/Debug/592n6c1o/arm64-v8a/_deps/vulkanmemoryallocator-src/include/vk_mem_alloc.h:11364:5: note: insert '_Nullable' if the pointer may be null
C/C++:  11364 |     VmaAllocation* pAllocations)
C/C++:        |     ^            
C/C++:        |                   _Nullable 
C/C++: D:/Foundation-SM64/Android/app/.cxx/Debug/592n6c1o/arm64-v8a/_deps/vulkanmemoryallocator-src/include/vk_mem_alloc.h:11364:5: note: insert '_Nonnull' if the pointer should never be null
C/C++:  11364 |     VmaAllocation* pAllocations)
C/C++:        |     ^            
C/C++:        |                   _Nonnull 
C/C++: D:/Foundation-SM64/Android/app/.cxx/Debug/592n6c1o/arm64-v8a/_deps/vulkanmemoryallocator-src/include/vk_mem_alloc.h:11364:18: warning: pointer is missing a nullability type specifier (_Nonnull, _Nullable, or _Null_unspecified) [-Wnullability-completeness]
C/C++:  11364 |     VmaAllocation* pAllocations)
C/C++:        |                  ^
C/C++: D:/Foundation-SM64/Android/app/.cxx/Debug/592n6c1o/arm64-v8a/_deps/vulkanmemoryallocator-src/include/vk_mem_alloc.h:11364:18: note: insert '_Nullable' if the pointer may be null
C/C++:  11364 |     VmaAllocation* pAllocations)
C/C++:        |                  ^
C/C++:        |                    _Nullable
C/C++: D:/Foundation-SM64/Android/app/.cxx/Debug/592n6c1o/arm64-v8a/_deps/vulkanmemoryallocator-src/include/vk_mem_alloc.h:11364:18: note: insert '_Nonnull' if the pointer should never be null
C/C++:  11364 |     VmaAllocation* pAllocations)
C/C++:        |                  ^
C/C++:        |                    _Nonnull
C/C++: D:/Foundation-SM64/Android/app/.cxx/Debug/592n6c1o/arm64-v8a/_deps/vulkanmemoryallocator-src/include/vk_mem_alloc.h:11410:5: warning: pointer is missing a nullability type specifier (_Nonnull, _Nullable, or _Null_unspecified) [-Wnullability-completeness]
C/C++:  11410 |     VmaAllocation* pAllocation)
C/C++:        |     ^
C/C++: D:/Foundation-SM64/Android/app/.cxx/Debug/592n6c1o/arm64-v8a/_deps/vulkanmemoryallocator-src/include/vk_mem_alloc.h:11410:5: note: insert '_Nullable' if the pointer may be null
C/C++:  11410 |     VmaAllocation* pAllocation)
C/C++:        |     ^            
C/C++:        |                   _Nullable 
C/C++: D:/Foundation-SM64/Android/app/.cxx/Debug/592n6c1o/arm64-v8a/_deps/vulkanmemoryallocator-src/include/vk_mem_alloc.h:11410:5: note: insert '_Nonnull' if the pointer should never be null
C/C++:  11410 |     VmaAllocation* pAllocation)
C/C++:        |     ^            
C/C++:        |                   _Nonnull 
C/C++: D:/Foundation-SM64/Android/app/.cxx/Debug/592n6c1o/arm64-v8a/_deps/vulkanmemoryallocator-src/include/vk_mem_alloc.h:11410:18: warning: pointer is missing a nullability type specifier (_Nonnull, _Nullable, or _Null_unspecified) [-Wnullability-completeness]
C/C++:  11410 |     VmaAllocation* pAllocation)
C/C++:        |                  ^
C/C++: D:/Foundation-SM64/Android/app/.cxx/Debug/592n6c1o/arm64-v8a/_deps/vulkanmemoryallocator-src/include/vk_mem_alloc.h:11410:18: note: insert '_Nullable' if the pointer may be null
C/C++:  11410 |     VmaAllocation* pAllocation)
C/C++:        |                  ^
C/C++:        |                    _Nullable
C/C++: D:/Foundation-SM64/Android/app/.cxx/Debug/592n6c1o/arm64-v8a/_deps/vulkanmemoryallocator-src/include/vk_mem_alloc.h:11410:18: note: insert '_Nonnull' if the pointer should never be null
C/C++:  11410 |     VmaAllocation* pAllocation)
C/C++:        |                  ^
C/C++:        |                    _Nonnull
C/C++: D:/Foundation-SM64/Android/app/.cxx/Debug/592n6c1o/arm64-v8a/_deps/vulkanmemoryallocator-src/include/vk_mem_alloc.h:11607:27: warning: pointer is missing a nullability type specifier (_Nonnull, _Nullable, or _Null_unspecified) [-Wnullability-completeness]
C/C++:  11607 | void VmaBlockVector::Free(VmaAllocation hAllocation)
C/C++:        |                           ^
C/C++: D:/Foundation-SM64/Android/app/.cxx/Debug/592n6c1o/arm64-v8a/_deps/vulkanmemoryallocator-src/include/vk_mem_alloc.h:11607:27: note: insert '_Nullable' if the pointer may be null
C/C++:  11607 | void VmaBlockVector::Free(VmaAllocation hAllocation)
C/C++:        |                           ^
C/C++:        |                                         _Nullable
C/C++: D:/Foundation-SM64/Android/app/.cxx/Debug/592n6c1o/arm64-v8a/_deps/vulkanmemoryallocator-src/include/vk_mem_alloc.h:11607:27: note: insert '_Nonnull' if the pointer should never be null
C/C++:  11607 | void VmaBlockVector::Free(VmaAllocation hAllocation)
C/C++:        |                           ^
C/C++:        |                                         _Nonnull
C/C++: D:/Foundation-SM64/Android/app/.cxx/Debug/592n6c1o/arm64-v8a/_deps/vulkanmemoryallocator-src/include/vk_mem_alloc.h:11698:49: warning: pointer is missing a nullability type specifier (_Nonnull, _Nullable, or _Null_unspecified) [-Wnullability-completeness]
C/C++:  11698 | void VmaBlockVector::Remove(VmaDeviceMemoryBlock* pBlock)
C/C++:        |                                                 ^
C/C++: D:/Foundation-SM64/Android/app/.cxx/Debug/592n6c1o/arm64-v8a/_deps/vulkanmemoryallocator-src/include/vk_mem_alloc.h:11698:49: note: insert '_Nullable' if the pointer may be null
C/C++:  11698 | void VmaBlockVector::Remove(VmaDeviceMemoryBlock* pBlock)
C/C++:        |                                                 ^
C/C++:        |                                                   _Nullable
C/C++: D:/Foundation-SM64/Android/app/.cxx/Debug/592n6c1o/arm64-v8a/_deps/vulkanmemoryallocator-src/include/vk_mem_alloc.h:11698:49: note: insert '_Nonnull' if the pointer should never be null
C/C++:  11698 | void VmaBlockVector::Remove(VmaDeviceMemoryBlock* pBlock)
C/C++:        |                                                 ^
C/C++:        |                                                   _Nonnull
C/C++: D:/Foundation-SM64/Android/app/.cxx/Debug/592n6c1o/arm64-v8a/_deps/vulkanmemoryallocator-src/include/vk_mem_alloc.h:11739:25: warning: pointer is missing a nullability type specifier (_Nonnull, _Nullable, or _Null_unspecified) [-Wnullability-completeness]
C/C++:  11739 |     VmaDeviceMemoryBlock* pBlock,
C/C++:        |                         ^
C/C++: D:/Foundation-SM64/Android/app/.cxx/Debug/592n6c1o/arm64-v8a/_deps/vulkanmemoryallocator-src/include/vk_mem_alloc.h:11739:25: note: insert '_Nullable' if the pointer may be null
C/C++:  11739 |     VmaDeviceMemoryBlock* pBlock,
C/C++:        |                         ^
C/C++:        |                           _Nullable
C/C++: D:/Foundation-SM64/Android/app/.cxx/Debug/592n6c1o/arm64-v8a/_deps/vulkanmemoryallocator-src/include/vk_mem_alloc.h:11739:25: note: insert '_Nonnull' if the pointer should never be null
C/C++:  11739 |     VmaDeviceMemoryBlock* pBlock,
C/C++:        |                         ^
C/C++:        |                           _Nonnull
C/C++: D:/Foundation-SM64/Android/app/.cxx/Debug/592n6c1o/arm64-v8a/_deps/vulkanmemoryallocator-src/include/vk_mem_alloc.h:11743:9: warning: pointer is missing a nullability type specifier (_Nonnull, _Nullable, or _Null_unspecified) [-Wnullability-completeness]
C/C++:  11743 |     void* pUserData,
C/C++:        |         ^
C/C++: D:/Foundation-SM64/Android/app/.cxx/Debug/592n6c1o/arm64-v8a/_deps/vulkanmemoryallocator-src/include/vk_mem_alloc.h:11743:9: note: insert '_Nullable' if the pointer may be null
C/C++:  11743 |     void* pUserData,
C/C++:        |         ^
C/C++:        |           _Nullable
C/C++: D:/Foundation-SM64/Android/app/.cxx/Debug/592n6c1o/arm64-v8a/_deps/vulkanmemoryallocator-src/include/vk_mem_alloc.h:11743:9: note: insert '_Nonnull' if the pointer should never be null
C/C++:  11743 |     void* pUserData,
C/C++:        |         ^
C/C++:        |           _Nonnull
C/C++: D:/Foundation-SM64/Android/app/.cxx/Debug/592n6c1o/arm64-v8a/_deps/vulkanmemoryallocator-src/include/vk_mem_alloc.h:11746:5: warning: pointer is missing a nullability type specifier (_Nonnull, _Nullable, or _Null_unspecified) [-Wnullability-completeness]
C/C++:  11746 |     VmaAllocation* pAllocation)
C/C++:        |     ^
C/C++: D:/Foundation-SM64/Android/app/.cxx/Debug/592n6c1o/arm64-v8a/_deps/vulkanmemoryallocator-src/include/vk_mem_alloc.h:11746:5: note: insert '_Nullable' if the pointer may be null
C/C++:  11746 |     VmaAllocation* pAllocation)
C/C++:        |     ^            
C/C++:        |                   _Nullable 
C/C++: D:/Foundation-SM64/Android/app/.cxx/Debug/592n6c1o/arm64-v8a/_deps/vulkanmemoryallocator-src/include/vk_mem_alloc.h:11746:5: note: insert '_Nonnull' if the pointer should never be null
C/C++:  11746 |     VmaAllocation* pAllocation)
C/C++:        |     ^            
C/C++:        |                   _Nonnull 
C/C++: D:/Foundation-SM64/Android/app/.cxx/Debug/592n6c1o/arm64-v8a/_deps/vulkanmemoryallocator-src/include/vk_mem_alloc.h:11746:18: warning: pointer is missing a nullability type specifier (_Nonnull, _Nullable, or _Null_unspecified) [-Wnullability-completeness]
C/C++:  11746 |     VmaAllocation* pAllocation)
C/C++:        |                  ^
C/C++: D:/Foundation-SM64/Android/app/.cxx/Debug/592n6c1o/arm64-v8a/_deps/vulkanmemoryallocator-src/include/vk_mem_alloc.h:11746:18: note: insert '_Nullable' if the pointer may be null
C/C++:  11746 |     VmaAllocation* pAllocation)
C/C++:        |                  ^
C/C++:        |                    _Nullable
C/C++: D:/Foundation-SM64/Android/app/.cxx/Debug/592n6c1o/arm64-v8a/_deps/vulkanmemoryallocator-src/include/vk_mem_alloc.h:11746:18: note: insert '_Nonnull' if the pointer should never be null
C/C++:  11746 |     VmaAllocation* pAllocation)
C/C++:        |                  ^
C/C++:        |                    _Nonnull
C/C++: D:/Foundation-SM64/Android/app/.cxx/Debug/592n6c1o/arm64-v8a/_deps/vulkanmemoryallocator-src/include/vk_mem_alloc.h:11766:25: warning: pointer is missing a nullability type specifier (_Nonnull, _Nullable, or _Null_unspecified) [-Wnullability-completeness]
C/C++:  11766 |     VmaDeviceMemoryBlock* pBlock,
C/C++:        |                         ^
C/C++: D:/Foundation-SM64/Android/app/.cxx/Debug/592n6c1o/arm64-v8a/_deps/vulkanmemoryallocator-src/include/vk_mem_alloc.h:11766:25: note: insert '_Nullable' if the pointer may be null
C/C++:  11766 |     VmaDeviceMemoryBlock* pBlock,
C/C++:        |                         ^
C/C++:        |                           _Nullable
C/C++: D:/Foundation-SM64/Android/app/.cxx/Debug/592n6c1o/arm64-v8a/_deps/vulkanmemoryallocator-src/include/vk_mem_alloc.h:11766:25: note: insert '_Nonnull' if the pointer should never be null
C/C++:  11766 |     VmaDeviceMemoryBlock* pBlock,
C/C++:        |                         ^
C/C++:        |                           _Nonnull
C/C++: D:/Foundation-SM64/Android/app/.cxx/Debug/592n6c1o/arm64-v8a/_deps/vulkanmemoryallocator-src/include/vk_mem_alloc.h:11769:9: warning: pointer is missing a nullability type specifier (_Nonnull, _Nullable, or _Null_unspecified) [-Wnullability-completeness]
C/C++:  11769 |     void* pUserData,
C/C++:        |         ^
C/C++: D:/Foundation-SM64/Android/app/.cxx/Debug/592n6c1o/arm64-v8a/_deps/vulkanmemoryallocator-src/include/vk_mem_alloc.h:11769:9: note: insert '_Nullable' if the pointer may be null
C/C++:  11769 |     void* pUserData,
C/C++:        |         ^
C/C++:        |           _Nullable
C/C++: D:/Foundation-SM64/Android/app/.cxx/Debug/592n6c1o/arm64-v8a/_deps/vulkanmemoryallocator-src/include/vk_mem_alloc.h:11769:9: note: insert '_Nonnull' if the pointer should never be null
C/C++:  11769 |     void* pUserData,
C/C++:        |         ^
C/C++:        |           _Nonnull
C/C++: D:/Foundation-SM64/Android/app/.cxx/Debug/592n6c1o/arm64-v8a/_deps/vulkanmemoryallocator-src/include/vk_mem_alloc.h:11771:5: warning: pointer is missing a nullability type specifier (_Nonnull, _Nullable, or _Null_unspecified) [-Wnullability-completeness]
C/C++:  11771 |     VmaAllocation* pAllocation)
C/C++:        |     ^
C/C++: D:/Foundation-SM64/Android/app/.cxx/Debug/592n6c1o/arm64-v8a/_deps/vulkanmemoryallocator-src/include/vk_mem_alloc.h:11771:5: note: insert '_Nullable' if the pointer may be null
C/C++:  11771 |     VmaAllocation* pAllocation)
C/C++:        |     ^            
C/C++:        |                   _Nullable 
C/C++: D:/Foundation-SM64/Android/app/.cxx/Debug/592n6c1o/arm64-v8a/_deps/vulkanmemoryallocator-src/include/vk_mem_alloc.h:11771:5: note: insert '_Nonnull' if the pointer should never be null
C/C++:  11771 |     VmaAllocation* pAllocation)
C/C++:        |     ^            
C/C++:        |                   _Nonnull 
C/C++: D:/Foundation-SM64/Android/app/.cxx/Debug/592n6c1o/arm64-v8a/_deps/vulkanmemoryallocator-src/include/vk_mem_alloc.h:11771:18: warning: pointer is missing a nullability type specifier (_Nonnull, _Nullable, or _Null_unspecified) [-Wnullability-completeness]
C/C++:  11771 |     VmaAllocation* pAllocation)
C/C++:        |                  ^
C/C++: D:/Foundation-SM64/Android/app/.cxx/Debug/592n6c1o/arm64-v8a/_deps/vulkanmemoryallocator-src/include/vk_mem_alloc.h:11771:18: note: insert '_Nullable' if the pointer may be null
C/C++:  11771 |     VmaAllocation* pAllocation)
C/C++:        |                  ^
C/C++:        |                    _Nullable
C/C++: D:/Foundation-SM64/Android/app/.cxx/Debug/592n6c1o/arm64-v8a/_deps/vulkanmemoryallocator-src/include/vk_mem_alloc.h:11771:18: note: insert '_Nonnull' if the pointer should never be null
C/C++:  11771 |     VmaAllocation* pAllocation)
C/C++:        |                  ^
C/C++:        |                    _Nonnull
C/C++: D:/Foundation-SM64/Android/app/.cxx/Debug/592n6c1o/arm64-v8a/_deps/vulkanmemoryallocator-src/include/vk_mem_alloc.h:11817:68: warning: pointer is missing a nullability type specifier (_Nonnull, _Nullable, or _Null_unspecified) [-Wnullability-completeness]
C/C++:  11817 | VkResult VmaBlockVector::CreateBlock(VkDeviceSize blockSize, size_t* pNewBlockIndex)
C/C++:        |                                                                    ^
C/C++: D:/Foundation-SM64/Android/app/.cxx/Debug/592n6c1o/arm64-v8a/_deps/vulkanmemoryallocator-src/include/vk_mem_alloc.h:11817:68: note: insert '_Nullable' if the pointer may be null
C/C++:  11817 | VkResult VmaBlockVector::CreateBlock(VkDeviceSize blockSize, size_t* pNewBlockIndex)
C/C++:        |                                                                    ^
C/C++:        |                                                                      _Nullable
C/C++: D:/Foundation-SM64/Android/app/.cxx/Debug/592n6c1o/arm64-v8a/_deps/vulkanmemoryallocator-src/include/vk_mem_alloc.h:11817:68: note: insert '_Nonnull' if the pointer should never be null
C/C++:  11817 | VkResult VmaBlockVector::CreateBlock(VkDeviceSize blockSize, size_t* pNewBlockIndex)
C/C++:        |                                                                    ^
C/C++:        |                                                                      _Nonnull
C/C++: D:/Foundation-SM64/Android/app/.cxx/Debug/592n6c1o/arm64-v8a/_deps/vulkanmemoryallocator-src/include/vk_mem_alloc.h:11946:5: warning: pointer is missing a nullability type specifier (_Nonnull, _Nullable, or _Null_unspecified) [-Wnullability-completeness]
C/C++:  11946 |     VmaAllocator hAllocator,
C/C++:        |     ^
C/C++: D:/Foundation-SM64/Android/app/.cxx/Debug/592n6c1o/arm64-v8a/_deps/vulkanmemoryallocator-src/include/vk_mem_alloc.h:11946:5: note: insert '_Nullable' if the pointer may be null
C/C++:  11946 |     VmaAllocator hAllocator,
C/C++:        |     ^
C/C++:        |                  _Nullable
C/C++: D:/Foundation-SM64/Android/app/.cxx/Debug/592n6c1o/arm64-v8a/_deps/vulkanmemoryallocator-src/include/vk_mem_alloc.h:11946:5: note: insert '_Nonnull' if the pointer should never be null
C/C++:  11946 |     VmaAllocator hAllocator,
C/C++:        |     ^
C/C++:        |                  _Nonnull
C/C++: D:/Foundation-SM64/Android/app/.cxx/Debug/592n6c1o/arm64-v8a/_deps/vulkanmemoryallocator-src/include/vk_mem_alloc.h:12329:5: warning: pointer is missing a nullability type specifier (_Nonnull, _Nullable, or _Null_unspecified) [-Wnullability-completeness]
C/C++:  12329 |     VmaAllocHandle handle, VmaBlockMetadata* metadata)
C/C++:        |     ^
C/C++: D:/Foundation-SM64/Android/app/.cxx/Debug/592n6c1o/arm64-v8a/_deps/vulkanmemoryallocator-src/include/vk_mem_alloc.h:12329:5: note: insert '_Nullable' if the pointer may be null
C/C++:  12329 |     VmaAllocHandle handle, VmaBlockMetadata* metadata)
C/C++:        |     ^
C/C++:        |                    _Nullable
C/C++: D:/Foundation-SM64/Android/app/.cxx/Debug/592n6c1o/arm64-v8a/_deps/vulkanmemoryallocator-src/include/vk_mem_alloc.h:12329:5: note: insert '_Nonnull' if the pointer should never be null
C/C++:  12329 |     VmaAllocHandle handle, VmaBlockMetadata* metadata)
C/C++:        |     ^
C/C++:        |                    _Nonnull
C/C++: D:/Foundation-SM64/Android/app/.cxx/Debug/592n6c1o/arm64-v8a/_deps/vulkanmemoryallocator-src/include/vk_mem_alloc.h:12329:44: warning: pointer is missing a nullability type specifier (_Nonnull, _Nullable, or _Null_unspecified) [-Wnullability-completeness]
C/C++:  12329 |     VmaAllocHandle handle, VmaBlockMetadata* metadata)
C/C++:        |                                            ^
C/C++: D:/Foundation-SM64/Android/app/.cxx/Debug/592n6c1o/arm64-v8a/_deps/vulkanmemoryallocator-src/include/vk_mem_alloc.h:12329:44: note: insert '_Nullable' if the pointer may be null
C/C++:  12329 |     VmaAllocHandle handle, VmaBlockMetadata* metadata)
C/C++:        |                                            ^
C/C++:        |                                              _Nullable
C/C++: D:/Foundation-SM64/Android/app/.cxx/Debug/592n6c1o/arm64-v8a/_deps/vulkanmemoryallocator-src/include/vk_mem_alloc.h:12329:44: note: insert '_Nonnull' if the pointer should never be null
C/C++:  12329 |     VmaAllocHandle handle, VmaBlockMetadata* metadata)
C/C++:        |                                            ^
C/C++:        |                                              _Nonnull
C/C++: D:/Foundation-SM64/Android/app/.cxx/Debug/592n6c1o/arm64-v8a/_deps/vulkanmemoryallocator-src/include/vk_mem_alloc.h:12377:98: warning: pointer is missing a nullability type specifier (_Nonnull, _Nullable, or _Null_unspecified) [-Wnullability-completeness]
C/C++:  12377 | bool VmaDefragmentationContext_T::ReallocWithinBlock(VmaBlockVector& vector, VmaDeviceMemoryBlock* block)
C/C++:        |                                                                                                  ^
C/C++: D:/Foundation-SM64/Android/app/.cxx/Debug/592n6c1o/arm64-v8a/_deps/vulkanmemoryallocator-src/include/vk_mem_alloc.h:12377:98: note: insert '_Nullable' if the pointer may be null
C/C++:  12377 | bool VmaDefragmentationContext_T::ReallocWithinBlock(VmaBlockVector& vector, VmaDeviceMemoryBlock* block)
C/C++:        |                                                                                                  ^
C/C++:        |                                                                                                    _Nullable
C/C++: D:/Foundation-SM64/Android/app/.cxx/Debug/592n6c1o/arm64-v8a/_deps/vulkanmemoryallocator-src/include/vk_mem_alloc.h:12377:98: note: insert '_Nonnull' if the pointer should never be null
C/C++:  12377 | bool VmaDefragmentationContext_T::ReallocWithinBlock(VmaBlockVector& vector, VmaDeviceMemoryBlock* block)
C/C++:        |                                                                                                  ^
C/C++:        |                                                                                                    _Nonnull
C/C++: D:/Foundation-SM64/Android/app/.cxx/Debug/592n6c1o/arm64-v8a/_deps/vulkanmemoryallocator-src/include/vk_mem_alloc.h:12928:5: warning: pointer is missing a nullability type specifier (_Nonnull, _Nullable, or _Null_unspecified) [-Wnullability-completeness]
C/C++:  12928 |     VmaAllocator hAllocator,
C/C++:        |     ^
C/C++: D:/Foundation-SM64/Android/app/.cxx/Debug/592n6c1o/arm64-v8a/_deps/vulkanmemoryallocator-src/include/vk_mem_alloc.h:12928:5: note: insert '_Nullable' if the pointer may be null
C/C++:  12928 |     VmaAllocator hAllocator,
C/C++:        |     ^
C/C++:        |                  _Nullable
C/C++: D:/Foundation-SM64/Android/app/.cxx/Debug/592n6c1o/arm64-v8a/_deps/vulkanmemoryallocator-src/include/vk_mem_alloc.h:12928:5: note: insert '_Nonnull' if the pointer should never be null
C/C++:  12928 |     VmaAllocator hAllocator,
C/C++:        |     ^
C/C++:        |                  _Nonnull
C/C++: D:/Foundation-SM64/Android/app/.cxx/Debug/592n6c1o/arm64-v8a/_deps/vulkanmemoryallocator-src/include/vk_mem_alloc.h:12955:35: warning: pointer is missing a nullability type specifier (_Nonnull, _Nullable, or _Null_unspecified) [-Wnullability-completeness]
C/C++:  12955 | void VmaPool_T::SetName(const char* pName)
C/C++:        |                                   ^
C/C++: D:/Foundation-SM64/Android/app/.cxx/Debug/592n6c1o/arm64-v8a/_deps/vulkanmemoryallocator-src/include/vk_mem_alloc.h:12955:35: note: insert '_Nullable' if the pointer may be null
C/C++:  12955 | void VmaPool_T::SetName(const char* pName)
C/C++:        |                                   ^
C/C++:        |                                     _Nullable
C/C++: D:/Foundation-SM64/Android/app/.cxx/Debug/592n6c1o/arm64-v8a/_deps/vulkanmemoryallocator-src/include/vk_mem_alloc.h:12955:35: note: insert '_Nonnull' if the pointer should never be null
C/C++:  12955 | void VmaPool_T::SetName(const char* pName)
C/C++:        |                                   ^
C/C++:        |                                     _Nonnull
C/C++: D:/Foundation-SM64/Android/app/.cxx/Debug/592n6c1o/arm64-v8a/_deps/vulkanmemoryallocator-src/include/vk_mem_alloc.h:12972:60: warning: pointer is missing a nullability type specifier (_Nonnull, _Nullable, or _Null_unspecified) [-Wnullability-completeness]
C/C++:  12972 | VmaAllocator_T::VmaAllocator_T(const VmaAllocatorCreateInfo* pCreateInfo) :
C/C++:        |                                                            ^
C/C++: D:/Foundation-SM64/Android/app/.cxx/Debug/592n6c1o/arm64-v8a/_deps/vulkanmemoryallocator-src/include/vk_mem_alloc.h:12972:60: note: insert '_Nullable' if the pointer may be null
C/C++:  12972 | VmaAllocator_T::VmaAllocator_T(const VmaAllocatorCreateInfo* pCreateInfo) :
C/C++:        |                                                            ^
C/C++:        |                                                              _Nullable
C/C++: D:/Foundation-SM64/Android/app/.cxx/Debug/592n6c1o/arm64-v8a/_deps/vulkanmemoryallocator-src/include/vk_mem_alloc.h:12972:60: note: insert '_Nonnull' if the pointer should never be null
C/C++:  12972 | VmaAllocator_T::VmaAllocator_T(const VmaAllocatorCreateInfo* pCreateInfo) :
C/C++:        |                                                            ^
C/C++:        |                                                              _Nonnull
C/C++: D:/Foundation-SM64/Android/app/.cxx/Debug/592n6c1o/arm64-v8a/_deps/vulkanmemoryallocator-src/include/vk_mem_alloc.h:13165:59: warning: pointer is missing a nullability type specifier (_Nonnull, _Nullable, or _Null_unspecified) [-Wnullability-completeness]
C/C++:  13165 | VkResult VmaAllocator_T::Init(const VmaAllocatorCreateInfo* pCreateInfo)
C/C++:        |                                                           ^
C/C++: D:/Foundation-SM64/Android/app/.cxx/Debug/592n6c1o/arm64-v8a/_deps/vulkanmemoryallocator-src/include/vk_mem_alloc.h:13165:59: note: insert '_Nullable' if the pointer may be null
C/C++:  13165 | VkResult VmaAllocator_T::Init(const VmaAllocatorCreateInfo* pCreateInfo)
C/C++:        |                                                           ^
C/C++:        |                                                             _Nullable
C/C++: D:/Foundation-SM64/Android/app/.cxx/Debug/592n6c1o/arm64-v8a/_deps/vulkanmemoryallocator-src/include/vk_mem_alloc.h:13165:59: note: insert '_Nonnull' if the pointer should never be null
C/C++:  13165 | VkResult VmaAllocator_T::Init(const VmaAllocatorCreateInfo* pCreateInfo)
C/C++:        |                                                           ^
C/C++:        |                                                             _Nonnull
C/C++: D:/Foundation-SM64/Android/app/.cxx/Debug/592n6c1o/arm64-v8a/_deps/vulkanmemoryallocator-src/include/vk_mem_alloc.h:13189:68: warning: pointer is missing a nullability type specifier (_Nonnull, _Nullable, or _Null_unspecified) [-Wnullability-completeness]
C/C++:  13189 | void VmaAllocator_T::ImportVulkanFunctions(const VmaVulkanFunctions* pVulkanFunctions)
C/C++:        |                                                                    ^
C/C++: D:/Foundation-SM64/Android/app/.cxx/Debug/592n6c1o/arm64-v8a/_deps/vulkanmemoryallocator-src/include/vk_mem_alloc.h:13189:68: note: insert '_Nullable' if the pointer may be null
C/C++:  13189 | void VmaAllocator_T::ImportVulkanFunctions(const VmaVulkanFunctions* pVulkanFunctions)
C/C++:        |                                                                    ^
C/C++:        |                                                                      _Nullable
C/C++: D:/Foundation-SM64/Android/app/.cxx/Debug/592n6c1o/arm64-v8a/_deps/vulkanmemoryallocator-src/include/vk_mem_alloc.h:13189:68: note: insert '_Nonnull' if the pointer should never be null
C/C++:  13189 | void VmaAllocator_T::ImportVulkanFunctions(const VmaVulkanFunctions* pVulkanFunctions)
C/C++:        |                                                                    ^
C/C++:        |                                                                      _Nonnull
C/C++: D:/Foundation-SM64/Android/app/.cxx/Debug/592n6c1o/arm64-v8a/_deps/vulkanmemoryallocator-src/include/vk_mem_alloc.h:13261:75: warning: pointer is missing a nullability type specifier (_Nonnull, _Nullable, or _Null_unspecified) [-Wnullability-completeness]
C/C++:  13261 | void VmaAllocator_T::ImportVulkanFunctions_Custom(const VmaVulkanFunctions* pVulkanFunctions)
C/C++:        |                                                                           ^
C/C++: D:/Foundation-SM64/Android/app/.cxx/Debug/592n6c1o/arm64-v8a/_deps/vulkanmemoryallocator-src/include/vk_mem_alloc.h:13261:75: note: insert '_Nullable' if the pointer may be null
C/C++:  13261 | void VmaAllocator_T::ImportVulkanFunctions_Custom(const VmaVulkanFunctions* pVulkanFunctions)
C/C++:        |                                                                           ^
C/C++:        |                                                                             _Nullable
C/C++: D:/Foundation-SM64/Android/app/.cxx/Debug/592n6c1o/arm64-v8a/_deps/vulkanmemoryallocator-src/include/vk_mem_alloc.h:13261:75: note: insert '_Nonnull' if the pointer should never be null
C/C++:  13261 | void VmaAllocator_T::ImportVulkanFunctions_Custom(const VmaVulkanFunctions* pVulkanFunctions)
C/C++:        |                                                                           ^
C/C++:        |                                                                             _Nonnull
C/C++: D:/Foundation-SM64/Android/app/.cxx/Debug/592n6c1o/arm64-v8a/_deps/vulkanmemoryallocator-src/include/vk_mem_alloc.h:13492:5: warning: pointer is missing a nullability type specifier (_Nonnull, _Nullable, or _Null_unspecified) [-Wnullability-completeness]
C/C++:  13492 |     VmaPool pool,
C/C++:        |     ^
C/C++: D:/Foundation-SM64/Android/app/.cxx/Debug/592n6c1o/arm64-v8a/_deps/vulkanmemoryallocator-src/include/vk_mem_alloc.h:13492:5: note: insert '_Nullable' if the pointer may be null
C/C++:  13492 |     VmaPool pool,
C/C++:        |     ^
C/C++:        |             _Nullable
C/C++: D:/Foundation-SM64/Android/app/.cxx/Debug/592n6c1o/arm64-v8a/_deps/vulkanmemoryallocator-src/include/vk_mem_alloc.h:13492:5: note: insert '_Nonnull' if the pointer should never be null
C/C++:  13492 |     VmaPool pool,
C/C++:        |     ^
C/C++:        |             _Nonnull
C/C++: D:/Foundation-SM64/Android/app/.cxx/Debug/592n6c1o/arm64-v8a/_deps/vulkanmemoryallocator-src/include/vk_mem_alloc.h:13496:5: warning: pointer is missing a nullability type specifier (_Nonnull, _Nullable, or _Null_unspecified) [-Wnullability-completeness]
C/C++:  13496 |     VkBuffer dedicatedBuffer,
C/C++:        |     ^
C/C++: D:/Foundation-SM64/Android/app/.cxx/Debug/592n6c1o/arm64-v8a/_deps/vulkanmemoryallocator-src/include/vk_mem_alloc.h:13496:5: note: insert '_Nullable' if the pointer may be null
C/C++:  13496 |     VkBuffer dedicatedBuffer,
C/C++:        |     ^
C/C++:        |              _Nullable
C/C++: D:/Foundation-SM64/Android/app/.cxx/Debug/592n6c1o/arm64-v8a/_deps/vulkanmemoryallocator-src/include/vk_mem_alloc.h:13496:5: note: insert '_Nonnull' if the pointer should never be null
C/C++:  13496 |     VkBuffer dedicatedBuffer,
C/C++:        |     ^
C/C++:        |              _Nonnull
C/C++: D:/Foundation-SM64/Android/app/.cxx/Debug/592n6c1o/arm64-v8a/_deps/vulkanmemoryallocator-src/include/vk_mem_alloc.h:13497:5: warning: pointer is missing a nullability type specifier (_Nonnull, _Nullable, or _Null_unspecified) [-Wnullability-completeness]
C/C++:  13497 |     VkImage dedicatedImage,
C/C++:        |     ^
C/C++: D:/Foundation-SM64/Android/app/.cxx/Debug/592n6c1o/arm64-v8a/_deps/vulkanmemoryallocator-src/include/vk_mem_alloc.h:13497:5: note: insert '_Nullable' if the pointer may be null
C/C++:  13497 |     VkImage dedicatedImage,
C/C++:        |     ^
C/C++:        |             _Nullable
C/C++: D:/Foundation-SM64/Android/app/.cxx/Debug/592n6c1o/arm64-v8a/_deps/vulkanmemoryallocator-src/include/vk_mem_alloc.h:13497:5: note: insert '_Nonnull' if the pointer should never be null
C/C++:  13497 |     VkImage dedicatedImage,
C/C++:        |     ^
C/C++:        |             _Nonnull
C/C++: D:/Foundation-SM64/Android/app/.cxx/Debug/592n6c1o/arm64-v8a/_deps/vulkanmemoryallocator-src/include/vk_mem_alloc.h:13505:5: warning: pointer is missing a nullability type specifier (_Nonnull, _Nullable, or _Null_unspecified) [-Wnullability-completeness]
C/C++:  13505 |     VmaAllocation* pAllocations)
C/C++:        |     ^
C/C++: D:/Foundation-SM64/Android/app/.cxx/Debug/592n6c1o/arm64-v8a/_deps/vulkanmemoryallocator-src/include/vk_mem_alloc.h:13505:5: note: insert '_Nullable' if the pointer may be null
C/C++:  13505 |     VmaAllocation* pAllocations)
C/C++:        |     ^            
C/C++:        |                   _Nullable 
C/C++: D:/Foundation-SM64/Android/app/.cxx/Debug/592n6c1o/arm64-v8a/_deps/vulkanmemoryallocator-src/include/vk_mem_alloc.h:13505:5: note: insert '_Nonnull' if the pointer should never be null
C/C++:  13505 |     VmaAllocation* pAllocations)
C/C++:        |     ^            
C/C++:        |                   _Nonnull 
C/C++: D:/Foundation-SM64/Android/app/.cxx/Debug/592n6c1o/arm64-v8a/_deps/vulkanmemoryallocator-src/include/vk_mem_alloc.h:13505:18: warning: pointer is missing a nullability type specifier (_Nonnull, _Nullable, or _Null_unspecified) [-Wnullability-completeness]
C/C++:  13505 |     VmaAllocation* pAllocations)
C/C++:        |                  ^
C/C++: D:/Foundation-SM64/Android/app/.cxx/Debug/592n6c1o/arm64-v8a/_deps/vulkanmemoryallocator-src/include/vk_mem_alloc.h:13505:18: note: insert '_Nullable' if the pointer may be null
C/C++:  13505 |     VmaAllocation* pAllocations)
C/C++:        |                  ^
C/C++:        |                    _Nullable
C/C++: D:/Foundation-SM64/Android/app/.cxx/Debug/592n6c1o/arm64-v8a/_deps/vulkanmemoryallocator-src/include/vk_mem_alloc.h:13505:18: note: insert '_Nonnull' if the pointer should never be null
C/C++:  13505 |     VmaAllocation* pAllocations)
C/C++:        |                  ^
C/C++:        |                    _Nonnull
C/C++: D:/Foundation-SM64/Android/app/.cxx/Debug/592n6c1o/arm64-v8a/_deps/vulkanmemoryallocator-src/include/vk_mem_alloc.h:13637:5: warning: pointer is missing a nullability type specifier (_Nonnull, _Nullable, or _Null_unspecified) [-Wnullability-completeness]
C/C++:  13637 |     VmaPool pool,
C/C++:        |     ^
C/C++: D:/Foundation-SM64/Android/app/.cxx/Debug/592n6c1o/arm64-v8a/_deps/vulkanmemoryallocator-src/include/vk_mem_alloc.h:13637:5: note: insert '_Nullable' if the pointer may be null
C/C++:  13637 |     VmaPool pool,
C/C++:        |     ^
C/C++:        |             _Nullable
C/C++: D:/Foundation-SM64/Android/app/.cxx/Debug/592n6c1o/arm64-v8a/_deps/vulkanmemoryallocator-src/include/vk_mem_alloc.h:13637:5: note: insert '_Nonnull' if the pointer should never be null
C/C++:  13637 |     VmaPool pool,
C/C++:        |     ^
C/C++:        |             _Nonnull
C/C++: D:/Foundation-SM64/Android/app/.cxx/Debug/592n6c1o/arm64-v8a/_deps/vulkanmemoryallocator-src/include/vk_mem_alloc.h:13646:9: warning: pointer is missing a nullability type specifier (_Nonnull, _Nullable, or _Null_unspecified) [-Wnullability-completeness]
C/C++:  13646 |     void* pUserData,
C/C++:        |         ^
C/C++: D:/Foundation-SM64/Android/app/.cxx/Debug/592n6c1o/arm64-v8a/_deps/vulkanmemoryallocator-src/include/vk_mem_alloc.h:13646:9: note: insert '_Nullable' if the pointer may be null
C/C++:  13646 |     void* pUserData,
C/C++:        |         ^
C/C++:        |           _Nullable
C/C++: D:/Foundation-SM64/Android/app/.cxx/Debug/592n6c1o/arm64-v8a/_deps/vulkanmemoryallocator-src/include/vk_mem_alloc.h:13646:9: note: insert '_Nonnull' if the pointer should never be null
C/C++:  13646 |     void* pUserData,
C/C++:        |         ^
C/C++:        |           _Nonnull
C/C++: D:/Foundation-SM64/Android/app/.cxx/Debug/592n6c1o/arm64-v8a/_deps/vulkanmemoryallocator-src/include/vk_mem_alloc.h:13648:5: warning: pointer is missing a nullability type specifier (_Nonnull, _Nullable, or _Null_unspecified) [-Wnullability-completeness]
C/C++:  13648 |     VkBuffer dedicatedBuffer,
C/C++:        |     ^
C/C++: D:/Foundation-SM64/Android/app/.cxx/Debug/592n6c1o/arm64-v8a/_deps/vulkanmemoryallocator-src/include/vk_mem_alloc.h:13648:5: note: insert '_Nullable' if the pointer may be null
C/C++:  13648 |     VkBuffer dedicatedBuffer,
C/C++:        |     ^
C/C++:        |              _Nullable
C/C++: D:/Foundation-SM64/Android/app/.cxx/Debug/592n6c1o/arm64-v8a/_deps/vulkanmemoryallocator-src/include/vk_mem_alloc.h:13648:5: note: insert '_Nonnull' if the pointer should never be null
C/C++:  13648 |     VkBuffer dedicatedBuffer,
C/C++:        |     ^
C/C++:        |              _Nonnull
C/C++: D:/Foundation-SM64/Android/app/.cxx/Debug/592n6c1o/arm64-v8a/_deps/vulkanmemoryallocator-src/include/vk_mem_alloc.h:13649:5: warning: pointer is missing a nullability type specifier (_Nonnull, _Nullable, or _Null_unspecified) [-Wnullability-completeness]
C/C++:  13649 |     VkImage dedicatedImage,
C/C++:        |     ^
C/C++: D:/Foundation-SM64/Android/app/.cxx/Debug/592n6c1o/arm64-v8a/_deps/vulkanmemoryallocator-src/include/vk_mem_alloc.h:13649:5: note: insert '_Nullable' if the pointer may be null
C/C++:  13649 |     VkImage dedicatedImage,
C/C++:        |     ^
C/C++:        |             _Nullable
C/C++: D:/Foundation-SM64/Android/app/.cxx/Debug/592n6c1o/arm64-v8a/_deps/vulkanmemoryallocator-src/include/vk_mem_alloc.h:13649:5: note: insert '_Nonnull' if the pointer should never be null
C/C++:  13649 |     VkImage dedicatedImage,
C/C++:        |     ^
C/C++:        |             _Nonnull
C/C++: D:/Foundation-SM64/Android/app/.cxx/Debug/592n6c1o/arm64-v8a/_deps/vulkanmemoryallocator-src/include/vk_mem_alloc.h:13652:5: warning: pointer is missing a nullability type specifier (_Nonnull, _Nullable, or _Null_unspecified) [-Wnullability-completeness]
C/C++:  13652 |     VmaAllocation* pAllocations,
C/C++:        |     ^
C/C++: D:/Foundation-SM64/Android/app/.cxx/Debug/592n6c1o/arm64-v8a/_deps/vulkanmemoryallocator-src/include/vk_mem_alloc.h:13652:5: note: insert '_Nullable' if the pointer may be null
C/C++:  13652 |     VmaAllocation* pAllocations,
C/C++:        |     ^            
C/C++:        |                   _Nullable 
C/C++: D:/Foundation-SM64/Android/app/.cxx/Debug/592n6c1o/arm64-v8a/_deps/vulkanmemoryallocator-src/include/vk_mem_alloc.h:13652:5: note: insert '_Nonnull' if the pointer should never be null
C/C++:  13652 |     VmaAllocation* pAllocations,
C/C++:        |     ^            
C/C++:        |                   _Nonnull 
C/C++: D:/Foundation-SM64/Android/app/.cxx/Debug/592n6c1o/arm64-v8a/_deps/vulkanmemoryallocator-src/include/vk_mem_alloc.h:13652:18: warning: pointer is missing a nullability type specifier (_Nonnull, _Nullable, or _Null_unspecified) [-Wnullability-completeness]
C/C++:  13652 |     VmaAllocation* pAllocations,
C/C++:        |                  ^
C/C++: D:/Foundation-SM64/Android/app/.cxx/Debug/592n6c1o/arm64-v8a/_deps/vulkanmemoryallocator-src/include/vk_mem_alloc.h:13652:18: note: insert '_Nullable' if the pointer may be null
C/C++:  13652 |     VmaAllocation* pAllocations,
C/C++:        |                  ^
C/C++:        |                    _Nullable
C/C++: D:/Foundation-SM64/Android/app/.cxx/Debug/592n6c1o/arm64-v8a/_deps/vulkanmemoryallocator-src/include/vk_mem_alloc.h:13652:18: note: insert '_Nonnull' if the pointer should never be null
C/C++:  13652 |     VmaAllocation* pAllocations,
C/C++:        |                  ^
C/C++:        |                    _Nonnull
C/C++: D:/Foundation-SM64/Android/app/.cxx/Debug/592n6c1o/arm64-v8a/_deps/vulkanmemoryallocator-src/include/vk_mem_alloc.h:13653:15: warning: pointer is missing a nullability type specifier (_Nonnull, _Nullable, or _Null_unspecified) [-Wnullability-completeness]
C/C++:  13653 |     const void* pNextChain)
C/C++:        |               ^
C/C++: D:/Foundation-SM64/Android/app/.cxx/Debug/592n6c1o/arm64-v8a/_deps/vulkanmemoryallocator-src/include/vk_mem_alloc.h:13653:15: note: insert '_Nullable' if the pointer may be null
C/C++:  13653 |     const void* pNextChain)
C/C++:        |               ^
C/C++:        |                 _Nullable
C/C++: D:/Foundation-SM64/Android/app/.cxx/Debug/592n6c1o/arm64-v8a/_deps/vulkanmemoryallocator-src/include/vk_mem_alloc.h:13653:15: note: insert '_Nonnull' if the pointer should never be null
C/C++:  13653 |     const void* pNextChain)
C/C++:        |               ^
C/C++:        |                 _Nonnull
C/C++: D:/Foundation-SM64/Android/app/.cxx/Debug/592n6c1o/arm64-v8a/_deps/vulkanmemoryallocator-src/include/vk_mem_alloc.h:13784:5: warning: pointer is missing a nullability type specifier (_Nonnull, _Nullable, or _Null_unspecified) [-Wnullability-completeness]
C/C++:  13784 |     VmaPool pool,
C/C++:        |     ^
C/C++: D:/Foundation-SM64/Android/app/.cxx/Debug/592n6c1o/arm64-v8a/_deps/vulkanmemoryallocator-src/include/vk_mem_alloc.h:13784:5: note: insert '_Nullable' if the pointer may be null
C/C++:  13784 |     VmaPool pool,
C/C++:        |     ^
C/C++:        |             _Nullable
C/C++: D:/Foundation-SM64/Android/app/.cxx/Debug/592n6c1o/arm64-v8a/_deps/vulkanmemoryallocator-src/include/vk_mem_alloc.h:13784:5: note: insert '_Nonnull' if the pointer should never be null
C/C++:  13784 |     VmaPool pool,
C/C++:        |     ^
C/C++:        |             _Nonnull
C/C++: D:/Foundation-SM64/Android/app/.cxx/Debug/592n6c1o/arm64-v8a/_deps/vulkanmemoryallocator-src/include/vk_mem_alloc.h:13792:9: warning: pointer is missing a nullability type specifier (_Nonnull, _Nullable, or _Null_unspecified) [-Wnullability-completeness]
C/C++:  13792 |     void* pUserData,
C/C++:        |         ^
C/C++: D:/Foundation-SM64/Android/app/.cxx/Debug/592n6c1o/arm64-v8a/_deps/vulkanmemoryallocator-src/include/vk_mem_alloc.h:13792:9: note: insert '_Nullable' if the pointer may be null
C/C++:  13792 |     void* pUserData,
C/C++:        |         ^
C/C++:        |           _Nullable
C/C++: D:/Foundation-SM64/Android/app/.cxx/Debug/592n6c1o/arm64-v8a/_deps/vulkanmemoryallocator-src/include/vk_mem_alloc.h:13792:9: note: insert '_Nonnull' if the pointer should never be null
C/C++:  13792 |     void* pUserData,
C/C++:        |         ^
C/C++:        |           _Nonnull
C/C++: D:/Foundation-SM64/Android/app/.cxx/Debug/592n6c1o/arm64-v8a/_deps/vulkanmemoryallocator-src/include/vk_mem_alloc.h:13793:5: warning: pointer is missing a nullability type specifier (_Nonnull, _Nullable, or _Null_unspecified) [-Wnullability-completeness]
C/C++:  13793 |     VmaAllocation* pAllocation)
C/C++:        |     ^
C/C++: D:/Foundation-SM64/Android/app/.cxx/Debug/592n6c1o/arm64-v8a/_deps/vulkanmemoryallocator-src/include/vk_mem_alloc.h:13793:5: note: insert '_Nullable' if the pointer may be null
C/C++:  13793 |     VmaAllocation* pAllocation)
C/C++:        |     ^            
C/C++:        |                   _Nullable 
C/C++: D:/Foundation-SM64/Android/app/.cxx/Debug/592n6c1o/arm64-v8a/_deps/vulkanmemoryallocator-src/include/vk_mem_alloc.h:13793:5: note: insert '_Nonnull' if the pointer should never be null
C/C++:  13793 |     VmaAllocation* pAllocation)
C/C++:        |     ^            
C/C++:        |                   _Nonnull 
C/C++: D:/Foundation-SM64/Android/app/.cxx/Debug/592n6c1o/arm64-v8a/_deps/vulkanmemoryallocator-src/include/vk_mem_alloc.h:13793:18: warning: pointer is missing a nullability type specifier (_Nonnull, _Nullable, or _Null_unspecified) [-Wnullability-completeness]
C/C++:  13793 |     VmaAllocation* pAllocation)
C/C++:        |                  ^
C/C++: D:/Foundation-SM64/Android/app/.cxx/Debug/592n6c1o/arm64-v8a/_deps/vulkanmemoryallocator-src/include/vk_mem_alloc.h:13793:18: note: insert '_Nullable' if the pointer may be null
C/C++:  13793 |     VmaAllocation* pAllocation)
C/C++:        |                  ^
C/C++:        |                    _Nullable
C/C++: D:/Foundation-SM64/Android/app/.cxx/Debug/592n6c1o/arm64-v8a/_deps/vulkanmemoryallocator-src/include/vk_mem_alloc.h:13793:18: note: insert '_Nonnull' if the pointer should never be null
C/C++:  13793 |     VmaAllocation* pAllocation)
C/C++:        |                  ^
C/C++:        |                    _Nonnull
C/C++: D:/Foundation-SM64/Android/app/.cxx/Debug/592n6c1o/arm64-v8a/_deps/vulkanmemoryallocator-src/include/vk_mem_alloc.h:13837:5: warning: pointer is missing a nullability type specifier (_Nonnull, _Nullable, or _Null_unspecified) [-Wnullability-completeness]
C/C++:  13837 |     VkBuffer hBuffer,
C/C++:        |     ^
C/C++: D:/Foundation-SM64/Android/app/.cxx/Debug/592n6c1o/arm64-v8a/_deps/vulkanmemoryallocator-src/include/vk_mem_alloc.h:13837:5: note: insert '_Nullable' if the pointer may be null
C/C++:  13837 |     VkBuffer hBuffer,
C/C++:        |     ^
C/C++:        |              _Nullable
C/C++: D:/Foundation-SM64/Android/app/.cxx/Debug/592n6c1o/arm64-v8a/_deps/vulkanmemoryallocator-src/include/vk_mem_alloc.h:13837:5: note: insert '_Nonnull' if the pointer should never be null
C/C++:  13837 |     VkBuffer hBuffer,
C/C++:        |     ^
C/C++:        |              _Nonnull
C/C++: D:/Foundation-SM64/Android/app/.cxx/Debug/592n6c1o/arm64-v8a/_deps/vulkanmemoryallocator-src/include/vk_mem_alloc.h:13869:5: warning: pointer is missing a nullability type specifier (_Nonnull, _Nullable, or _Null_unspecified) [-Wnullability-completeness]
C/C++:  13869 |     VkImage hImage,
C/C++:        |     ^
C/C++: D:/Foundation-SM64/Android/app/.cxx/Debug/592n6c1o/arm64-v8a/_deps/vulkanmemoryallocator-src/include/vk_mem_alloc.h:13869:5: note: insert '_Nullable' if the pointer may be null
C/C++:  13869 |     VkImage hImage,
C/C++:        |     ^
C/C++:        |             _Nullable
C/C++: D:/Foundation-SM64/Android/app/.cxx/Debug/592n6c1o/arm64-v8a/_deps/vulkanmemoryallocator-src/include/vk_mem_alloc.h:13869:5: note: insert '_Nonnull' if the pointer should never be null
C/C++:  13869 |     VkImage hImage,
C/C++:        |     ^
C/C++:        |             _Nonnull
C/C++: D:/Foundation-SM64/Android/app/.cxx/Debug/592n6c1o/arm64-v8a/_deps/vulkanmemoryallocator-src/include/vk_mem_alloc.h:13902:34: warning: pointer is missing a nullability type specifier (_Nonnull, _Nullable, or _Null_unspecified) [-Wnullability-completeness]
C/C++:  13902 |     const VmaAllocationCreateInfo* pAllocationCreateInfo,
C/C++:        |                                  ^
C/C++: D:/Foundation-SM64/Android/app/.cxx/Debug/592n6c1o/arm64-v8a/_deps/vulkanmemoryallocator-src/include/vk_mem_alloc.h:13902:34: note: insert '_Nullable' if the pointer may be null
C/C++:  13902 |     const VmaAllocationCreateInfo* pAllocationCreateInfo,
C/C++:        |                                  ^
C/C++:        |                                    _Nullable
C/C++: D:/Foundation-SM64/Android/app/.cxx/Debug/592n6c1o/arm64-v8a/_deps/vulkanmemoryallocator-src/include/vk_mem_alloc.h:13902:34: note: insert '_Nonnull' if the pointer should never be null
C/C++:  13902 |     const VmaAllocationCreateInfo* pAllocationCreateInfo,
C/C++:        |                                  ^
C/C++:        |                                    _Nonnull
C/C++: D:/Foundation-SM64/Android/app/.cxx/Debug/592n6c1o/arm64-v8a/_deps/vulkanmemoryallocator-src/include/vk_mem_alloc.h:13904:13: warning: pointer is missing a nullability type specifier (_Nonnull, _Nullable, or _Null_unspecified) [-Wnullability-completeness]
C/C++:  13904 |     uint32_t* pMemoryTypeIndex) const
C/C++:        |             ^
C/C++: D:/Foundation-SM64/Android/app/.cxx/Debug/592n6c1o/arm64-v8a/_deps/vulkanmemoryallocator-src/include/vk_mem_alloc.h:13904:13: note: insert '_Nullable' if the pointer may be null
C/C++:  13904 |     uint32_t* pMemoryTypeIndex) const
C/C++:        |             ^
C/C++:        |               _Nullable
C/C++: D:/Foundation-SM64/Android/app/.cxx/Debug/592n6c1o/arm64-v8a/_deps/vulkanmemoryallocator-src/include/vk_mem_alloc.h:13904:13: note: insert '_Nonnull' if the pointer should never be null
C/C++:  13904 |     uint32_t* pMemoryTypeIndex) const
C/C++:        |             ^
C/C++:        |               _Nonnull
C/C++: D:/Foundation-SM64/Android/app/.cxx/Debug/592n6c1o/arm64-v8a/_deps/vulkanmemoryallocator-src/include/vk_mem_alloc.h:14057:5: warning: pointer is missing a nullability type specifier (_Nonnull, _Nullable, or _Null_unspecified) [-Wnullability-completeness]
C/C++:  14057 |     VkBuffer dedicatedBuffer,
C/C++:        |     ^
C/C++: D:/Foundation-SM64/Android/app/.cxx/Debug/592n6c1o/arm64-v8a/_deps/vulkanmemoryallocator-src/include/vk_mem_alloc.h:14057:5: note: insert '_Nullable' if the pointer may be null
C/C++:  14057 |     VkBuffer dedicatedBuffer,
C/C++:        |     ^
C/C++:        |              _Nullable
C/C++: D:/Foundation-SM64/Android/app/.cxx/Debug/592n6c1o/arm64-v8a/_deps/vulkanmemoryallocator-src/include/vk_mem_alloc.h:14057:5: note: insert '_Nonnull' if the pointer should never be null
C/C++:  14057 |     VkBuffer dedicatedBuffer,
C/C++:        |     ^
C/C++:        |              _Nonnull
C/C++: D:/Foundation-SM64/Android/app/.cxx/Debug/592n6c1o/arm64-v8a/_deps/vulkanmemoryallocator-src/include/vk_mem_alloc.h:14058:5: warning: pointer is missing a nullability type specifier (_Nonnull, _Nullable, or _Null_unspecified) [-Wnullability-completeness]
C/C++:  14058 |     VkImage dedicatedImage,
C/C++:        |     ^
C/C++: D:/Foundation-SM64/Android/app/.cxx/Debug/592n6c1o/arm64-v8a/_deps/vulkanmemoryallocator-src/include/vk_mem_alloc.h:14058:5: note: insert '_Nullable' if the pointer may be null
C/C++:  14058 |     VkImage dedicatedImage,
C/C++:        |     ^
C/C++:        |             _Nullable
C/C++: D:/Foundation-SM64/Android/app/.cxx/Debug/592n6c1o/arm64-v8a/_deps/vulkanmemoryallocator-src/include/vk_mem_alloc.h:14058:5: note: insert '_Nonnull' if the pointer should never be null
C/C++:  14058 |     VkImage dedicatedImage,
C/C++:        |     ^
C/C++:        |             _Nonnull
C/C++: D:/Foundation-SM64/Android/app/.cxx/Debug/592n6c1o/arm64-v8a/_deps/vulkanmemoryallocator-src/include/vk_mem_alloc.h:14063:5: warning: pointer is missing a nullability type specifier (_Nonnull, _Nullable, or _Null_unspecified) [-Wnullability-completeness]
C/C++:  14063 |     VmaAllocation* pAllocations)
C/C++:        |     ^
C/C++: D:/Foundation-SM64/Android/app/.cxx/Debug/592n6c1o/arm64-v8a/_deps/vulkanmemoryallocator-src/include/vk_mem_alloc.h:14063:5: note: insert '_Nullable' if the pointer may be null
C/C++:  14063 |     VmaAllocation* pAllocations)
C/C++:        |     ^            
C/C++:        |                   _Nullable 
C/C++: D:/Foundation-SM64/Android/app/.cxx/Debug/592n6c1o/arm64-v8a/_deps/vulkanmemoryallocator-src/include/vk_mem_alloc.h:14063:5: note: insert '_Nonnull' if the pointer should never be null
C/C++:  14063 |     VmaAllocation* pAllocations)
C/C++:        |     ^            
C/C++:        |                   _Nonnull 
C/C++: D:/Foundation-SM64/Android/app/.cxx/Debug/592n6c1o/arm64-v8a/_deps/vulkanmemoryallocator-src/include/vk_mem_alloc.h:14063:18: warning: pointer is missing a nullability type specifier (_Nonnull, _Nullable, or _Null_unspecified) [-Wnullability-completeness]
C/C++:  14063 |     VmaAllocation* pAllocations)
C/C++:        |                  ^
C/C++: D:/Foundation-SM64/Android/app/.cxx/Debug/592n6c1o/arm64-v8a/_deps/vulkanmemoryallocator-src/include/vk_mem_alloc.h:14063:18: note: insert '_Nullable' if the pointer may be null
C/C++:  14063 |     VmaAllocation* pAllocations)
C/C++:        |                  ^
C/C++:        |                    _Nullable
C/C++: D:/Foundation-SM64/Android/app/.cxx/Debug/592n6c1o/arm64-v8a/_deps/vulkanmemoryallocator-src/include/vk_mem_alloc.h:14063:18: note: insert '_Nonnull' if the pointer should never be null
C/C++:  14063 |     VmaAllocation* pAllocations)
C/C++:        |                  ^
C/C++:        |                    _Nonnull
C/C++: D:/Foundation-SM64/Android/app/.cxx/Debug/592n6c1o/arm64-v8a/_deps/vulkanmemoryallocator-src/include/vk_mem_alloc.h:14143:11: warning: pointer is missing a nullability type specifier (_Nonnull, _Nullable, or _Null_unspecified) [-Wnullability-completeness]
C/C++:  14143 |     const VmaAllocation* pAllocations)
C/C++:        |           ^
C/C++: D:/Foundation-SM64/Android/app/.cxx/Debug/592n6c1o/arm64-v8a/_deps/vulkanmemoryallocator-src/include/vk_mem_alloc.h:14143:11: note: insert '_Nullable' if the pointer may be null
C/C++:  14143 |     const VmaAllocation* pAllocations)
C/C++:        |           ^            
C/C++:        |                         _Nullable 
C/C++: D:/Foundation-SM64/Android/app/.cxx/Debug/592n6c1o/arm64-v8a/_deps/vulkanmemoryallocator-src/include/vk_mem_alloc.h:14143:11: note: insert '_Nonnull' if the pointer should never be null
C/C++:  14143 |     const VmaAllocation* pAllocations)
C/C++:        |           ^            
C/C++:        |                         _Nonnull 
C/C++: D:/Foundation-SM64/Android/app/.cxx/Debug/592n6c1o/arm64-v8a/_deps/vulkanmemoryallocator-src/include/vk_mem_alloc.h:14143:24: warning: pointer is missing a nullability type specifier (_Nonnull, _Nullable, or _Null_unspecified) [-Wnullability-completeness]
C/C++:  14143 |     const VmaAllocation* pAllocations)
C/C++:        |                        ^
C/C++: D:/Foundation-SM64/Android/app/.cxx/Debug/592n6c1o/arm64-v8a/_deps/vulkanmemoryallocator-src/include/vk_mem_alloc.h:14143:24: note: insert '_Nullable' if the pointer may be null
C/C++:  14143 |     const VmaAllocation* pAllocations)
C/C++:        |                        ^
C/C++:        |                          _Nullable
C/C++: D:/Foundation-SM64/Android/app/.cxx/Debug/592n6c1o/arm64-v8a/_deps/vulkanmemoryallocator-src/include/vk_mem_alloc.h:14143:24: note: insert '_Nonnull' if the pointer should never be null
C/C++:  14143 |     const VmaAllocation* pAllocations)
C/C++:        |                        ^
C/C++:        |                          _Nonnull
C/C++: D:/Foundation-SM64/Android/app/.cxx/Debug/592n6c1o/arm64-v8a/_deps/vulkanmemoryallocator-src/include/vk_mem_alloc.h:14187:60: warning: pointer is missing a nullability type specifier (_Nonnull, _Nullable, or _Null_unspecified) [-Wnullability-completeness]
C/C++:  14187 | void VmaAllocator_T::CalculateStatistics(VmaTotalStatistics* pStats)
C/C++:        |                                                            ^
C/C++: D:/Foundation-SM64/Android/app/.cxx/Debug/592n6c1o/arm64-v8a/_deps/vulkanmemoryallocator-src/include/vk_mem_alloc.h:14187:60: note: insert '_Nullable' if the pointer may be null
C/C++:  14187 | void VmaAllocator_T::CalculateStatistics(VmaTotalStatistics* pStats)
C/C++:        |                                                            ^
C/C++:        |                                                              _Nullable
C/C++: D:/Foundation-SM64/Android/app/.cxx/Debug/592n6c1o/arm64-v8a/_deps/vulkanmemoryallocator-src/include/vk_mem_alloc.h:14187:60: note: insert '_Nonnull' if the pointer should never be null
C/C++:  14187 | void VmaAllocator_T::CalculateStatistics(VmaTotalStatistics* pStats)
C/C++:        |                                                            ^
C/C++:        |                                                              _Nonnull
C/C++: D:/Foundation-SM64/Android/app/.cxx/Debug/592n6c1o/arm64-v8a/_deps/vulkanmemoryallocator-src/include/vk_mem_alloc.h:14239:46: warning: pointer is missing a nullability type specifier (_Nonnull, _Nullable, or _Null_unspecified) [-Wnullability-completeness]
C/C++:  14239 | void VmaAllocator_T::GetHeapBudgets(VmaBudget* outBudgets, uint32_t firstHeap, uint32_t heapCount)
C/C++:        |                                              ^
C/C++: D:/Foundation-SM64/Android/app/.cxx/Debug/592n6c1o/arm64-v8a/_deps/vulkanmemoryallocator-src/include/vk_mem_alloc.h:14239:46: note: insert '_Nullable' if the pointer may be null
C/C++:  14239 | void VmaAllocator_T::GetHeapBudgets(VmaBudget* outBudgets, uint32_t firstHeap, uint32_t heapCount)
C/C++:        |                                              ^
C/C++:        |                                                _Nullable
C/C++: D:/Foundation-SM64/Android/app/.cxx/Debug/592n6c1o/arm64-v8a/_deps/vulkanmemoryallocator-src/include/vk_mem_alloc.h:14239:46: note: insert '_Nonnull' if the pointer should never be null
C/C++:  14239 | void VmaAllocator_T::GetHeapBudgets(VmaBudget* outBudgets, uint32_t firstHeap, uint32_t heapCount)
C/C++:        |                                              ^
C/C++:        |                                                _Nonnull
C/C++: D:/Foundation-SM64/Android/app/.cxx/Debug/592n6c1o/arm64-v8a/_deps/vulkanmemoryallocator-src/include/vk_mem_alloc.h:14295:40: warning: pointer is missing a nullability type specifier (_Nonnull, _Nullable, or _Null_unspecified) [-Wnullability-completeness]
C/C++:  14295 | void VmaAllocator_T::GetAllocationInfo(VmaAllocation hAllocation, VmaAllocationInfo* pAllocationInfo)
C/C++:        |                                        ^
C/C++: D:/Foundation-SM64/Android/app/.cxx/Debug/592n6c1o/arm64-v8a/_deps/vulkanmemoryallocator-src/include/vk_mem_alloc.h:14295:40: note: insert '_Nullable' if the pointer may be null
C/C++:  14295 | void VmaAllocator_T::GetAllocationInfo(VmaAllocation hAllocation, VmaAllocationInfo* pAllocationInfo)
C/C++:        |                                        ^
C/C++:        |                                                      _Nullable
C/C++: D:/Foundation-SM64/Android/app/.cxx/Debug/592n6c1o/arm64-v8a/_deps/vulkanmemoryallocator-src/include/vk_mem_alloc.h:14295:40: note: insert '_Nonnull' if the pointer should never be null
C/C++:  14295 | void VmaAllocator_T::GetAllocationInfo(VmaAllocation hAllocation, VmaAllocationInfo* pAllocationInfo)
C/C++:        |                                        ^
C/C++:        |                                                      _Nonnull
C/C++: D:/Foundation-SM64/Android/app/.cxx/Debug/592n6c1o/arm64-v8a/_deps/vulkanmemoryallocator-src/include/vk_mem_alloc.h:14295:84: warning: pointer is missing a nullability type specifier (_Nonnull, _Nullable, or _Null_unspecified) [-Wnullability-completeness]
C/C++:  14295 | void VmaAllocator_T::GetAllocationInfo(VmaAllocation hAllocation, VmaAllocationInfo* pAllocationInfo)
C/C++:        |                                                                                    ^
C/C++: D:/Foundation-SM64/Android/app/.cxx/Debug/592n6c1o/arm64-v8a/_deps/vulkanmemoryallocator-src/include/vk_mem_alloc.h:14295:84: note: insert '_Nullable' if the pointer may be null
C/C++:  14295 | void VmaAllocator_T::GetAllocationInfo(VmaAllocation hAllocation, VmaAllocationInfo* pAllocationInfo)
C/C++:        |                                                                                    ^
C/C++:        |                                                                                      _Nullable
C/C++: D:/Foundation-SM64/Android/app/.cxx/Debug/592n6c1o/arm64-v8a/_deps/vulkanmemoryallocator-src/include/vk_mem_alloc.h:14295:84: note: insert '_Nonnull' if the pointer should never be null
C/C++:  14295 | void VmaAllocator_T::GetAllocationInfo(VmaAllocation hAllocation, VmaAllocationInfo* pAllocationInfo)
C/C++:        |                                                                                    ^
C/C++:        |                                                                                      _Nonnull
C/C++: D:/Foundation-SM64/Android/app/.cxx/Debug/592n6c1o/arm64-v8a/_deps/vulkanmemoryallocator-src/include/vk_mem_alloc.h:14306:41: warning: pointer is missing a nullability type specifier (_Nonnull, _Nullable, or _Null_unspecified) [-Wnullability-completeness]
C/C++:  14306 | void VmaAllocator_T::GetAllocationInfo2(VmaAllocation hAllocation, VmaAllocationInfo2* pAllocationInfo)
C/C++:        |                                         ^
C/C++: D:/Foundation-SM64/Android/app/.cxx/Debug/592n6c1o/arm64-v8a/_deps/vulkanmemoryallocator-src/include/vk_mem_alloc.h:14306:41: note: insert '_Nullable' if the pointer may be null
C/C++:  14306 | void VmaAllocator_T::GetAllocationInfo2(VmaAllocation hAllocation, VmaAllocationInfo2* pAllocationInfo)
C/C++:        |                                         ^
C/C++:        |                                                       _Nullable
C/C++: D:/Foundation-SM64/Android/app/.cxx/Debug/592n6c1o/arm64-v8a/_deps/vulkanmemoryallocator-src/include/vk_mem_alloc.h:14306:41: note: insert '_Nonnull' if the pointer should never be null
C/C++:  14306 | void VmaAllocator_T::GetAllocationInfo2(VmaAllocation hAllocation, VmaAllocationInfo2* pAllocationInfo)
C/C++:        |                                         ^
C/C++:        |                                                       _Nonnull
C/C++: D:/Foundation-SM64/Android/app/.cxx/Debug/592n6c1o/arm64-v8a/_deps/vulkanmemoryallocator-src/include/vk_mem_alloc.h:14306:86: warning: pointer is missing a nullability type specifier (_Nonnull, _Nullable, or _Null_unspecified) [-Wnullability-completeness]
C/C++:  14306 | void VmaAllocator_T::GetAllocationInfo2(VmaAllocation hAllocation, VmaAllocationInfo2* pAllocationInfo)
C/C++:        |                                                                                      ^
C/C++: D:/Foundation-SM64/Android/app/.cxx/Debug/592n6c1o/arm64-v8a/_deps/vulkanmemoryallocator-src/include/vk_mem_alloc.h:14306:86: note: insert '_Nullable' if the pointer may be null
C/C++:  14306 | void VmaAllocator_T::GetAllocationInfo2(VmaAllocation hAllocation, VmaAllocationInfo2* pAllocationInfo)
C/C++:        |                                                                                      ^
C/C++:        |                                                                                        _Nullable
C/C++: D:/Foundation-SM64/Android/app/.cxx/Debug/592n6c1o/arm64-v8a/_deps/vulkanmemoryallocator-src/include/vk_mem_alloc.h:14306:86: note: insert '_Nonnull' if the pointer should never be null
C/C++:  14306 | void VmaAllocator_T::GetAllocationInfo2(VmaAllocation hAllocation, VmaAllocationInfo2* pAllocationInfo)
C/C++:        |                                                                                      ^
C/C++:        |                                                                                        _Nonnull
C/C++: D:/Foundation-SM64/Android/app/.cxx/Debug/592n6c1o/arm64-v8a/_deps/vulkanmemoryallocator-src/include/vk_mem_alloc.h:14325:60: warning: pointer is missing a nullability type specifier (_Nonnull, _Nullable, or _Null_unspecified) [-Wnullability-completeness]
C/C++:  14325 | VkResult VmaAllocator_T::CreatePool(const VmaPoolCreateInfo* pCreateInfo, VmaPool* pPool)
C/C++:        |                                                            ^
C/C++: D:/Foundation-SM64/Android/app/.cxx/Debug/592n6c1o/arm64-v8a/_deps/vulkanmemoryallocator-src/include/vk_mem_alloc.h:14325:60: note: insert '_Nullable' if the pointer may be null
C/C++:  14325 | VkResult VmaAllocator_T::CreatePool(const VmaPoolCreateInfo* pCreateInfo, VmaPool* pPool)
C/C++:        |                                                            ^
C/C++:        |                                                              _Nullable
C/C++: D:/Foundation-SM64/Android/app/.cxx/Debug/592n6c1o/arm64-v8a/_deps/vulkanmemoryallocator-src/include/vk_mem_alloc.h:14325:60: note: insert '_Nonnull' if the pointer should never be null
C/C++:  14325 | VkResult VmaAllocator_T::CreatePool(const VmaPoolCreateInfo* pCreateInfo, VmaPool* pPool)
C/C++:        |                                                            ^
C/C++:        |                                                              _Nonnull
C/C++: D:/Foundation-SM64/Android/app/.cxx/Debug/592n6c1o/arm64-v8a/_deps/vulkanmemoryallocator-src/include/vk_mem_alloc.h:14325:75: warning: pointer is missing a nullability type specifier (_Nonnull, _Nullable, or _Null_unspecified) [-Wnullability-completeness]
C/C++:  14325 | VkResult VmaAllocator_T::CreatePool(const VmaPoolCreateInfo* pCreateInfo, VmaPool* pPool)
C/C++:        |                                                                           ^
C/C++: D:/Foundation-SM64/Android/app/.cxx/Debug/592n6c1o/arm64-v8a/_deps/vulkanmemoryallocator-src/include/vk_mem_alloc.h:14325:75: note: insert '_Nullable' if the pointer may be null
C/C++:  14325 | VkResult VmaAllocator_T::CreatePool(const VmaPoolCreateInfo* pCreateInfo, VmaPool* pPool)
C/C++:        |                                                                           ^      
C/C++:        |                                                                                   _Nullable 
C/C++: D:/Foundation-SM64/Android/app/.cxx/Debug/592n6c1o/arm64-v8a/_deps/vulkanmemoryallocator-src/include/vk_mem_alloc.h:14325:75: note: insert '_Nonnull' if the pointer should never be null
C/C++:  14325 | VkResult VmaAllocator_T::CreatePool(const VmaPoolCreateInfo* pCreateInfo, VmaPool* pPool)
C/C++:        |                                                                           ^      
C/C++:        |                                                                                   _Nonnull 
C/C++: D:/Foundation-SM64/Android/app/.cxx/Debug/592n6c1o/arm64-v8a/_deps/vulkanmemoryallocator-src/include/vk_mem_alloc.h:14325:82: warning: pointer is missing a nullability type specifier (_Nonnull, _Nullable, or _Null_unspecified) [-Wnullability-completeness]
C/C++:  14325 | VkResult VmaAllocator_T::CreatePool(const VmaPoolCreateInfo* pCreateInfo, VmaPool* pPool)
C/C++:        |                                                                                  ^
C/C++: D:/Foundation-SM64/Android/app/.cxx/Debug/592n6c1o/arm64-v8a/_deps/vulkanmemoryallocator-src/include/vk_mem_alloc.h:14325:82: note: insert '_Nullable' if the pointer may be null
C/C++:  14325 | VkResult VmaAllocator_T::CreatePool(const VmaPoolCreateInfo* pCreateInfo, VmaPool* pPool)
C/C++:        |                                                                                  ^
C/C++:        |                                                                                    _Nullable
C/C++: D:/Foundation-SM64/Android/app/.cxx/Debug/592n6c1o/arm64-v8a/_deps/vulkanmemoryallocator-src/include/vk_mem_alloc.h:14325:82: note: insert '_Nonnull' if the pointer should never be null
C/C++:  14325 | VkResult VmaAllocator_T::CreatePool(const VmaPoolCreateInfo* pCreateInfo, VmaPool* pPool)
C/C++:        |                                                                                  ^
C/C++:        |                                                                                    _Nonnull
C/C++: D:/Foundation-SM64/Android/app/.cxx/Debug/592n6c1o/arm64-v8a/_deps/vulkanmemoryallocator-src/include/vk_mem_alloc.h:14378:34: warning: pointer is missing a nullability type specifier (_Nonnull, _Nullable, or _Null_unspecified) [-Wnullability-completeness]
C/C++:  14378 | void VmaAllocator_T::DestroyPool(VmaPool pool)
C/C++:        |                                  ^
C/C++: D:/Foundation-SM64/Android/app/.cxx/Debug/592n6c1o/arm64-v8a/_deps/vulkanmemoryallocator-src/include/vk_mem_alloc.h:14378:34: note: insert '_Nullable' if the pointer may be null
C/C++:  14378 | void VmaAllocator_T::DestroyPool(VmaPool pool)
C/C++:        |                                  ^
C/C++:        |                                          _Nullable
C/C++: D:/Foundation-SM64/Android/app/.cxx/Debug/592n6c1o/arm64-v8a/_deps/vulkanmemoryallocator-src/include/vk_mem_alloc.h:14378:34: note: insert '_Nonnull' if the pointer should never be null
C/C++:  14378 | void VmaAllocator_T::DestroyPool(VmaPool pool)
C/C++:        |                                  ^
C/C++:        |                                          _Nonnull
C/C++: D:/Foundation-SM64/Android/app/.cxx/Debug/592n6c1o/arm64-v8a/_deps/vulkanmemoryallocator-src/include/vk_mem_alloc.h:14389:40: warning: pointer is missing a nullability type specifier (_Nonnull, _Nullable, or _Null_unspecified) [-Wnullability-completeness]
C/C++:  14389 | void VmaAllocator_T::GetPoolStatistics(VmaPool pool, VmaStatistics* pPoolStats)
C/C++:        |                                        ^
C/C++: D:/Foundation-SM64/Android/app/.cxx/Debug/592n6c1o/arm64-v8a/_deps/vulkanmemoryallocator-src/include/vk_mem_alloc.h:14389:40: note: insert '_Nullable' if the pointer may be null
C/C++:  14389 | void VmaAllocator_T::GetPoolStatistics(VmaPool pool, VmaStatistics* pPoolStats)
C/C++:        |                                        ^
C/C++:        |                                                _Nullable
C/C++: D:/Foundation-SM64/Android/app/.cxx/Debug/592n6c1o/arm64-v8a/_deps/vulkanmemoryallocator-src/include/vk_mem_alloc.h:14389:40: note: insert '_Nonnull' if the pointer should never be null
C/C++:  14389 | void VmaAllocator_T::GetPoolStatistics(VmaPool pool, VmaStatistics* pPoolStats)
C/C++:        |                                        ^
C/C++:        |                                                _Nonnull
C/C++: D:/Foundation-SM64/Android/app/.cxx/Debug/592n6c1o/arm64-v8a/_deps/vulkanmemoryallocator-src/include/vk_mem_alloc.h:14389:67: warning: pointer is missing a nullability type specifier (_Nonnull, _Nullable, or _Null_unspecified) [-Wnullability-completeness]
C/C++:  14389 | void VmaAllocator_T::GetPoolStatistics(VmaPool pool, VmaStatistics* pPoolStats)
C/C++:        |                                                                   ^
C/C++: D:/Foundation-SM64/Android/app/.cxx/Debug/592n6c1o/arm64-v8a/_deps/vulkanmemoryallocator-src/include/vk_mem_alloc.h:14389:67: note: insert '_Nullable' if the pointer may be null
C/C++:  14389 | void VmaAllocator_T::GetPoolStatistics(VmaPool pool, VmaStatistics* pPoolStats)
C/C++:        |                                                                   ^
C/C++:        |                                                                     _Nullable
C/C++: D:/Foundation-SM64/Android/app/.cxx/Debug/592n6c1o/arm64-v8a/_deps/vulkanmemoryallocator-src/include/vk_mem_alloc.h:14389:67: note: insert '_Nonnull' if the pointer should never be null
C/C++:  14389 | void VmaAllocator_T::GetPoolStatistics(VmaPool pool, VmaStatistics* pPoolStats)
C/C++:        |                                                                   ^
C/C++:        |                                                                     _Nonnull
C/C++: D:/Foundation-SM64/Android/app/.cxx/Debug/592n6c1o/arm64-v8a/_deps/vulkanmemoryallocator-src/include/vk_mem_alloc.h:14396:46: warning: pointer is missing a nullability type specifier (_Nonnull, _Nullable, or _Null_unspecified) [-Wnullability-completeness]
C/C++:  14396 | void VmaAllocator_T::CalculatePoolStatistics(VmaPool pool, VmaDetailedStatistics* pPoolStats)
C/C++:        |                                              ^
C/C++: D:/Foundation-SM64/Android/app/.cxx/Debug/592n6c1o/arm64-v8a/_deps/vulkanmemoryallocator-src/include/vk_mem_alloc.h:14396:46: note: insert '_Nullable' if the pointer may be null
C/C++:  14396 | void VmaAllocator_T::CalculatePoolStatistics(VmaPool pool, VmaDetailedStatistics* pPoolStats)
C/C++:        |                                              ^
C/C++:        |                                                      _Nullable
C/C++: D:/Foundation-SM64/Android/app/.cxx/Debug/592n6c1o/arm64-v8a/_deps/vulkanmemoryallocator-src/include/vk_mem_alloc.h:14396:46: note: insert '_Nonnull' if the pointer should never be null
C/C++:  14396 | void VmaAllocator_T::CalculatePoolStatistics(VmaPool pool, VmaDetailedStatistics* pPoolStats)
C/C++:        |                                              ^
C/C++:        |                                                      _Nonnull
C/C++: D:/Foundation-SM64/Android/app/.cxx/Debug/592n6c1o/arm64-v8a/_deps/vulkanmemoryallocator-src/include/vk_mem_alloc.h:14396:81: warning: pointer is missing a nullability type specifier (_Nonnull, _Nullable, or _Null_unspecified) [-Wnullability-completeness]
C/C++:  14396 | void VmaAllocator_T::CalculatePoolStatistics(VmaPool pool, VmaDetailedStatistics* pPoolStats)
C/C++:        |                                                                                 ^
C/C++: D:/Foundation-SM64/Android/app/.cxx/Debug/592n6c1o/arm64-v8a/_deps/vulkanmemoryallocator-src/include/vk_mem_alloc.h:14396:81: note: insert '_Nullable' if the pointer may be null
C/C++:  14396 | void VmaAllocator_T::CalculatePoolStatistics(VmaPool pool, VmaDetailedStatistics* pPoolStats)
C/C++:        |                                                                                 ^
C/C++:        |                                                                                   _Nullable
C/C++: D:/Foundation-SM64/Android/app/.cxx/Debug/592n6c1o/arm64-v8a/_deps/vulkanmemoryallocator-src/include/vk_mem_alloc.h:14396:81: note: insert '_Nonnull' if the pointer should never be null
C/C++:  14396 | void VmaAllocator_T::CalculatePoolStatistics(VmaPool pool, VmaDetailedStatistics* pPoolStats)
C/C++:        |                                                                                 ^
C/C++:        |                                                                                   _Nonnull
C/C++: D:/Foundation-SM64/Android/app/.cxx/Debug/592n6c1o/arm64-v8a/_deps/vulkanmemoryallocator-src/include/vk_mem_alloc.h:14415:46: warning: pointer is missing a nullability type specifier (_Nonnull, _Nullable, or _Null_unspecified) [-Wnullability-completeness]
C/C++:  14415 | VkResult VmaAllocator_T::CheckPoolCorruption(VmaPool hPool)
C/C++:        |                                              ^
C/C++: D:/Foundation-SM64/Android/app/.cxx/Debug/592n6c1o/arm64-v8a/_deps/vulkanmemoryallocator-src/include/vk_mem_alloc.h:14415:46: note: insert '_Nullable' if the pointer may be null
C/C++:  14415 | VkResult VmaAllocator_T::CheckPoolCorruption(VmaPool hPool)
C/C++:        |                                              ^
C/C++:        |                                                      _Nullable
C/C++: D:/Foundation-SM64/Android/app/.cxx/Debug/592n6c1o/arm64-v8a/_deps/vulkanmemoryallocator-src/include/vk_mem_alloc.h:14415:46: note: insert '_Nonnull' if the pointer should never be null
C/C++:  14415 | VkResult VmaAllocator_T::CheckPoolCorruption(VmaPool hPool)
C/C++:        |                                              ^
C/C++:        |                                                      _Nonnull
C/C++: D:/Foundation-SM64/Android/app/.cxx/Debug/592n6c1o/arm64-v8a/_deps/vulkanmemoryallocator-src/include/vk_mem_alloc.h:14469:73: warning: pointer is missing a nullability type specifier (_Nonnull, _Nullable, or _Null_unspecified) [-Wnullability-completeness]
C/C++:  14469 | VkResult VmaAllocator_T::AllocateVulkanMemory(const VkMemoryAllocateInfo* pAllocateInfo, VkDeviceMemory* pMemory)
C/C++:        |                                                                         ^
C/C++: D:/Foundation-SM64/Android/app/.cxx/Debug/592n6c1o/arm64-v8a/_deps/vulkanmemoryallocator-src/include/vk_mem_alloc.h:14469:73: note: insert '_Nullable' if the pointer may be null
C/C++:  14469 | VkResult VmaAllocator_T::AllocateVulkanMemory(const VkMemoryAllocateInfo* pAllocateInfo, VkDeviceMemory* pMemory)
C/C++:        |                                                                         ^
C/C++:        |                                                                           _Nullable
C/C++: D:/Foundation-SM64/Android/app/.cxx/Debug/592n6c1o/arm64-v8a/_deps/vulkanmemoryallocator-src/include/vk_mem_alloc.h:14469:73: note: insert '_Nonnull' if the pointer should never be null
C/C++:  14469 | VkResult VmaAllocator_T::AllocateVulkanMemory(const VkMemoryAllocateInfo* pAllocateInfo, VkDeviceMemory* pMemory)
C/C++:        |                                                                         ^
C/C++:        |                                                                           _Nonnull
C/C++: D:/Foundation-SM64/Android/app/.cxx/Debug/592n6c1o/arm64-v8a/_deps/vulkanmemoryallocator-src/include/vk_mem_alloc.h:14469:90: warning: pointer is missing a nullability type specifier (_Nonnull, _Nullable, or _Null_unspecified) [-Wnullability-completeness]
C/C++:  14469 | VkResult VmaAllocator_T::AllocateVulkanMemory(const VkMemoryAllocateInfo* pAllocateInfo, VkDeviceMemory* pMemory)
C/C++:        |                                                                                          ^
C/C++: D:/Foundation-SM64/Android/app/.cxx/Debug/592n6c1o/arm64-v8a/_deps/vulkanmemoryallocator-src/include/vk_mem_alloc.h:14469:90: note: insert '_Nullable' if the pointer may be null
C/C++:  14469 | VkResult VmaAllocator_T::AllocateVulkanMemory(const VkMemoryAllocateInfo* pAllocateInfo, VkDeviceMemory* pMemory)
C/C++:        |                                                                                          ^             
C/C++:        |                                                                                                         _Nullable 
C/C++: D:/Foundation-SM64/Android/app/.cxx/Debug/592n6c1o/arm64-v8a/_deps/vulkanmemoryallocator-src/include/vk_mem_alloc.h:14469:90: note: insert '_Nonnull' if the pointer should never be null
C/C++:  14469 | VkResult VmaAllocator_T::AllocateVulkanMemory(const VkMemoryAllocateInfo* pAllocateInfo, VkDeviceMemory* pMemory)
C/C++:        |                                                                                          ^             
C/C++:        |                                                                                                         _Nonnull 
C/C++: D:/Foundation-SM64/Android/app/.cxx/Debug/592n6c1o/arm64-v8a/_deps/vulkanmemoryallocator-src/include/vk_mem_alloc.h:14469:104: warning: pointer is missing a nullability type specifier (_Nonnull, _Nullable, or _Null_unspecified) [-Wnullability-completeness]
C/C++:  14469 | VkResult VmaAllocator_T::AllocateVulkanMemory(const VkMemoryAllocateInfo* pAllocateInfo, VkDeviceMemory* pMemory)
C/C++:        |                                                                                                        ^
C/C++: D:/Foundation-SM64/Android/app/.cxx/Debug/592n6c1o/arm64-v8a/_deps/vulkanmemoryallocator-src/include/vk_mem_alloc.h:14469:104: note: insert '_Nullable' if the pointer may be null
C/C++:  14469 | VkResult VmaAllocator_T::AllocateVulkanMemory(const VkMemoryAllocateInfo* pAllocateInfo, VkDeviceMemory* pMemory)
C/C++:        |                                                                                                        ^
C/C++:        |                                                                                                          _Nullable
C/C++: D:/Foundation-SM64/Android/app/.cxx/Debug/592n6c1o/arm64-v8a/_deps/vulkanmemoryallocator-src/include/vk_mem_alloc.h:14469:104: note: insert '_Nonnull' if the pointer should never be null
C/C++:  14469 | VkResult VmaAllocator_T::AllocateVulkanMemory(const VkMemoryAllocateInfo* pAllocateInfo, VkDeviceMemory* pMemory)
C/C++:        |                                                                                                        ^
C/C++:        |                                                                                                          _Nonnull
C/C++: D:/Foundation-SM64/Android/app/.cxx/Debug/592n6c1o/arm64-v8a/_deps/vulkanmemoryallocator-src/include/vk_mem_alloc.h:14539:79: warning: pointer is missing a nullability type specifier (_Nonnull, _Nullable, or _Null_unspecified) [-Wnullability-completeness]
C/C++:  14539 | void VmaAllocator_T::FreeVulkanMemory(uint32_t memoryType, VkDeviceSize size, VkDeviceMemory hMemory)
C/C++:        |                                                                               ^
C/C++: D:/Foundation-SM64/Android/app/.cxx/Debug/592n6c1o/arm64-v8a/_deps/vulkanmemoryallocator-src/include/vk_mem_alloc.h:14539:79: note: insert '_Nullable' if the pointer may be null
C/C++:  14539 | void VmaAllocator_T::FreeVulkanMemory(uint32_t memoryType, VkDeviceSize size, VkDeviceMemory hMemory)
C/C++:        |                                                                               ^
C/C++:        |                                                                                              _Nullable
C/C++: D:/Foundation-SM64/Android/app/.cxx/Debug/592n6c1o/arm64-v8a/_deps/vulkanmemoryallocator-src/include/vk_mem_alloc.h:14539:79: note: insert '_Nonnull' if the pointer should never be null
C/C++:  14539 | void VmaAllocator_T::FreeVulkanMemory(uint32_t memoryType, VkDeviceSize size, VkDeviceMemory hMemory)
C/C++:        |                                                                               ^
C/C++:        |                                                                                              _Nonnull
C/C++: D:/Foundation-SM64/Android/app/.cxx/Debug/592n6c1o/arm64-v8a/_deps/vulkanmemoryallocator-src/include/vk_mem_alloc.h:14558:5: warning: pointer is missing a nullability type specifier (_Nonnull, _Nullable, or _Null_unspecified) [-Wnullability-completeness]
C/C++:  14558 |     VkDeviceMemory memory,
C/C++:        |     ^
C/C++: D:/Foundation-SM64/Android/app/.cxx/Debug/592n6c1o/arm64-v8a/_deps/vulkanmemoryallocator-src/include/vk_mem_alloc.h:14558:5: note: insert '_Nullable' if the pointer may be null
C/C++:  14558 |     VkDeviceMemory memory,
C/C++:        |     ^
C/C++:        |                    _Nullable
C/C++: D:/Foundation-SM64/Android/app/.cxx/Debug/592n6c1o/arm64-v8a/_deps/vulkanmemoryallocator-src/include/vk_mem_alloc.h:14558:5: note: insert '_Nonnull' if the pointer should never be null
C/C++:  14558 |     VkDeviceMemory memory,
C/C++:        |     ^
C/C++:        |                    _Nonnull
C/C++: D:/Foundation-SM64/Android/app/.cxx/Debug/592n6c1o/arm64-v8a/_deps/vulkanmemoryallocator-src/include/vk_mem_alloc.h:14560:5: warning: pointer is missing a nullability type specifier (_Nonnull, _Nullable, or _Null_unspecified) [-Wnullability-completeness]
C/C++:  14560 |     VkBuffer buffer,
C/C++:        |     ^
C/C++: D:/Foundation-SM64/Android/app/.cxx/Debug/592n6c1o/arm64-v8a/_deps/vulkanmemoryallocator-src/include/vk_mem_alloc.h:14560:5: note: insert '_Nullable' if the pointer may be null
C/C++:  14560 |     VkBuffer buffer,
C/C++:        |     ^
C/C++:        |              _Nullable
C/C++: D:/Foundation-SM64/Android/app/.cxx/Debug/592n6c1o/arm64-v8a/_deps/vulkanmemoryallocator-src/include/vk_mem_alloc.h:14560:5: note: insert '_Nonnull' if the pointer should never be null
C/C++:  14560 |     VkBuffer buffer,
C/C++:        |     ^
C/C++:        |              _Nonnull
C/C++: D:/Foundation-SM64/Android/app/.cxx/Debug/592n6c1o/arm64-v8a/_deps/vulkanmemoryallocator-src/include/vk_mem_alloc.h:14561:15: warning: pointer is missing a nullability type specifier (_Nonnull, _Nullable, or _Null_unspecified) [-Wnullability-completeness]
C/C++:  14561 |     const void* pNext) const
C/C++:        |               ^
C/C++: D:/Foundation-SM64/Android/app/.cxx/Debug/592n6c1o/arm64-v8a/_deps/vulkanmemoryallocator-src/include/vk_mem_alloc.h:14561:15: note: insert '_Nullable' if the pointer may be null
C/C++:  14561 |     const void* pNext) const
C/C++:        |               ^
C/C++:        |                 _Nullable
C/C++: D:/Foundation-SM64/Android/app/.cxx/Debug/592n6c1o/arm64-v8a/_deps/vulkanmemoryallocator-src/include/vk_mem_alloc.h:14561:15: note: insert '_Nonnull' if the pointer should never be null
C/C++:  14561 |     const void* pNext) const
C/C++:        |               ^
C/C++:        |                 _Nonnull
C/C++: D:/Foundation-SM64/Android/app/.cxx/Debug/592n6c1o/arm64-v8a/_deps/vulkanmemoryallocator-src/include/vk_mem_alloc.h:14587:5: warning: pointer is missing a nullability type specifier (_Nonnull, _Nullable, or _Null_unspecified) [-Wnullability-completeness]
C/C++:  14587 |     VkDeviceMemory memory,
C/C++:        |     ^
C/C++: D:/Foundation-SM64/Android/app/.cxx/Debug/592n6c1o/arm64-v8a/_deps/vulkanmemoryallocator-src/include/vk_mem_alloc.h:14587:5: note: insert '_Nullable' if the pointer may be null
C/C++:  14587 |     VkDeviceMemory memory,
C/C++:        |     ^
C/C++:        |                    _Nullable
C/C++: D:/Foundation-SM64/Android/app/.cxx/Debug/592n6c1o/arm64-v8a/_deps/vulkanmemoryallocator-src/include/vk_mem_alloc.h:14587:5: note: insert '_Nonnull' if the pointer should never be null
C/C++:  14587 |     VkDeviceMemory memory,
C/C++:        |     ^
C/C++:        |                    _Nonnull
C/C++: D:/Foundation-SM64/Android/app/.cxx/Debug/592n6c1o/arm64-v8a/_deps/vulkanmemoryallocator-src/include/vk_mem_alloc.h:14589:5: warning: pointer is missing a nullability type specifier (_Nonnull, _Nullable, or _Null_unspecified) [-Wnullability-completeness]
C/C++:  14589 |     VkImage image,
C/C++:        |     ^
C/C++: D:/Foundation-SM64/Android/app/.cxx/Debug/592n6c1o/arm64-v8a/_deps/vulkanmemoryallocator-src/include/vk_mem_alloc.h:14589:5: note: insert '_Nullable' if the pointer may be null
C/C++:  14589 |     VkImage image,
C/C++:        |     ^
C/C++:        |             _Nullable
C/C++: D:/Foundation-SM64/Android/app/.cxx/Debug/592n6c1o/arm64-v8a/_deps/vulkanmemoryallocator-src/include/vk_mem_alloc.h:14589:5: note: insert '_Nonnull' if the pointer should never be null
C/C++:  14589 |     VkImage image,
C/C++:        |     ^
C/C++:        |             _Nonnull
C/C++: D:/Foundation-SM64/Android/app/.cxx/Debug/592n6c1o/arm64-v8a/_deps/vulkanmemoryallocator-src/include/vk_mem_alloc.h:14590:15: warning: pointer is missing a nullability type specifier (_Nonnull, _Nullable, or _Null_unspecified) [-Wnullability-completeness]
C/C++:  14590 |     const void* pNext) const
C/C++:        |               ^
C/C++: D:/Foundation-SM64/Android/app/.cxx/Debug/592n6c1o/arm64-v8a/_deps/vulkanmemoryallocator-src/include/vk_mem_alloc.h:14590:15: note: insert '_Nullable' if the pointer may be null
C/C++:  14590 |     const void* pNext) const
C/C++:        |               ^
C/C++:        |                 _Nullable
C/C++: D:/Foundation-SM64/Android/app/.cxx/Debug/592n6c1o/arm64-v8a/_deps/vulkanmemoryallocator-src/include/vk_mem_alloc.h:14590:15: note: insert '_Nonnull' if the pointer should never be null
C/C++:  14590 |     const void* pNext) const
C/C++:        |               ^
C/C++:        |                 _Nonnull
C/C++: D:/Foundation-SM64/Android/app/.cxx/Debug/592n6c1o/arm64-v8a/_deps/vulkanmemoryallocator-src/include/vk_mem_alloc.h:14613:30: warning: pointer is missing a nullability type specifier (_Nonnull, _Nullable, or _Null_unspecified) [-Wnullability-completeness]
C/C++:  14613 | VkResult VmaAllocator_T::Map(VmaAllocation hAllocation, void** ppData)
C/C++:        |                              ^
C/C++: D:/Foundation-SM64/Android/app/.cxx/Debug/592n6c1o/arm64-v8a/_deps/vulkanmemoryallocator-src/include/vk_mem_alloc.h:14613:30: note: insert '_Nullable' if the pointer may be null
C/C++:  14613 | VkResult VmaAllocator_T::Map(VmaAllocation hAllocation, void** ppData)
C/C++:        |                              ^
C/C++:        |                                            _Nullable
C/C++: D:/Foundation-SM64/Android/app/.cxx/Debug/592n6c1o/arm64-v8a/_deps/vulkanmemoryallocator-src/include/vk_mem_alloc.h:14613:30: note: insert '_Nonnull' if the pointer should never be null
C/C++:  14613 | VkResult VmaAllocator_T::Map(VmaAllocation hAllocation, void** ppData)
C/C++:        |                              ^
C/C++:        |                                            _Nonnull
C/C++: D:/Foundation-SM64/Android/app/.cxx/Debug/592n6c1o/arm64-v8a/_deps/vulkanmemoryallocator-src/include/vk_mem_alloc.h:14613:61: warning: pointer is missing a nullability type specifier (_Nonnull, _Nullable, or _Null_unspecified) [-Wnullability-completeness]
C/C++:  14613 | VkResult VmaAllocator_T::Map(VmaAllocation hAllocation, void** ppData)
C/C++:        |                                                             ^
C/C++: D:/Foundation-SM64/Android/app/.cxx/Debug/592n6c1o/arm64-v8a/_deps/vulkanmemoryallocator-src/include/vk_mem_alloc.h:14613:61: note: insert '_Nullable' if the pointer may be null
C/C++:  14613 | VkResult VmaAllocator_T::Map(VmaAllocation hAllocation, void** ppData)
C/C++:        |                                                             ^
C/C++:        |                                                              _Nullable
C/C++: D:/Foundation-SM64/Android/app/.cxx/Debug/592n6c1o/arm64-v8a/_deps/vulkanmemoryallocator-src/include/vk_mem_alloc.h:14613:61: note: insert '_Nonnull' if the pointer should never be null
C/C++:  14613 | VkResult VmaAllocator_T::Map(VmaAllocation hAllocation, void** ppData)
C/C++:        |                                                             ^
C/C++:        |                                                              _Nonnull
C/C++: D:/Foundation-SM64/Android/app/.cxx/Debug/592n6c1o/arm64-v8a/_deps/vulkanmemoryallocator-src/include/vk_mem_alloc.h:14613:62: warning: pointer is missing a nullability type specifier (_Nonnull, _Nullable, or _Null_unspecified) [-Wnullability-completeness]
C/C++:  14613 | VkResult VmaAllocator_T::Map(VmaAllocation hAllocation, void** ppData)
C/C++:        |                                                              ^
C/C++: D:/Foundation-SM64/Android/app/.cxx/Debug/592n6c1o/arm64-v8a/_deps/vulkanmemoryallocator-src/include/vk_mem_alloc.h:14613:62: note: insert '_Nullable' if the pointer may be null
C/C++:  14613 | VkResult VmaAllocator_T::Map(VmaAllocation hAllocation, void** ppData)
C/C++:        |                                                              ^
C/C++:        |                                                                _Nullable
C/C++: D:/Foundation-SM64/Android/app/.cxx/Debug/592n6c1o/arm64-v8a/_deps/vulkanmemoryallocator-src/include/vk_mem_alloc.h:14613:62: note: insert '_Nonnull' if the pointer should never be null
C/C++:  14613 | VkResult VmaAllocator_T::Map(VmaAllocation hAllocation, void** ppData)
C/C++:        |                                                              ^
C/C++:        |                                                                _Nonnull
C/C++: D:/Foundation-SM64/Android/app/.cxx/Debug/592n6c1o/arm64-v8a/_deps/vulkanmemoryallocator-src/include/vk_mem_alloc.h:14637:28: warning: pointer is missing a nullability type specifier (_Nonnull, _Nullable, or _Null_unspecified) [-Wnullability-completeness]
C/C++:  14637 | void VmaAllocator_T::Unmap(VmaAllocation hAllocation)
C/C++:        |                            ^
C/C++: D:/Foundation-SM64/Android/app/.cxx/Debug/592n6c1o/arm64-v8a/_deps/vulkanmemoryallocator-src/include/vk_mem_alloc.h:14637:28: note: insert '_Nullable' if the pointer may be null
C/C++:  14637 | void VmaAllocator_T::Unmap(VmaAllocation hAllocation)
C/C++:        |                            ^
C/C++:        |                                          _Nullable
C/C++: D:/Foundation-SM64/Android/app/.cxx/Debug/592n6c1o/arm64-v8a/_deps/vulkanmemoryallocator-src/include/vk_mem_alloc.h:14637:28: note: insert '_Nonnull' if the pointer should never be null
C/C++:  14637 | void VmaAllocator_T::Unmap(VmaAllocation hAllocation)
C/C++:        |                            ^
C/C++:        |                                          _Nonnull
C/C++: D:/Foundation-SM64/Android/app/.cxx/Debug/592n6c1o/arm64-v8a/_deps/vulkanmemoryallocator-src/include/vk_mem_alloc.h:14657:5: warning: pointer is missing a nullability type specifier (_Nonnull, _Nullable, or _Null_unspecified) [-Wnullability-completeness]
C/C++:  14657 |     VmaAllocation hAllocation,
C/C++:        |     ^
C/C++: D:/Foundation-SM64/Android/app/.cxx/Debug/592n6c1o/arm64-v8a/_deps/vulkanmemoryallocator-src/include/vk_mem_alloc.h:14657:5: note: insert '_Nullable' if the pointer may be null
C/C++:  14657 |     VmaAllocation hAllocation,
C/C++:        |     ^
C/C++:        |                   _Nullable
C/C++: D:/Foundation-SM64/Android/app/.cxx/Debug/592n6c1o/arm64-v8a/_deps/vulkanmemoryallocator-src/include/vk_mem_alloc.h:14657:5: note: insert '_Nonnull' if the pointer should never be null
C/C++:  14657 |     VmaAllocation hAllocation,
C/C++:        |     ^
C/C++:        |                   _Nonnull
C/C++: D:/Foundation-SM64/Android/app/.cxx/Debug/592n6c1o/arm64-v8a/_deps/vulkanmemoryallocator-src/include/vk_mem_alloc.h:14659:5: warning: pointer is missing a nullability type specifier (_Nonnull, _Nullable, or _Null_unspecified) [-Wnullability-completeness]
C/C++:  14659 |     VkBuffer hBuffer,
C/C++:        |     ^
C/C++: D:/Foundation-SM64/Android/app/.cxx/Debug/592n6c1o/arm64-v8a/_deps/vulkanmemoryallocator-src/include/vk_mem_alloc.h:14659:5: note: insert '_Nullable' if the pointer may be null
C/C++:  14659 |     VkBuffer hBuffer,
C/C++:        |     ^
C/C++:        |              _Nullable
C/C++: D:/Foundation-SM64/Android/app/.cxx/Debug/592n6c1o/arm64-v8a/_deps/vulkanmemoryallocator-src/include/vk_mem_alloc.h:14659:5: note: insert '_Nonnull' if the pointer should never be null
C/C++:  14659 |     VkBuffer hBuffer,
C/C++:        |     ^
C/C++:        |              _Nonnull
C/C++: D:/Foundation-SM64/Android/app/.cxx/Debug/592n6c1o/arm64-v8a/_deps/vulkanmemoryallocator-src/include/vk_mem_alloc.h:14660:15: warning: pointer is missing a nullability type specifier (_Nonnull, _Nullable, or _Null_unspecified) [-Wnullability-completeness]
C/C++:  14660 |     const void* pNext)
C/C++:        |               ^
C/C++: D:/Foundation-SM64/Android/app/.cxx/Debug/592n6c1o/arm64-v8a/_deps/vulkanmemoryallocator-src/include/vk_mem_alloc.h:14660:15: note: insert '_Nullable' if the pointer may be null
C/C++:  14660 |     const void* pNext)
C/C++:        |               ^
C/C++:        |                 _Nullable
C/C++: D:/Foundation-SM64/Android/app/.cxx/Debug/592n6c1o/arm64-v8a/_deps/vulkanmemoryallocator-src/include/vk_mem_alloc.h:14660:15: note: insert '_Nonnull' if the pointer should never be null
C/C++:  14660 |     const void* pNext)
C/C++:        |               ^
C/C++:        |                 _Nonnull
C/C++: D:/Foundation-SM64/Android/app/.cxx/Debug/592n6c1o/arm64-v8a/_deps/vulkanmemoryallocator-src/include/vk_mem_alloc.h:14682:5: warning: pointer is missing a nullability type specifier (_Nonnull, _Nullable, or _Null_unspecified) [-Wnullability-completeness]
C/C++:  14682 |     VmaAllocation hAllocation,
C/C++:        |     ^
C/C++: D:/Foundation-SM64/Android/app/.cxx/Debug/592n6c1o/arm64-v8a/_deps/vulkanmemoryallocator-src/include/vk_mem_alloc.h:14682:5: note: insert '_Nullable' if the pointer may be null
C/C++:  14682 |     VmaAllocation hAllocation,
C/C++:        |     ^
C/C++:        |                   _Nullable
C/C++: D:/Foundation-SM64/Android/app/.cxx/Debug/592n6c1o/arm64-v8a/_deps/vulkanmemoryallocator-src/include/vk_mem_alloc.h:14682:5: note: insert '_Nonnull' if the pointer should never be null
C/C++:  14682 |     VmaAllocation hAllocation,
C/C++:        |     ^
C/C++:        |                   _Nonnull
C/C++: D:/Foundation-SM64/Android/app/.cxx/Debug/592n6c1o/arm64-v8a/_deps/vulkanmemoryallocator-src/include/vk_mem_alloc.h:14684:5: warning: pointer is missing a nullability type specifier (_Nonnull, _Nullable, or _Null_unspecified) [-Wnullability-completeness]
C/C++:  14684 |     VkImage hImage,
C/C++:        |     ^
C/C++: D:/Foundation-SM64/Android/app/.cxx/Debug/592n6c1o/arm64-v8a/_deps/vulkanmemoryallocator-src/include/vk_mem_alloc.h:14684:5: note: insert '_Nullable' if the pointer may be null
C/C++:  14684 |     VkImage hImage,
C/C++:        |     ^
C/C++:        |             _Nullable
C/C++: D:/Foundation-SM64/Android/app/.cxx/Debug/592n6c1o/arm64-v8a/_deps/vulkanmemoryallocator-src/include/vk_mem_alloc.h:14684:5: note: insert '_Nonnull' if the pointer should never be null
C/C++:  14684 |     VkImage hImage,
C/C++:        |     ^
C/C++:        |             _Nonnull
C/C++: D:/Foundation-SM64/Android/app/.cxx/Debug/592n6c1o/arm64-v8a/_deps/vulkanmemoryallocator-src/include/vk_mem_alloc.h:14685:15: warning: pointer is missing a nullability type specifier (_Nonnull, _Nullable, or _Null_unspecified) [-Wnullability-completeness]
C/C++:  14685 |     const void* pNext)
C/C++:        |               ^
C/C++: D:/Foundation-SM64/Android/app/.cxx/Debug/592n6c1o/arm64-v8a/_deps/vulkanmemoryallocator-src/include/vk_mem_alloc.h:14685:15: note: insert '_Nullable' if the pointer may be null
C/C++:  14685 |     const void* pNext)
C/C++:        |               ^
C/C++:        |                 _Nullable
C/C++: D:/Foundation-SM64/Android/app/.cxx/Debug/592n6c1o/arm64-v8a/_deps/vulkanmemoryallocator-src/include/vk_mem_alloc.h:14685:15: note: insert '_Nonnull' if the pointer should never be null
C/C++:  14685 |     const void* pNext)
C/C++:        |               ^
C/C++:        |                 _Nonnull
C/C++: D:/Foundation-SM64/Android/app/.cxx/Debug/592n6c1o/arm64-v8a/_deps/vulkanmemoryallocator-src/include/vk_mem_alloc.h:14707:5: warning: pointer is missing a nullability type specifier (_Nonnull, _Nullable, or _Null_unspecified) [-Wnullability-completeness]
C/C++:  14707 |     VmaAllocation hAllocation,
C/C++:        |     ^
C/C++: D:/Foundation-SM64/Android/app/.cxx/Debug/592n6c1o/arm64-v8a/_deps/vulkanmemoryallocator-src/include/vk_mem_alloc.h:14707:5: note: insert '_Nullable' if the pointer may be null
C/C++:  14707 |     VmaAllocation hAllocation,
C/C++:        |     ^
C/C++:        |                   _Nullable
C/C++: D:/Foundation-SM64/Android/app/.cxx/Debug/592n6c1o/arm64-v8a/_deps/vulkanmemoryallocator-src/include/vk_mem_alloc.h:14707:5: note: insert '_Nonnull' if the pointer should never be null
C/C++:  14707 |     VmaAllocation hAllocation,
C/C++:        |     ^
C/C++:        |                   _Nonnull
C/C++: D:/Foundation-SM64/Android/app/.cxx/Debug/592n6c1o/arm64-v8a/_deps/vulkanmemoryallocator-src/include/vk_mem_alloc.h:14734:11: warning: pointer is missing a nullability type specifier (_Nonnull, _Nullable, or _Null_unspecified) [-Wnullability-completeness]
C/C++:  14734 |     const VmaAllocation* allocations,
C/C++:        |           ^
C/C++: D:/Foundation-SM64/Android/app/.cxx/Debug/592n6c1o/arm64-v8a/_deps/vulkanmemoryallocator-src/include/vk_mem_alloc.h:14734:11: note: insert '_Nullable' if the pointer may be null
C/C++:  14734 |     const VmaAllocation* allocations,
C/C++:        |           ^            
C/C++:        |                         _Nullable 
C/C++: D:/Foundation-SM64/Android/app/.cxx/Debug/592n6c1o/arm64-v8a/_deps/vulkanmemoryallocator-src/include/vk_mem_alloc.h:14734:11: note: insert '_Nonnull' if the pointer should never be null
C/C++:  14734 |     const VmaAllocation* allocations,
C/C++:        |           ^            
C/C++:        |                         _Nonnull 
C/C++: D:/Foundation-SM64/Android/app/.cxx/Debug/592n6c1o/arm64-v8a/_deps/vulkanmemoryallocator-src/include/vk_mem_alloc.h:14734:24: warning: pointer is missing a nullability type specifier (_Nonnull, _Nullable, or _Null_unspecified) [-Wnullability-completeness]
C/C++:  14734 |     const VmaAllocation* allocations,
C/C++:        |                        ^
C/C++: D:/Foundation-SM64/Android/app/.cxx/Debug/592n6c1o/arm64-v8a/_deps/vulkanmemoryallocator-src/include/vk_mem_alloc.h:14734:24: note: insert '_Nullable' if the pointer may be null
C/C++:  14734 |     const VmaAllocation* allocations,
C/C++:        |                        ^
C/C++:        |                          _Nullable
C/C++: D:/Foundation-SM64/Android/app/.cxx/Debug/592n6c1o/arm64-v8a/_deps/vulkanmemoryallocator-src/include/vk_mem_alloc.h:14734:24: note: insert '_Nonnull' if the pointer should never be null
C/C++:  14734 |     const VmaAllocation* allocations,
C/C++:        |                        ^
C/C++:        |                          _Nonnull
C/C++: D:/Foundation-SM64/Android/app/.cxx/Debug/592n6c1o/arm64-v8a/_deps/vulkanmemoryallocator-src/include/vk_mem_alloc.h:14735:23: warning: pointer is missing a nullability type specifier (_Nonnull, _Nullable, or _Null_unspecified) [-Wnullability-completeness]
C/C++:  14735 |     const VkDeviceSize* offsets, const VkDeviceSize* sizes,
C/C++:        |                       ^
C/C++: D:/Foundation-SM64/Android/app/.cxx/Debug/592n6c1o/arm64-v8a/_deps/vulkanmemoryallocator-src/include/vk_mem_alloc.h:14735:23: note: insert '_Nullable' if the pointer may be null
C/C++:  14735 |     const VkDeviceSize* offsets, const VkDeviceSize* sizes,
C/C++:        |                       ^
C/C++:        |                         _Nullable
C/C++: D:/Foundation-SM64/Android/app/.cxx/Debug/592n6c1o/arm64-v8a/_deps/vulkanmemoryallocator-src/include/vk_mem_alloc.h:14735:23: note: insert '_Nonnull' if the pointer should never be null
C/C++:  14735 |     const VkDeviceSize* offsets, const VkDeviceSize* sizes,
C/C++:        |                       ^
C/C++:        |                         _Nonnull
C/C++: D:/Foundation-SM64/Android/app/.cxx/Debug/592n6c1o/arm64-v8a/_deps/vulkanmemoryallocator-src/include/vk_mem_alloc.h:14735:52: warning: pointer is missing a nullability type specifier (_Nonnull, _Nullable, or _Null_unspecified) [-Wnullability-completeness]
C/C++:  14735 |     const VkDeviceSize* offsets, const VkDeviceSize* sizes,
C/C++:        |                                                    ^
C/C++: D:/Foundation-SM64/Android/app/.cxx/Debug/592n6c1o/arm64-v8a/_deps/vulkanmemoryallocator-src/include/vk_mem_alloc.h:14735:52: note: insert '_Nullable' if the pointer may be null
C/C++:  14735 |     const VkDeviceSize* offsets, const VkDeviceSize* sizes,
C/C++:        |                                                    ^
C/C++:        |                                                      _Nullable
C/C++: D:/Foundation-SM64/Android/app/.cxx/Debug/592n6c1o/arm64-v8a/_deps/vulkanmemoryallocator-src/include/vk_mem_alloc.h:14735:52: note: insert '_Nonnull' if the pointer should never be null
C/C++:  14735 |     const VkDeviceSize* offsets, const VkDeviceSize* sizes,
C/C++:        |                                                    ^
C/C++:        |                                                      _Nonnull
C/C++: D:/Foundation-SM64/Android/app/.cxx/Debug/592n6c1o/arm64-v8a/_deps/vulkanmemoryallocator-src/include/vk_mem_alloc.h:14774:15: warning: pointer is missing a nullability type specifier (_Nonnull, _Nullable, or _Null_unspecified) [-Wnullability-completeness]
C/C++:  14774 |     const void* pSrcHostPointer,
C/C++:        |               ^
C/C++: D:/Foundation-SM64/Android/app/.cxx/Debug/592n6c1o/arm64-v8a/_deps/vulkanmemoryallocator-src/include/vk_mem_alloc.h:14774:15: note: insert '_Nullable' if the pointer may be null
C/C++:  14774 |     const void* pSrcHostPointer,
C/C++:        |               ^
C/C++:        |                 _Nullable
C/C++: D:/Foundation-SM64/Android/app/.cxx/Debug/592n6c1o/arm64-v8a/_deps/vulkanmemoryallocator-src/include/vk_mem_alloc.h:14774:15: note: insert '_Nonnull' if the pointer should never be null
C/C++:  14774 |     const void* pSrcHostPointer,
C/C++:        |               ^
C/C++:        |                 _Nonnull
C/C++: D:/Foundation-SM64/Android/app/.cxx/Debug/592n6c1o/arm64-v8a/_deps/vulkanmemoryallocator-src/include/vk_mem_alloc.h:14775:5: warning: pointer is missing a nullability type specifier (_Nonnull, _Nullable, or _Null_unspecified) [-Wnullability-completeness]
C/C++:  14775 |     VmaAllocation dstAllocation,
C/C++:        |     ^
C/C++: D:/Foundation-SM64/Android/app/.cxx/Debug/592n6c1o/arm64-v8a/_deps/vulkanmemoryallocator-src/include/vk_mem_alloc.h:14775:5: note: insert '_Nullable' if the pointer may be null
C/C++:  14775 |     VmaAllocation dstAllocation,
C/C++:        |     ^
C/C++:        |                   _Nullable
C/C++: D:/Foundation-SM64/Android/app/.cxx/Debug/592n6c1o/arm64-v8a/_deps/vulkanmemoryallocator-src/include/vk_mem_alloc.h:14775:5: note: insert '_Nonnull' if the pointer should never be null
C/C++:  14775 |     VmaAllocation dstAllocation,
C/C++:        |     ^
C/C++:        |                   _Nonnull
C/C++: D:/Foundation-SM64/Android/app/.cxx/Debug/592n6c1o/arm64-v8a/_deps/vulkanmemoryallocator-src/include/vk_mem_alloc.h:14791:5: warning: pointer is missing a nullability type specifier (_Nonnull, _Nullable, or _Null_unspecified) [-Wnullability-completeness]
C/C++:  14791 |     VmaAllocation srcAllocation,
C/C++:        |     ^
C/C++: D:/Foundation-SM64/Android/app/.cxx/Debug/592n6c1o/arm64-v8a/_deps/vulkanmemoryallocator-src/include/vk_mem_alloc.h:14791:5: note: insert '_Nullable' if the pointer may be null
C/C++:  14791 |     VmaAllocation srcAllocation,
C/C++:        |     ^
C/C++:        |                   _Nullable
C/C++: D:/Foundation-SM64/Android/app/.cxx/Debug/592n6c1o/arm64-v8a/_deps/vulkanmemoryallocator-src/include/vk_mem_alloc.h:14791:5: note: insert '_Nonnull' if the pointer should never be null
C/C++:  14791 |     VmaAllocation srcAllocation,
C/C++:        |     ^
C/C++:        |                   _Nonnull
C/C++: D:/Foundation-SM64/Android/app/.cxx/Debug/592n6c1o/arm64-v8a/_deps/vulkanmemoryallocator-src/include/vk_mem_alloc.h:14793:9: warning: pointer is missing a nullability type specifier (_Nonnull, _Nullable, or _Null_unspecified) [-Wnullability-completeness]
C/C++:  14793 |     void* pDstHostPointer,
C/C++:        |         ^
C/C++: D:/Foundation-SM64/Android/app/.cxx/Debug/592n6c1o/arm64-v8a/_deps/vulkanmemoryallocator-src/include/vk_mem_alloc.h:14793:9: note: insert '_Nullable' if the pointer may be null
C/C++:  14793 |     void* pDstHostPointer,
C/C++:        |         ^
C/C++:        |           _Nullable
C/C++: D:/Foundation-SM64/Android/app/.cxx/Debug/592n6c1o/arm64-v8a/_deps/vulkanmemoryallocator-src/include/vk_mem_alloc.h:14793:9: note: insert '_Nonnull' if the pointer should never be null
C/C++:  14793 |     void* pDstHostPointer,
C/C++:        |         ^
C/C++:        |           _Nonnull
C/C++: D:/Foundation-SM64/Android/app/.cxx/Debug/592n6c1o/arm64-v8a/_deps/vulkanmemoryallocator-src/include/vk_mem_alloc.h:14810:42: warning: pointer is missing a nullability type specifier (_Nonnull, _Nullable, or _Null_unspecified) [-Wnullability-completeness]
C/C++:  14810 | void VmaAllocator_T::FreeDedicatedMemory(VmaAllocation allocation)
C/C++:        |                                          ^
C/C++: D:/Foundation-SM64/Android/app/.cxx/Debug/592n6c1o/arm64-v8a/_deps/vulkanmemoryallocator-src/include/vk_mem_alloc.h:14810:42: note: insert '_Nullable' if the pointer may be null
C/C++:  14810 | void VmaAllocator_T::FreeDedicatedMemory(VmaAllocation allocation)
C/C++:        |                                          ^
C/C++:        |                                                        _Nullable
C/C++: D:/Foundation-SM64/Android/app/.cxx/Debug/592n6c1o/arm64-v8a/_deps/vulkanmemoryallocator-src/include/vk_mem_alloc.h:14810:42: note: insert '_Nonnull' if the pointer should never be null
C/C++:  14810 | void VmaAllocator_T::FreeDedicatedMemory(VmaAllocation allocation)
C/C++:        |                                          ^
C/C++:        |                                                        _Nonnull
C/C++: D:/Foundation-SM64/Android/app/.cxx/Debug/592n6c1o/arm64-v8a/_deps/vulkanmemoryallocator-src/include/vk_mem_alloc.h:14896:5: warning: pointer is missing a nullability type specifier (_Nonnull, _Nullable, or _Null_unspecified) [-Wnullability-completeness]
C/C++:  14896 |     VmaAllocation allocation,
C/C++:        |     ^
C/C++: D:/Foundation-SM64/Android/app/.cxx/Debug/592n6c1o/arm64-v8a/_deps/vulkanmemoryallocator-src/include/vk_mem_alloc.h:14896:5: note: insert '_Nullable' if the pointer may be null
C/C++:  14896 |     VmaAllocation allocation,
C/C++:        |     ^
C/C++:        |                   _Nullable
C/C++: D:/Foundation-SM64/Android/app/.cxx/Debug/592n6c1o/arm64-v8a/_deps/vulkanmemoryallocator-src/include/vk_mem_alloc.h:14896:5: note: insert '_Nonnull' if the pointer should never be null
C/C++:  14896 |     VmaAllocation allocation,
C/C++:        |     ^
C/C++:        |                   _Nonnull
C/C++: D:/Foundation-SM64/Android/app/.cxx/Debug/592n6c1o/arm64-v8a/_deps/vulkanmemoryallocator-src/include/vk_mem_alloc.h:14998:37: warning: pointer is missing a nullability type specifier (_Nonnull, _Nullable, or _Null_unspecified) [-Wnullability-completeness]
C/C++:  14998 | void VmaAllocator_T::FillAllocation(VmaAllocation hAllocation, uint8_t pattern)
C/C++:        |                                     ^
C/C++: D:/Foundation-SM64/Android/app/.cxx/Debug/592n6c1o/arm64-v8a/_deps/vulkanmemoryallocator-src/include/vk_mem_alloc.h:14998:37: note: insert '_Nullable' if the pointer may be null
C/C++:  14998 | void VmaAllocator_T::FillAllocation(VmaAllocation hAllocation, uint8_t pattern)
C/C++:        |                                     ^
C/C++:        |                                                   _Nullable
C/C++: D:/Foundation-SM64/Android/app/.cxx/Debug/592n6c1o/arm64-v8a/_deps/vulkanmemoryallocator-src/include/vk_mem_alloc.h:14998:37: note: insert '_Nonnull' if the pointer should never be null
C/C++:  14998 | void VmaAllocator_T::FillAllocation(VmaAllocation hAllocation, uint8_t pattern)
C/C++:        |                                     ^
C/C++:        |                                                   _Nonnull
C/C++: D:/Foundation-SM64/Android/app/.cxx/Debug/592n6c1o/arm64-v8a/_deps/vulkanmemoryallocator-src/include/vk_mem_alloc.h:15221:33: warning: pointer is missing a nullability type specifier (_Nonnull, _Nullable, or _Null_unspecified) [-Wnullability-completeness]
C/C++:  15221 |     const VmaAllocatorCreateInfo* pCreateInfo,
C/C++:        |                                 ^
C/C++: D:/Foundation-SM64/Android/app/.cxx/Debug/592n6c1o/arm64-v8a/_deps/vulkanmemoryallocator-src/include/vk_mem_alloc.h:15221:33: note: insert '_Nullable' if the pointer may be null
C/C++:  15221 |     const VmaAllocatorCreateInfo* pCreateInfo,
C/C++:        |                                 ^
C/C++:        |                                   _Nullable
C/C++: D:/Foundation-SM64/Android/app/.cxx/Debug/592n6c1o/arm64-v8a/_deps/vulkanmemoryallocator-src/include/vk_mem_alloc.h:15221:33: note: insert '_Nonnull' if the pointer should never be null
C/C++:  15221 |     const VmaAllocatorCreateInfo* pCreateInfo,
C/C++:        |                                 ^
C/C++:        |                                   _Nonnull
C/C++: D:/Foundation-SM64/Android/app/.cxx/Debug/592n6c1o/arm64-v8a/_deps/vulkanmemoryallocator-src/include/vk_mem_alloc.h:15222:5: warning: pointer is missing a nullability type specifier (_Nonnull, _Nullable, or _Null_unspecified) [-Wnullability-completeness]
C/C++:  15222 |     VmaAllocator* pAllocator)
C/C++:        |     ^
C/C++: D:/Foundation-SM64/Android/app/.cxx/Debug/592n6c1o/arm64-v8a/_deps/vulkanmemoryallocator-src/include/vk_mem_alloc.h:15222:5: note: insert '_Nullable' if the pointer may be null
C/C++:  15222 |     VmaAllocator* pAllocator)
C/C++:        |     ^           
C/C++:        |                  _Nullable 
C/C++: D:/Foundation-SM64/Android/app/.cxx/Debug/592n6c1o/arm64-v8a/_deps/vulkanmemoryallocator-src/include/vk_mem_alloc.h:15222:5: note: insert '_Nonnull' if the pointer should never be null
C/C++:  15222 |     VmaAllocator* pAllocator)
C/C++:        |     ^           
C/C++:        |                  _Nonnull 
C/C++: D:/Foundation-SM64/Android/app/.cxx/Debug/592n6c1o/arm64-v8a/_deps/vulkanmemoryallocator-src/include/vk_mem_alloc.h:15222:17: warning: pointer is missing a nullability type specifier (_Nonnull, _Nullable, or _Null_unspecified) [-Wnullability-completeness]
C/C++:  15222 |     VmaAllocator* pAllocator)
C/C++:        |                 ^
C/C++: D:/Foundation-SM64/Android/app/.cxx/Debug/592n6c1o/arm64-v8a/_deps/vulkanmemoryallocator-src/include/vk_mem_alloc.h:15222:17: note: insert '_Nullable' if the pointer may be null
C/C++:  15222 |     VmaAllocator* pAllocator)
C/C++:        |                 ^
C/C++:        |                   _Nullable
C/C++: D:/Foundation-SM64/Android/app/.cxx/Debug/592n6c1o/arm64-v8a/_deps/vulkanmemoryallocator-src/include/vk_mem_alloc.h:15222:17: note: insert '_Nonnull' if the pointer should never be null
C/C++:  15222 |     VmaAllocator* pAllocator)
C/C++:        |                 ^
C/C++:        |                   _Nonnull
C/C++: D:/Foundation-SM64/Android/app/.cxx/Debug/592n6c1o/arm64-v8a/_deps/vulkanmemoryallocator-src/include/vk_mem_alloc.h:15239:5: warning: pointer is missing a nullability type specifier (_Nonnull, _Nullable, or _Null_unspecified) [-Wnullability-completeness]
C/C++:  15239 |     VmaAllocator allocator)
C/C++:        |     ^
C/C++: D:/Foundation-SM64/Android/app/.cxx/Debug/592n6c1o/arm64-v8a/_deps/vulkanmemoryallocator-src/include/vk_mem_alloc.h:15239:5: note: insert '_Nullable' if the pointer may be null
C/C++:  15239 |     VmaAllocator allocator)
C/C++:        |     ^
C/C++:        |                  _Nullable
C/C++: D:/Foundation-SM64/Android/app/.cxx/Debug/592n6c1o/arm64-v8a/_deps/vulkanmemoryallocator-src/include/vk_mem_alloc.h:15239:5: note: insert '_Nonnull' if the pointer should never be null
C/C++:  15239 |     VmaAllocator allocator)
C/C++:        |     ^
C/C++:        |                  _Nonnull
C/C++: D:/Foundation-SM64/Android/app/.cxx/Debug/592n6c1o/arm64-v8a/_deps/vulkanmemoryallocator-src/include/vk_mem_alloc.h:15249:53: warning: pointer is missing a nullability type specifier (_Nonnull, _Nullable, or _Null_unspecified) [-Wnullability-completeness]
C/C++:  15249 | VMA_CALL_PRE void VMA_CALL_POST vmaGetAllocatorInfo(VmaAllocator allocator, VmaAllocatorInfo* pAllocatorInfo)
C/C++:        |                                                     ^
C/C++: D:/Foundation-SM64/Android/app/.cxx/Debug/592n6c1o/arm64-v8a/_deps/vulkanmemoryallocator-src/include/vk_mem_alloc.h:15249:53: note: insert '_Nullable' if the pointer may be null
C/C++:  15249 | VMA_CALL_PRE void VMA_CALL_POST vmaGetAllocatorInfo(VmaAllocator allocator, VmaAllocatorInfo* pAllocatorInfo)
C/C++:        |                                                     ^
C/C++:        |                                                                  _Nullable
C/C++: D:/Foundation-SM64/Android/app/.cxx/Debug/592n6c1o/arm64-v8a/_deps/vulkanmemoryallocator-src/include/vk_mem_alloc.h:15249:53: note: insert '_Nonnull' if the pointer should never be null
C/C++:  15249 | VMA_CALL_PRE void VMA_CALL_POST vmaGetAllocatorInfo(VmaAllocator allocator, VmaAllocatorInfo* pAllocatorInfo)
C/C++:        |                                                     ^
C/C++:        |                                                                  _Nonnull
C/C++: D:/Foundation-SM64/Android/app/.cxx/Debug/592n6c1o/arm64-v8a/_deps/vulkanmemoryallocator-src/include/vk_mem_alloc.h:15249:93: warning: pointer is missing a nullability type specifier (_Nonnull, _Nullable, or _Null_unspecified) [-Wnullability-completeness]
C/C++:  15249 | VMA_CALL_PRE void VMA_CALL_POST vmaGetAllocatorInfo(VmaAllocator allocator, VmaAllocatorInfo* pAllocatorInfo)
C/C++:        |                                                                                             ^
C/C++: D:/Foundation-SM64/Android/app/.cxx/Debug/592n6c1o/arm64-v8a/_deps/vulkanmemoryallocator-src/include/vk_mem_alloc.h:15249:93: note: insert '_Nullable' if the pointer may be null
C/C++:  15249 | VMA_CALL_PRE void VMA_CALL_POST vmaGetAllocatorInfo(VmaAllocator allocator, VmaAllocatorInfo* pAllocatorInfo)
C/C++:        |                                                                                             ^
C/C++:        |                                                                                               _Nullable
C/C++: D:/Foundation-SM64/Android/app/.cxx/Debug/592n6c1o/arm64-v8a/_deps/vulkanmemoryallocator-src/include/vk_mem_alloc.h:15249:93: note: insert '_Nonnull' if the pointer should never be null
C/C++:  15249 | VMA_CALL_PRE void VMA_CALL_POST vmaGetAllocatorInfo(VmaAllocator allocator, VmaAllocatorInfo* pAllocatorInfo)
C/C++:        |                                                                                             ^
C/C++:        |                                                                                               _Nonnull
C/C++: D:/Foundation-SM64/Android/app/.cxx/Debug/592n6c1o/arm64-v8a/_deps/vulkanmemoryallocator-src/include/vk_mem_alloc.h:15258:5: warning: pointer is missing a nullability type specifier (_Nonnull, _Nullable, or _Null_unspecified) [-Wnullability-completeness]
C/C++:  15258 |     VmaAllocator allocator,
C/C++:        |     ^
C/C++: D:/Foundation-SM64/Android/app/.cxx/Debug/592n6c1o/arm64-v8a/_deps/vulkanmemoryallocator-src/include/vk_mem_alloc.h:15258:5: note: insert '_Nullable' if the pointer may be null
C/C++:  15258 |     VmaAllocator allocator,
C/C++:        |     ^
C/C++:        |                  _Nullable
C/C++: D:/Foundation-SM64/Android/app/.cxx/Debug/592n6c1o/arm64-v8a/_deps/vulkanmemoryallocator-src/include/vk_mem_alloc.h:15258:5: note: insert '_Nonnull' if the pointer should never be null
C/C++:  15258 |     VmaAllocator allocator,
C/C++:        |     ^
C/C++:        |                  _Nonnull
C/C++: D:/Foundation-SM64/Android/app/.cxx/Debug/592n6c1o/arm64-v8a/_deps/vulkanmemoryallocator-src/include/vk_mem_alloc.h:15259:38: warning: pointer is missing a nullability type specifier (_Nonnull, _Nullable, or _Null_unspecified) [-Wnullability-completeness]
C/C++:  15259 |     const VkPhysicalDeviceProperties **ppPhysicalDeviceProperties)
C/C++:        |                                      ^
C/C++: D:/Foundation-SM64/Android/app/.cxx/Debug/592n6c1o/arm64-v8a/_deps/vulkanmemoryallocator-src/include/vk_mem_alloc.h:15259:38: note: insert '_Nullable' if the pointer may be null
C/C++:  15259 |     const VkPhysicalDeviceProperties **ppPhysicalDeviceProperties)
C/C++:        |                                      ^
C/C++:        |                                       _Nullable
C/C++: D:/Foundation-SM64/Android/app/.cxx/Debug/592n6c1o/arm64-v8a/_deps/vulkanmemoryallocator-src/include/vk_mem_alloc.h:15259:38: note: insert '_Nonnull' if the pointer should never be null
C/C++:  15259 |     const VkPhysicalDeviceProperties **ppPhysicalDeviceProperties)
C/C++:        |                                      ^
C/C++:        |                                       _Nonnull
C/C++: D:/Foundation-SM64/Android/app/.cxx/Debug/592n6c1o/arm64-v8a/_deps/vulkanmemoryallocator-src/include/vk_mem_alloc.h:15259:39: warning: pointer is missing a nullability type specifier (_Nonnull, _Nullable, or _Null_unspecified) [-Wnullability-completeness]
C/C++:  15259 |     const VkPhysicalDeviceProperties **ppPhysicalDeviceProperties)
C/C++:        |                                       ^
C/C++: D:/Foundation-SM64/Android/app/.cxx/Debug/592n6c1o/arm64-v8a/_deps/vulkanmemoryallocator-src/include/vk_mem_alloc.h:15259:39: note: insert '_Nullable' if the pointer may be null
C/C++:  15259 |     const VkPhysicalDeviceProperties **ppPhysicalDeviceProperties)
C/C++:        |                                       ^
C/C++:        |                                         _Nullable 
C/C++: D:/Foundation-SM64/Android/app/.cxx/Debug/592n6c1o/arm64-v8a/_deps/vulkanmemoryallocator-src/include/vk_mem_alloc.h:15259:39: note: insert '_Nonnull' if the pointer should never be null
C/C++:  15259 |     const VkPhysicalDeviceProperties **ppPhysicalDeviceProperties)
C/C++:        |                                       ^
C/C++:        |                                         _Nonnull 
C/C++: D:/Foundation-SM64/Android/app/.cxx/Debug/592n6c1o/arm64-v8a/_deps/vulkanmemoryallocator-src/include/vk_mem_alloc.h:15266:5: warning: pointer is missing a nullability type specifier (_Nonnull, _Nullable, or _Null_unspecified) [-Wnullability-completeness]
C/C++:  15266 |     VmaAllocator allocator,
C/C++:        |     ^
C/C++: D:/Foundation-SM64/Android/app/.cxx/Debug/592n6c1o/arm64-v8a/_deps/vulkanmemoryallocator-src/include/vk_mem_alloc.h:15266:5: note: insert '_Nullable' if the pointer may be null
C/C++:  15266 |     VmaAllocator allocator,
C/C++:        |     ^
C/C++:        |                  _Nullable
C/C++: D:/Foundation-SM64/Android/app/.cxx/Debug/592n6c1o/arm64-v8a/_deps/vulkanmemoryallocator-src/include/vk_mem_alloc.h:15266:5: note: insert '_Nonnull' if the pointer should never be null
C/C++:  15266 |     VmaAllocator allocator,
C/C++:        |     ^
C/C++:        |                  _Nonnull
C/C++: D:/Foundation-SM64/Android/app/.cxx/Debug/592n6c1o/arm64-v8a/_deps/vulkanmemoryallocator-src/include/vk_mem_alloc.h:15267:43: warning: pointer is missing a nullability type specifier (_Nonnull, _Nullable, or _Null_unspecified) [-Wnullability-completeness]
C/C++:  15267 |     const VkPhysicalDeviceMemoryProperties** ppPhysicalDeviceMemoryProperties)
C/C++:        |                                           ^
C/C++: D:/Foundation-SM64/Android/app/.cxx/Debug/592n6c1o/arm64-v8a/_deps/vulkanmemoryallocator-src/include/vk_mem_alloc.h:15267:43: note: insert '_Nullable' if the pointer may be null
C/C++:  15267 |     const VkPhysicalDeviceMemoryProperties** ppPhysicalDeviceMemoryProperties)
C/C++:        |                                           ^
C/C++:        |                                            _Nullable
C/C++: D:/Foundation-SM64/Android/app/.cxx/Debug/592n6c1o/arm64-v8a/_deps/vulkanmemoryallocator-src/include/vk_mem_alloc.h:15267:43: note: insert '_Nonnull' if the pointer should never be null
C/C++:  15267 |     const VkPhysicalDeviceMemoryProperties** ppPhysicalDeviceMemoryProperties)
C/C++:        |                                           ^
C/C++:        |                                            _Nonnull
C/C++: D:/Foundation-SM64/Android/app/.cxx/Debug/592n6c1o/arm64-v8a/_deps/vulkanmemoryallocator-src/include/vk_mem_alloc.h:15267:44: warning: pointer is missing a nullability type specifier (_Nonnull, _Nullable, or _Null_unspecified) [-Wnullability-completeness]
C/C++:  15267 |     const VkPhysicalDeviceMemoryProperties** ppPhysicalDeviceMemoryProperties)
C/C++:        |                                            ^
C/C++: D:/Foundation-SM64/Android/app/.cxx/Debug/592n6c1o/arm64-v8a/_deps/vulkanmemoryallocator-src/include/vk_mem_alloc.h:15267:44: note: insert '_Nullable' if the pointer may be null
C/C++:  15267 |     const VkPhysicalDeviceMemoryProperties** ppPhysicalDeviceMemoryProperties)
C/C++:        |                                            ^
C/C++:        |                                              _Nullable
C/C++: D:/Foundation-SM64/Android/app/.cxx/Debug/592n6c1o/arm64-v8a/_deps/vulkanmemoryallocator-src/include/vk_mem_alloc.h:15267:44: note: insert '_Nonnull' if the pointer should never be null
C/C++:  15267 |     const VkPhysicalDeviceMemoryProperties** ppPhysicalDeviceMemoryProperties)
C/C++:        |                                            ^
C/C++:        |                                              _Nonnull
C/C++: D:/Foundation-SM64/Android/app/.cxx/Debug/592n6c1o/arm64-v8a/_deps/vulkanmemoryallocator-src/include/vk_mem_alloc.h:15274:5: warning: pointer is missing a nullability type specifier (_Nonnull, _Nullable, or _Null_unspecified) [-Wnullability-completeness]
C/C++:  15274 |     VmaAllocator allocator,
C/C++:        |     ^
C/C++: D:/Foundation-SM64/Android/app/.cxx/Debug/592n6c1o/arm64-v8a/_deps/vulkanmemoryallocator-src/include/vk_mem_alloc.h:15274:5: note: insert '_Nullable' if the pointer may be null
C/C++:  15274 |     VmaAllocator allocator,
C/C++:        |     ^
C/C++:        |                  _Nullable
C/C++: D:/Foundation-SM64/Android/app/.cxx/Debug/592n6c1o/arm64-v8a/_deps/vulkanmemoryallocator-src/include/vk_mem_alloc.h:15274:5: note: insert '_Nonnull' if the pointer should never be null
C/C++:  15274 |     VmaAllocator allocator,
C/C++:        |     ^
C/C++:        |                  _Nonnull
C/C++: D:/Foundation-SM64/Android/app/.cxx/Debug/592n6c1o/arm64-v8a/_deps/vulkanmemoryallocator-src/include/vk_mem_alloc.h:15276:26: warning: pointer is missing a nullability type specifier (_Nonnull, _Nullable, or _Null_unspecified) [-Wnullability-completeness]
C/C++:  15276 |     VkMemoryPropertyFlags* pFlags)
C/C++:        |                          ^
C/C++: D:/Foundation-SM64/Android/app/.cxx/Debug/592n6c1o/arm64-v8a/_deps/vulkanmemoryallocator-src/include/vk_mem_alloc.h:15276:26: note: insert '_Nullable' if the pointer may be null
C/C++:  15276 |     VkMemoryPropertyFlags* pFlags)
C/C++:        |                          ^
C/C++:        |                            _Nullable
C/C++: D:/Foundation-SM64/Android/app/.cxx/Debug/592n6c1o/arm64-v8a/_deps/vulkanmemoryallocator-src/include/vk_mem_alloc.h:15276:26: note: insert '_Nonnull' if the pointer should never be null
C/C++:  15276 |     VkMemoryPropertyFlags* pFlags)
C/C++:        |                          ^
C/C++:        |                            _Nonnull
C/C++: D:/Foundation-SM64/Android/app/.cxx/Debug/592n6c1o/arm64-v8a/_deps/vulkanmemoryallocator-src/include/vk_mem_alloc.h:15284:5: warning: pointer is missing a nullability type specifier (_Nonnull, _Nullable, or _Null_unspecified) [-Wnullability-completeness]
C/C++:  15284 |     VmaAllocator allocator,
C/C++:        |     ^
C/C++: D:/Foundation-SM64/Android/app/.cxx/Debug/592n6c1o/arm64-v8a/_deps/vulkanmemoryallocator-src/include/vk_mem_alloc.h:15284:5: note: insert '_Nullable' if the pointer may be null
C/C++:  15284 |     VmaAllocator allocator,
C/C++:        |     ^
C/C++:        |                  _Nullable
C/C++: D:/Foundation-SM64/Android/app/.cxx/Debug/592n6c1o/arm64-v8a/_deps/vulkanmemoryallocator-src/include/vk_mem_alloc.h:15284:5: note: insert '_Nonnull' if the pointer should never be null
C/C++:  15284 |     VmaAllocator allocator,
C/C++:        |     ^
C/C++:        |                  _Nonnull
C/C++: D:/Foundation-SM64/Android/app/.cxx/Debug/592n6c1o/arm64-v8a/_deps/vulkanmemoryallocator-src/include/vk_mem_alloc.h:15295:5: warning: pointer is missing a nullability type specifier (_Nonnull, _Nullable, or _Null_unspecified) [-Wnullability-completeness]
C/C++:  15295 |     VmaAllocator allocator,
C/C++:        |     ^
C/C++: D:/Foundation-SM64/Android/app/.cxx/Debug/592n6c1o/arm64-v8a/_deps/vulkanmemoryallocator-src/include/vk_mem_alloc.h:15295:5: note: insert '_Nullable' if the pointer may be null
C/C++:  15295 |     VmaAllocator allocator,
C/C++:        |     ^
C/C++:        |                  _Nullable
C/C++: D:/Foundation-SM64/Android/app/.cxx/Debug/592n6c1o/arm64-v8a/_deps/vulkanmemoryallocator-src/include/vk_mem_alloc.h:15295:5: note: insert '_Nonnull' if the pointer should never be null
C/C++:  15295 |     VmaAllocator allocator,
C/C++:        |     ^
C/C++:        |                  _Nonnull
C/C++: D:/Foundation-SM64/Android/app/.cxx/Debug/592n6c1o/arm64-v8a/_deps/vulkanmemoryallocator-src/include/vk_mem_alloc.h:15296:23: warning: pointer is missing a nullability type specifier (_Nonnull, _Nullable, or _Null_unspecified) [-Wnullability-completeness]
C/C++:  15296 |     VmaTotalStatistics* pStats)
C/C++:        |                       ^
C/C++: D:/Foundation-SM64/Android/app/.cxx/Debug/592n6c1o/arm64-v8a/_deps/vulkanmemoryallocator-src/include/vk_mem_alloc.h:15296:23: note: insert '_Nullable' if the pointer may be null
C/C++:  15296 |     VmaTotalStatistics* pStats)
C/C++:        |                       ^
C/C++:        |                         _Nullable
C/C++: D:/Foundation-SM64/Android/app/.cxx/Debug/592n6c1o/arm64-v8a/_deps/vulkanmemoryallocator-src/include/vk_mem_alloc.h:15296:23: note: insert '_Nonnull' if the pointer should never be null
C/C++:  15296 |     VmaTotalStatistics* pStats)
C/C++:        |                       ^
C/C++:        |                         _Nonnull
C/C++: D:/Foundation-SM64/Android/app/.cxx/Debug/592n6c1o/arm64-v8a/_deps/vulkanmemoryallocator-src/include/vk_mem_alloc.h:15304:5: warning: pointer is missing a nullability type specifier (_Nonnull, _Nullable, or _Null_unspecified) [-Wnullability-completeness]
C/C++:  15304 |     VmaAllocator allocator,
C/C++:        |     ^
C/C++: D:/Foundation-SM64/Android/app/.cxx/Debug/592n6c1o/arm64-v8a/_deps/vulkanmemoryallocator-src/include/vk_mem_alloc.h:15304:5: note: insert '_Nullable' if the pointer may be null
C/C++:  15304 |     VmaAllocator allocator,
C/C++:        |     ^
C/C++:        |                  _Nullable
C/C++: D:/Foundation-SM64/Android/app/.cxx/Debug/592n6c1o/arm64-v8a/_deps/vulkanmemoryallocator-src/include/vk_mem_alloc.h:15304:5: note: insert '_Nonnull' if the pointer should never be null
C/C++:  15304 |     VmaAllocator allocator,
C/C++:        |     ^
C/C++:        |                  _Nonnull
C/C++: D:/Foundation-SM64/Android/app/.cxx/Debug/592n6c1o/arm64-v8a/_deps/vulkanmemoryallocator-src/include/vk_mem_alloc.h:15305:14: warning: pointer is missing a nullability type specifier (_Nonnull, _Nullable, or _Null_unspecified) [-Wnullability-completeness]
C/C++:  15305 |     VmaBudget* pBudgets)
C/C++:        |              ^
C/C++: D:/Foundation-SM64/Android/app/.cxx/Debug/592n6c1o/arm64-v8a/_deps/vulkanmemoryallocator-src/include/vk_mem_alloc.h:15305:14: note: insert '_Nullable' if the pointer may be null
C/C++:  15305 |     VmaBudget* pBudgets)
C/C++:        |              ^
C/C++:        |                _Nullable
C/C++: D:/Foundation-SM64/Android/app/.cxx/Debug/592n6c1o/arm64-v8a/_deps/vulkanmemoryallocator-src/include/vk_mem_alloc.h:15305:14: note: insert '_Nonnull' if the pointer should never be null
C/C++:  15305 |     VmaBudget* pBudgets)
C/C++:        |              ^
C/C++:        |                _Nonnull
C/C++: D:/Foundation-SM64/Android/app/.cxx/Debug/592n6c1o/arm64-v8a/_deps/vulkanmemoryallocator-src/include/vk_mem_alloc.h:15315:5: warning: pointer is missing a nullability type specifier (_Nonnull, _Nullable, or _Null_unspecified) [-Wnullability-completeness]
C/C++:  15315 |     VmaAllocator allocator,
C/C++:        |     ^
C/C++: D:/Foundation-SM64/Android/app/.cxx/Debug/592n6c1o/arm64-v8a/_deps/vulkanmemoryallocator-src/include/vk_mem_alloc.h:15315:5: note: insert '_Nullable' if the pointer may be null
C/C++:  15315 |     VmaAllocator allocator,
C/C++:        |     ^
C/C++:        |                  _Nullable
C/C++: D:/Foundation-SM64/Android/app/.cxx/Debug/592n6c1o/arm64-v8a/_deps/vulkanmemoryallocator-src/include/vk_mem_alloc.h:15315:5: note: insert '_Nonnull' if the pointer should never be null
C/C++:  15315 |     VmaAllocator allocator,
C/C++:        |     ^
C/C++:        |                  _Nonnull
C/C++: D:/Foundation-SM64/Android/app/.cxx/Debug/592n6c1o/arm64-v8a/_deps/vulkanmemoryallocator-src/include/vk_mem_alloc.h:15316:9: warning: pointer is missing a nullability type specifier (_Nonnull, _Nullable, or _Null_unspecified) [-Wnullability-completeness]
C/C++:  15316 |     char** ppStatsString,
C/C++:        |         ^
C/C++: D:/Foundation-SM64/Android/app/.cxx/Debug/592n6c1o/arm64-v8a/_deps/vulkanmemoryallocator-src/include/vk_mem_alloc.h:15316:9: note: insert '_Nullable' if the pointer may be null
C/C++:  15316 |     char** ppStatsString,
C/C++:        |         ^
C/C++:        |          _Nullable
C/C++: D:/Foundation-SM64/Android/app/.cxx/Debug/592n6c1o/arm64-v8a/_deps/vulkanmemoryallocator-src/include/vk_mem_alloc.h:15316:9: note: insert '_Nonnull' if the pointer should never be null
C/C++:  15316 |     char** ppStatsString,
C/C++:        |         ^
C/C++:        |          _Nonnull
C/C++: D:/Foundation-SM64/Android/app/.cxx/Debug/592n6c1o/arm64-v8a/_deps/vulkanmemoryallocator-src/include/vk_mem_alloc.h:15316:10: warning: pointer is missing a nullability type specifier (_Nonnull, _Nullable, or _Null_unspecified) [-Wnullability-completeness]
C/C++:  15316 |     char** ppStatsString,
C/C++:        |          ^
C/C++: D:/Foundation-SM64/Android/app/.cxx/Debug/592n6c1o/arm64-v8a/_deps/vulkanmemoryallocator-src/include/vk_mem_alloc.h:15316:10: note: insert '_Nullable' if the pointer may be null
C/C++:  15316 |     char** ppStatsString,
C/C++:        |          ^
C/C++:        |            _Nullable
C/C++: D:/Foundation-SM64/Android/app/.cxx/Debug/592n6c1o/arm64-v8a/_deps/vulkanmemoryallocator-src/include/vk_mem_alloc.h:15316:10: note: insert '_Nonnull' if the pointer should never be null
C/C++:  15316 |     char** ppStatsString,
C/C++:        |          ^
C/C++:        |            _Nonnull
C/C++: D:/Foundation-SM64/Android/app/.cxx/Debug/592n6c1o/arm64-v8a/_deps/vulkanmemoryallocator-src/include/vk_mem_alloc.h:15502:5: warning: pointer is missing a nullability type specifier (_Nonnull, _Nullable, or _Null_unspecified) [-Wnullability-completeness]
C/C++:  15502 |     VmaAllocator allocator,
C/C++:        |     ^
C/C++: D:/Foundation-SM64/Android/app/.cxx/Debug/592n6c1o/arm64-v8a/_deps/vulkanmemoryallocator-src/include/vk_mem_alloc.h:15502:5: note: insert '_Nullable' if the pointer may be null
C/C++:  15502 |     VmaAllocator allocator,
C/C++:        |     ^
C/C++:        |                  _Nullable
C/C++: D:/Foundation-SM64/Android/app/.cxx/Debug/592n6c1o/arm64-v8a/_deps/vulkanmemoryallocator-src/include/vk_mem_alloc.h:15502:5: note: insert '_Nonnull' if the pointer should never be null
C/C++:  15502 |     VmaAllocator allocator,
C/C++:        |     ^
C/C++:        |                  _Nonnull
C/C++: D:/Foundation-SM64/Android/app/.cxx/Debug/592n6c1o/arm64-v8a/_deps/vulkanmemoryallocator-src/include/vk_mem_alloc.h:15503:9: warning: pointer is missing a nullability type specifier (_Nonnull, _Nullable, or _Null_unspecified) [-Wnullability-completeness]
C/C++:  15503 |     char* pStatsString)
C/C++:        |         ^
C/C++: D:/Foundation-SM64/Android/app/.cxx/Debug/592n6c1o/arm64-v8a/_deps/vulkanmemoryallocator-src/include/vk_mem_alloc.h:15503:9: note: insert '_Nullable' if the pointer may be null
C/C++:  15503 |     char* pStatsString)
C/C++:        |         ^
C/C++:        |           _Nullable
C/C++: D:/Foundation-SM64/Android/app/.cxx/Debug/592n6c1o/arm64-v8a/_deps/vulkanmemoryallocator-src/include/vk_mem_alloc.h:15503:9: note: insert '_Nonnull' if the pointer should never be null
C/C++:  15503 |     char* pStatsString)
C/C++:        |         ^
C/C++:        |           _Nonnull
C/C++: D:/Foundation-SM64/Android/app/.cxx/Debug/592n6c1o/arm64-v8a/_deps/vulkanmemoryallocator-src/include/vk_mem_alloc.h:15518:5: warning: pointer is missing a nullability type specifier (_Nonnull, _Nullable, or _Null_unspecified) [-Wnullability-completeness]
C/C++:  15518 |     VmaAllocator allocator,
C/C++:        |     ^
C/C++: D:/Foundation-SM64/Android/app/.cxx/Debug/592n6c1o/arm64-v8a/_deps/vulkanmemoryallocator-src/include/vk_mem_alloc.h:15518:5: note: insert '_Nullable' if the pointer may be null
C/C++:  15518 |     VmaAllocator allocator,
C/C++:        |     ^
C/C++:        |                  _Nullable
C/C++: D:/Foundation-SM64/Android/app/.cxx/Debug/592n6c1o/arm64-v8a/_deps/vulkanmemoryallocator-src/include/vk_mem_alloc.h:15518:5: note: insert '_Nonnull' if the pointer should never be null
C/C++:  15518 |     VmaAllocator allocator,
C/C++:        |     ^
C/C++:        |                  _Nonnull
C/C++: D:/Foundation-SM64/Android/app/.cxx/Debug/592n6c1o/arm64-v8a/_deps/vulkanmemoryallocator-src/include/vk_mem_alloc.h:15520:34: warning: pointer is missing a nullability type specifier (_Nonnull, _Nullable, or _Null_unspecified) [-Wnullability-completeness]
C/C++:  15520 |     const VmaAllocationCreateInfo* pAllocationCreateInfo,
C/C++:        |                                  ^
C/C++: D:/Foundation-SM64/Android/app/.cxx/Debug/592n6c1o/arm64-v8a/_deps/vulkanmemoryallocator-src/include/vk_mem_alloc.h:15520:34: note: insert '_Nullable' if the pointer may be null
C/C++:  15520 |     const VmaAllocationCreateInfo* pAllocationCreateInfo,
C/C++:        |                                  ^
C/C++:        |                                    _Nullable
C/C++: D:/Foundation-SM64/Android/app/.cxx/Debug/592n6c1o/arm64-v8a/_deps/vulkanmemoryallocator-src/include/vk_mem_alloc.h:15520:34: note: insert '_Nonnull' if the pointer should never be null
C/C++:  15520 |     const VmaAllocationCreateInfo* pAllocationCreateInfo,
C/C++:        |                                  ^
C/C++:        |                                    _Nonnull
C/C++: D:/Foundation-SM64/Android/app/.cxx/Debug/592n6c1o/arm64-v8a/_deps/vulkanmemoryallocator-src/include/vk_mem_alloc.h:15521:13: warning: pointer is missing a nullability type specifier (_Nonnull, _Nullable, or _Null_unspecified) [-Wnullability-completeness]
C/C++:  15521 |     uint32_t* pMemoryTypeIndex)
C/C++:        |             ^
C/C++: D:/Foundation-SM64/Android/app/.cxx/Debug/592n6c1o/arm64-v8a/_deps/vulkanmemoryallocator-src/include/vk_mem_alloc.h:15521:13: note: insert '_Nullable' if the pointer may be null
C/C++:  15521 |     uint32_t* pMemoryTypeIndex)
C/C++:        |             ^
C/C++:        |               _Nullable
C/C++: D:/Foundation-SM64/Android/app/.cxx/Debug/592n6c1o/arm64-v8a/_deps/vulkanmemoryallocator-src/include/vk_mem_alloc.h:15521:13: note: insert '_Nonnull' if the pointer should never be null
C/C++:  15521 |     uint32_t* pMemoryTypeIndex)
C/C++:        |             ^
C/C++:        |               _Nonnull
C/C++: D:/Foundation-SM64/Android/app/.cxx/Debug/592n6c1o/arm64-v8a/_deps/vulkanmemoryallocator-src/include/vk_mem_alloc.h:15531:5: warning: pointer is missing a nullability type specifier (_Nonnull, _Nullable, or _Null_unspecified) [-Wnullability-completeness]
C/C++:  15531 |     VmaAllocator allocator,
C/C++:        |     ^
C/C++: D:/Foundation-SM64/Android/app/.cxx/Debug/592n6c1o/arm64-v8a/_deps/vulkanmemoryallocator-src/include/vk_mem_alloc.h:15531:5: note: insert '_Nullable' if the pointer may be null
C/C++:  15531 |     VmaAllocator allocator,
C/C++:        |     ^
C/C++:        |                  _Nullable
C/C++: D:/Foundation-SM64/Android/app/.cxx/Debug/592n6c1o/arm64-v8a/_deps/vulkanmemoryallocator-src/include/vk_mem_alloc.h:15531:5: note: insert '_Nonnull' if the pointer should never be null
C/C++:  15531 |     VmaAllocator allocator,
C/C++:        |     ^
C/C++:        |                  _Nonnull
C/C++: D:/Foundation-SM64/Android/app/.cxx/Debug/592n6c1o/arm64-v8a/_deps/vulkanmemoryallocator-src/include/vk_mem_alloc.h:15532:29: warning: pointer is missing a nullability type specifier (_Nonnull, _Nullable, or _Null_unspecified) [-Wnullability-completeness]
C/C++:  15532 |     const VkBufferCreateInfo* pBufferCreateInfo,
C/C++:        |                             ^
C/C++: D:/Foundation-SM64/Android/app/.cxx/Debug/592n6c1o/arm64-v8a/_deps/vulkanmemoryallocator-src/include/vk_mem_alloc.h:15532:29: note: insert '_Nullable' if the pointer may be null
C/C++:  15532 |     const VkBufferCreateInfo* pBufferCreateInfo,
C/C++:        |                             ^
C/C++:        |                               _Nullable
C/C++: D:/Foundation-SM64/Android/app/.cxx/Debug/592n6c1o/arm64-v8a/_deps/vulkanmemoryallocator-src/include/vk_mem_alloc.h:15532:29: note: insert '_Nonnull' if the pointer should never be null
C/C++:  15532 |     const VkBufferCreateInfo* pBufferCreateInfo,
C/C++:        |                             ^
C/C++:        |                               _Nonnull
C/C++: D:/Foundation-SM64/Android/app/.cxx/Debug/592n6c1o/arm64-v8a/_deps/vulkanmemoryallocator-src/include/vk_mem_alloc.h:15533:34: warning: pointer is missing a nullability type specifier (_Nonnull, _Nullable, or _Null_unspecified) [-Wnullability-completeness]
C/C++:  15533 |     const VmaAllocationCreateInfo* pAllocationCreateInfo,
C/C++:        |                                  ^
C/C++: D:/Foundation-SM64/Android/app/.cxx/Debug/592n6c1o/arm64-v8a/_deps/vulkanmemoryallocator-src/include/vk_mem_alloc.h:15533:34: note: insert '_Nullable' if the pointer may be null
C/C++:  15533 |     const VmaAllocationCreateInfo* pAllocationCreateInfo,
C/C++:        |                                  ^
C/C++:        |                                    _Nullable
C/C++: D:/Foundation-SM64/Android/app/.cxx/Debug/592n6c1o/arm64-v8a/_deps/vulkanmemoryallocator-src/include/vk_mem_alloc.h:15533:34: note: insert '_Nonnull' if the pointer should never be null
C/C++:  15533 |     const VmaAllocationCreateInfo* pAllocationCreateInfo,
C/C++:        |                                  ^
C/C++:        |                                    _Nonnull
C/C++: D:/Foundation-SM64/Android/app/.cxx/Debug/592n6c1o/arm64-v8a/_deps/vulkanmemoryallocator-src/include/vk_mem_alloc.h:15534:13: warning: pointer is missing a nullability type specifier (_Nonnull, _Nullable, or _Null_unspecified) [-Wnullability-completeness]
C/C++:  15534 |     uint32_t* pMemoryTypeIndex)
C/C++:        |             ^
C/C++: D:/Foundation-SM64/Android/app/.cxx/Debug/592n6c1o/arm64-v8a/_deps/vulkanmemoryallocator-src/include/vk_mem_alloc.h:15534:13: note: insert '_Nullable' if the pointer may be null
C/C++:  15534 |     uint32_t* pMemoryTypeIndex)
C/C++:        |             ^
C/C++:        |               _Nullable
C/C++: D:/Foundation-SM64/Android/app/.cxx/Debug/592n6c1o/arm64-v8a/_deps/vulkanmemoryallocator-src/include/vk_mem_alloc.h:15534:13: note: insert '_Nonnull' if the pointer should never be null
C/C++:  15534 |     uint32_t* pMemoryTypeIndex)
C/C++:        |             ^
C/C++:        |               _Nonnull
C/C++: D:/Foundation-SM64/Android/app/.cxx/Debug/592n6c1o/arm64-v8a/_deps/vulkanmemoryallocator-src/include/vk_mem_alloc.h:15583:5: warning: pointer is missing a nullability type specifier (_Nonnull, _Nullable, or _Null_unspecified) [-Wnullability-completeness]
C/C++:  15583 |     VmaAllocator allocator,
C/C++:        |     ^
C/C++: D:/Foundation-SM64/Android/app/.cxx/Debug/592n6c1o/arm64-v8a/_deps/vulkanmemoryallocator-src/include/vk_mem_alloc.h:15583:5: note: insert '_Nullable' if the pointer may be null
C/C++:  15583 |     VmaAllocator allocator,
C/C++:        |     ^
C/C++:        |                  _Nullable
C/C++: D:/Foundation-SM64/Android/app/.cxx/Debug/592n6c1o/arm64-v8a/_deps/vulkanmemoryallocator-src/include/vk_mem_alloc.h:15583:5: note: insert '_Nonnull' if the pointer should never be null
C/C++:  15583 |     VmaAllocator allocator,
C/C++:        |     ^
C/C++:        |                  _Nonnull
C/C++: D:/Foundation-SM64/Android/app/.cxx/Debug/592n6c1o/arm64-v8a/_deps/vulkanmemoryallocator-src/include/vk_mem_alloc.h:15584:28: warning: pointer is missing a nullability type specifier (_Nonnull, _Nullable, or _Null_unspecified) [-Wnullability-completeness]
C/C++:  15584 |     const VkImageCreateInfo* pImageCreateInfo,
C/C++:        |                            ^
C/C++: D:/Foundation-SM64/Android/app/.cxx/Debug/592n6c1o/arm64-v8a/_deps/vulkanmemoryallocator-src/include/vk_mem_alloc.h:15584:28: note: insert '_Nullable' if the pointer may be null
C/C++:  15584 |     const VkImageCreateInfo* pImageCreateInfo,
C/C++:        |                            ^
C/C++:        |                              _Nullable
C/C++: D:/Foundation-SM64/Android/app/.cxx/Debug/592n6c1o/arm64-v8a/_deps/vulkanmemoryallocator-src/include/vk_mem_alloc.h:15584:28: note: insert '_Nonnull' if the pointer should never be null
C/C++:  15584 |     const VkImageCreateInfo* pImageCreateInfo,
C/C++:        |                            ^
C/C++:        |                              _Nonnull
C/C++: D:/Foundation-SM64/Android/app/.cxx/Debug/592n6c1o/arm64-v8a/_deps/vulkanmemoryallocator-src/include/vk_mem_alloc.h:15585:34: warning: pointer is missing a nullability type specifier (_Nonnull, _Nullable, or _Null_unspecified) [-Wnullability-completeness]
C/C++:  15585 |     const VmaAllocationCreateInfo* pAllocationCreateInfo,
C/C++:        |                                  ^
C/C++: D:/Foundation-SM64/Android/app/.cxx/Debug/592n6c1o/arm64-v8a/_deps/vulkanmemoryallocator-src/include/vk_mem_alloc.h:15585:34: note: insert '_Nullable' if the pointer may be null
C/C++:  15585 |     const VmaAllocationCreateInfo* pAllocationCreateInfo,
C/C++:        |                                  ^
C/C++:        |                                    _Nullable
C/C++: D:/Foundation-SM64/Android/app/.cxx/Debug/592n6c1o/arm64-v8a/_deps/vulkanmemoryallocator-src/include/vk_mem_alloc.h:15585:34: note: insert '_Nonnull' if the pointer should never be null
C/C++:  15585 |     const VmaAllocationCreateInfo* pAllocationCreateInfo,
C/C++:        |                                  ^
C/C++:        |                                    _Nonnull
C/C++: D:/Foundation-SM64/Android/app/.cxx/Debug/592n6c1o/arm64-v8a/_deps/vulkanmemoryallocator-src/include/vk_mem_alloc.h:15586:13: warning: pointer is missing a nullability type specifier (_Nonnull, _Nullable, or _Null_unspecified) [-Wnullability-completeness]
C/C++:  15586 |     uint32_t* pMemoryTypeIndex)
C/C++:        |             ^
C/C++: D:/Foundation-SM64/Android/app/.cxx/Debug/592n6c1o/arm64-v8a/_deps/vulkanmemoryallocator-src/include/vk_mem_alloc.h:15586:13: note: insert '_Nullable' if the pointer may be null
C/C++:  15586 |     uint32_t* pMemoryTypeIndex)
C/C++:        |             ^
C/C++:        |               _Nullable
C/C++: D:/Foundation-SM64/Android/app/.cxx/Debug/592n6c1o/arm64-v8a/_deps/vulkanmemoryallocator-src/include/vk_mem_alloc.h:15586:13: note: insert '_Nonnull' if the pointer should never be null
C/C++:  15586 |     uint32_t* pMemoryTypeIndex)
C/C++:        |             ^
C/C++:        |               _Nonnull
C/C++: D:/Foundation-SM64/Android/app/.cxx/Debug/592n6c1o/arm64-v8a/_deps/vulkanmemoryallocator-src/include/vk_mem_alloc.h:15637:5: warning: pointer is missing a nullability type specifier (_Nonnull, _Nullable, or _Null_unspecified) [-Wnullability-completeness]
C/C++:  15637 |     VmaAllocator allocator,
C/C++:        |     ^
C/C++: D:/Foundation-SM64/Android/app/.cxx/Debug/592n6c1o/arm64-v8a/_deps/vulkanmemoryallocator-src/include/vk_mem_alloc.h:15637:5: note: insert '_Nullable' if the pointer may be null
C/C++:  15637 |     VmaAllocator allocator,
C/C++:        |     ^
C/C++:        |                  _Nullable
C/C++: D:/Foundation-SM64/Android/app/.cxx/Debug/592n6c1o/arm64-v8a/_deps/vulkanmemoryallocator-src/include/vk_mem_alloc.h:15637:5: note: insert '_Nonnull' if the pointer should never be null
C/C++:  15637 |     VmaAllocator allocator,
C/C++:        |     ^
C/C++:        |                  _Nonnull
C/C++: D:/Foundation-SM64/Android/app/.cxx/Debug/592n6c1o/arm64-v8a/_deps/vulkanmemoryallocator-src/include/vk_mem_alloc.h:15638:28: warning: pointer is missing a nullability type specifier (_Nonnull, _Nullable, or _Null_unspecified) [-Wnullability-completeness]
C/C++:  15638 |     const VmaPoolCreateInfo* pCreateInfo,
C/C++:        |                            ^
C/C++: D:/Foundation-SM64/Android/app/.cxx/Debug/592n6c1o/arm64-v8a/_deps/vulkanmemoryallocator-src/include/vk_mem_alloc.h:15638:28: note: insert '_Nullable' if the pointer may be null
C/C++:  15638 |     const VmaPoolCreateInfo* pCreateInfo,
C/C++:        |                            ^
C/C++:        |                              _Nullable
C/C++: D:/Foundation-SM64/Android/app/.cxx/Debug/592n6c1o/arm64-v8a/_deps/vulkanmemoryallocator-src/include/vk_mem_alloc.h:15638:28: note: insert '_Nonnull' if the pointer should never be null
C/C++:  15638 |     const VmaPoolCreateInfo* pCreateInfo,
C/C++:        |                            ^
C/C++:        |                              _Nonnull
C/C++: D:/Foundation-SM64/Android/app/.cxx/Debug/592n6c1o/arm64-v8a/_deps/vulkanmemoryallocator-src/include/vk_mem_alloc.h:15639:5: warning: pointer is missing a nullability type specifier (_Nonnull, _Nullable, or _Null_unspecified) [-Wnullability-completeness]
C/C++:  15639 |     VmaPool* pPool)
C/C++:        |     ^
C/C++: D:/Foundation-SM64/Android/app/.cxx/Debug/592n6c1o/arm64-v8a/_deps/vulkanmemoryallocator-src/include/vk_mem_alloc.h:15639:5: note: insert '_Nullable' if the pointer may be null
C/C++:  15639 |     VmaPool* pPool)
C/C++:        |     ^      
C/C++:        |             _Nullable 
C/C++: D:/Foundation-SM64/Android/app/.cxx/Debug/592n6c1o/arm64-v8a/_deps/vulkanmemoryallocator-src/include/vk_mem_alloc.h:15639:5: note: insert '_Nonnull' if the pointer should never be null
C/C++:  15639 |     VmaPool* pPool)
C/C++:        |     ^      
C/C++:        |             _Nonnull 
C/C++: D:/Foundation-SM64/Android/app/.cxx/Debug/592n6c1o/arm64-v8a/_deps/vulkanmemoryallocator-src/include/vk_mem_alloc.h:15639:12: warning: pointer is missing a nullability type specifier (_Nonnull, _Nullable, or _Null_unspecified) [-Wnullability-completeness]
C/C++:  15639 |     VmaPool* pPool)
C/C++:        |            ^
C/C++: D:/Foundation-SM64/Android/app/.cxx/Debug/592n6c1o/arm64-v8a/_deps/vulkanmemoryallocator-src/include/vk_mem_alloc.h:15639:12: note: insert '_Nullable' if the pointer may be null
C/C++:  15639 |     VmaPool* pPool)
C/C++:        |            ^
C/C++:        |              _Nullable
C/C++: D:/Foundation-SM64/Android/app/.cxx/Debug/592n6c1o/arm64-v8a/_deps/vulkanmemoryallocator-src/include/vk_mem_alloc.h:15639:12: note: insert '_Nonnull' if the pointer should never be null
C/C++:  15639 |     VmaPool* pPool)
C/C++:        |            ^
C/C++:        |              _Nonnull
C/C++: D:/Foundation-SM64/Android/app/.cxx/Debug/592n6c1o/arm64-v8a/_deps/vulkanmemoryallocator-src/include/vk_mem_alloc.h:15651:5: warning: pointer is missing a nullability type specifier (_Nonnull, _Nullable, or _Null_unspecified) [-Wnullability-completeness]
C/C++:  15651 |     VmaAllocator allocator,
C/C++:        |     ^
C/C++: D:/Foundation-SM64/Android/app/.cxx/Debug/592n6c1o/arm64-v8a/_deps/vulkanmemoryallocator-src/include/vk_mem_alloc.h:15651:5: note: insert '_Nullable' if the pointer may be null
C/C++:  15651 |     VmaAllocator allocator,
C/C++:        |     ^
C/C++:        |                  _Nullable
C/C++: D:/Foundation-SM64/Android/app/.cxx/Debug/592n6c1o/arm64-v8a/_deps/vulkanmemoryallocator-src/include/vk_mem_alloc.h:15651:5: note: insert '_Nonnull' if the pointer should never be null
C/C++:  15651 |     VmaAllocator allocator,
C/C++:        |     ^
C/C++:        |                  _Nonnull
C/C++: D:/Foundation-SM64/Android/app/.cxx/Debug/592n6c1o/arm64-v8a/_deps/vulkanmemoryallocator-src/include/vk_mem_alloc.h:15652:5: warning: pointer is missing a nullability type specifier (_Nonnull, _Nullable, or _Null_unspecified) [-Wnullability-completeness]
C/C++:  15652 |     VmaPool pool)
C/C++:        |     ^
C/C++: D:/Foundation-SM64/Android/app/.cxx/Debug/592n6c1o/arm64-v8a/_deps/vulkanmemoryallocator-src/include/vk_mem_alloc.h:15652:5: note: insert '_Nullable' if the pointer may be null
C/C++:  15652 |     VmaPool pool)
C/C++:        |     ^
C/C++:        |             _Nullable
C/C++: D:/Foundation-SM64/Android/app/.cxx/Debug/592n6c1o/arm64-v8a/_deps/vulkanmemoryallocator-src/include/vk_mem_alloc.h:15652:5: note: insert '_Nonnull' if the pointer should never be null
C/C++:  15652 |     VmaPool pool)
C/C++:        |     ^
C/C++:        |             _Nonnull
C/C++: D:/Foundation-SM64/Android/app/.cxx/Debug/592n6c1o/arm64-v8a/_deps/vulkanmemoryallocator-src/include/vk_mem_alloc.h:15669:5: warning: pointer is missing a nullability type specifier (_Nonnull, _Nullable, or _Null_unspecified) [-Wnullability-completeness]
C/C++:  15669 |     VmaAllocator allocator,
C/C++:        |     ^
C/C++: D:/Foundation-SM64/Android/app/.cxx/Debug/592n6c1o/arm64-v8a/_deps/vulkanmemoryallocator-src/include/vk_mem_alloc.h:15669:5: note: insert '_Nullable' if the pointer may be null
C/C++:  15669 |     VmaAllocator allocator,
C/C++:        |     ^
C/C++:        |                  _Nullable
C/C++: D:/Foundation-SM64/Android/app/.cxx/Debug/592n6c1o/arm64-v8a/_deps/vulkanmemoryallocator-src/include/vk_mem_alloc.h:15669:5: note: insert '_Nonnull' if the pointer should never be null
C/C++:  15669 |     VmaAllocator allocator,
C/C++:        |     ^
C/C++:        |                  _Nonnull
C/C++: D:/Foundation-SM64/Android/app/.cxx/Debug/592n6c1o/arm64-v8a/_deps/vulkanmemoryallocator-src/include/vk_mem_alloc.h:15670:5: warning: pointer is missing a nullability type specifier (_Nonnull, _Nullable, or _Null_unspecified) [-Wnullability-completeness]
C/C++:  15670 |     VmaPool pool,
C/C++:        |     ^
C/C++: D:/Foundation-SM64/Android/app/.cxx/Debug/592n6c1o/arm64-v8a/_deps/vulkanmemoryallocator-src/include/vk_mem_alloc.h:15670:5: note: insert '_Nullable' if the pointer may be null
C/C++:  15670 |     VmaPool pool,
C/C++:        |     ^
C/C++:        |             _Nullable
C/C++: D:/Foundation-SM64/Android/app/.cxx/Debug/592n6c1o/arm64-v8a/_deps/vulkanmemoryallocator-src/include/vk_mem_alloc.h:15670:5: note: insert '_Nonnull' if the pointer should never be null
C/C++:  15670 |     VmaPool pool,
C/C++:        |     ^
C/C++:        |             _Nonnull
C/C++: D:/Foundation-SM64/Android/app/.cxx/Debug/592n6c1o/arm64-v8a/_deps/vulkanmemoryallocator-src/include/vk_mem_alloc.h:15671:18: warning: pointer is missing a nullability type specifier (_Nonnull, _Nullable, or _Null_unspecified) [-Wnullability-completeness]
C/C++:  15671 |     VmaStatistics* pPoolStats)
C/C++:        |                  ^
C/C++: D:/Foundation-SM64/Android/app/.cxx/Debug/592n6c1o/arm64-v8a/_deps/vulkanmemoryallocator-src/include/vk_mem_alloc.h:15671:18: note: insert '_Nullable' if the pointer may be null
C/C++:  15671 |     VmaStatistics* pPoolStats)
C/C++:        |                  ^
C/C++:        |                    _Nullable
C/C++: D:/Foundation-SM64/Android/app/.cxx/Debug/592n6c1o/arm64-v8a/_deps/vulkanmemoryallocator-src/include/vk_mem_alloc.h:15671:18: note: insert '_Nonnull' if the pointer should never be null
C/C++:  15671 |     VmaStatistics* pPoolStats)
C/C++:        |                  ^
C/C++:        |                    _Nonnull
C/C++: D:/Foundation-SM64/Android/app/.cxx/Debug/592n6c1o/arm64-v8a/_deps/vulkanmemoryallocator-src/include/vk_mem_alloc.h:15681:5: warning: pointer is missing a nullability type specifier (_Nonnull, _Nullable, or _Null_unspecified) [-Wnullability-completeness]
C/C++:  15681 |     VmaAllocator allocator,
C/C++:        |     ^
C/C++: D:/Foundation-SM64/Android/app/.cxx/Debug/592n6c1o/arm64-v8a/_deps/vulkanmemoryallocator-src/include/vk_mem_alloc.h:15681:5: note: insert '_Nullable' if the pointer may be null
C/C++:  15681 |     VmaAllocator allocator,
C/C++:        |     ^
C/C++:        |                  _Nullable
C/C++: D:/Foundation-SM64/Android/app/.cxx/Debug/592n6c1o/arm64-v8a/_deps/vulkanmemoryallocator-src/include/vk_mem_alloc.h:15681:5: note: insert '_Nonnull' if the pointer should never be null
C/C++:  15681 |     VmaAllocator allocator,
C/C++:        |     ^
C/C++:        |                  _Nonnull
C/C++: D:/Foundation-SM64/Android/app/.cxx/Debug/592n6c1o/arm64-v8a/_deps/vulkanmemoryallocator-src/include/vk_mem_alloc.h:15682:5: warning: pointer is missing a nullability type specifier (_Nonnull, _Nullable, or _Null_unspecified) [-Wnullability-completeness]
C/C++:  15682 |     VmaPool pool,
C/C++:        |     ^
C/C++: D:/Foundation-SM64/Android/app/.cxx/Debug/592n6c1o/arm64-v8a/_deps/vulkanmemoryallocator-src/include/vk_mem_alloc.h:15682:5: note: insert '_Nullable' if the pointer may be null
C/C++:  15682 |     VmaPool pool,
C/C++:        |     ^
C/C++:        |             _Nullable
C/C++: D:/Foundation-SM64/Android/app/.cxx/Debug/592n6c1o/arm64-v8a/_deps/vulkanmemoryallocator-src/include/vk_mem_alloc.h:15682:5: note: insert '_Nonnull' if the pointer should never be null
C/C++:  15682 |     VmaPool pool,
C/C++:        |     ^
C/C++:        |             _Nonnull
C/C++: D:/Foundation-SM64/Android/app/.cxx/Debug/592n6c1o/arm64-v8a/_deps/vulkanmemoryallocator-src/include/vk_mem_alloc.h:15683:26: warning: pointer is missing a nullability type specifier (_Nonnull, _Nullable, or _Null_unspecified) [-Wnullability-completeness]
C/C++:  15683 |     VmaDetailedStatistics* pPoolStats)
C/C++:        |                          ^
C/C++: D:/Foundation-SM64/Android/app/.cxx/Debug/592n6c1o/arm64-v8a/_deps/vulkanmemoryallocator-src/include/vk_mem_alloc.h:15683:26: note: insert '_Nullable' if the pointer may be null
C/C++:  15683 |     VmaDetailedStatistics* pPoolStats)
C/C++:        |                          ^
C/C++:        |                            _Nullable
C/C++: D:/Foundation-SM64/Android/app/.cxx/Debug/592n6c1o/arm64-v8a/_deps/vulkanmemoryallocator-src/include/vk_mem_alloc.h:15683:26: note: insert '_Nonnull' if the pointer should never be null
C/C++:  15683 |     VmaDetailedStatistics* pPoolStats)
C/C++:        |                          ^
C/C++:        |                            _Nonnull
C/C++: D:/Foundation-SM64/Android/app/.cxx/Debug/592n6c1o/arm64-v8a/_deps/vulkanmemoryallocator-src/include/vk_mem_alloc.h:15692:60: warning: pointer is missing a nullability type specifier (_Nonnull, _Nullable, or _Null_unspecified) [-Wnullability-completeness]
C/C++:  15692 | VMA_CALL_PRE VkResult VMA_CALL_POST vmaCheckPoolCorruption(VmaAllocator allocator, VmaPool pool)
C/C++:        |                                                            ^
C/C++: D:/Foundation-SM64/Android/app/.cxx/Debug/592n6c1o/arm64-v8a/_deps/vulkanmemoryallocator-src/include/vk_mem_alloc.h:15692:60: note: insert '_Nullable' if the pointer may be null
C/C++:  15692 | VMA_CALL_PRE VkResult VMA_CALL_POST vmaCheckPoolCorruption(VmaAllocator allocator, VmaPool pool)
C/C++:        |                                                            ^
C/C++:        |                                                                         _Nullable
C/C++: D:/Foundation-SM64/Android/app/.cxx/Debug/592n6c1o/arm64-v8a/_deps/vulkanmemoryallocator-src/include/vk_mem_alloc.h:15692:60: note: insert '_Nonnull' if the pointer should never be null
C/C++:  15692 | VMA_CALL_PRE VkResult VMA_CALL_POST vmaCheckPoolCorruption(VmaAllocator allocator, VmaPool pool)
C/C++:        |                                                            ^
C/C++:        |                                                                         _Nonnull
C/C++: D:/Foundation-SM64/Android/app/.cxx/Debug/592n6c1o/arm64-v8a/_deps/vulkanmemoryallocator-src/include/vk_mem_alloc.h:15692:84: warning: pointer is missing a nullability type specifier (_Nonnull, _Nullable, or _Null_unspecified) [-Wnullability-completeness]
C/C++:  15692 | VMA_CALL_PRE VkResult VMA_CALL_POST vmaCheckPoolCorruption(VmaAllocator allocator, VmaPool pool)
C/C++:        |                                                                                    ^
C/C++: D:/Foundation-SM64/Android/app/.cxx/Debug/592n6c1o/arm64-v8a/_deps/vulkanmemoryallocator-src/include/vk_mem_alloc.h:15692:84: note: insert '_Nullable' if the pointer may be null
C/C++:  15692 | VMA_CALL_PRE VkResult VMA_CALL_POST vmaCheckPoolCorruption(VmaAllocator allocator, VmaPool pool)
C/C++:        |                                                                                    ^
C/C++:        |                                                                                            _Nullable
C/C++: D:/Foundation-SM64/Android/app/.cxx/Debug/592n6c1o/arm64-v8a/_deps/vulkanmemoryallocator-src/include/vk_mem_alloc.h:15692:84: note: insert '_Nonnull' if the pointer should never be null
C/C++:  15692 | VMA_CALL_PRE VkResult VMA_CALL_POST vmaCheckPoolCorruption(VmaAllocator allocator, VmaPool pool)
C/C++:        |                                                                                    ^
C/C++:        |                                                                                            _Nonnull
C/C++: D:/Foundation-SM64/Android/app/.cxx/Debug/592n6c1o/arm64-v8a/_deps/vulkanmemoryallocator-src/include/vk_mem_alloc.h:15704:5: warning: pointer is missing a nullability type specifier (_Nonnull, _Nullable, or _Null_unspecified) [-Wnullability-completeness]
C/C++:  15704 |     VmaAllocator allocator,
C/C++:        |     ^
C/C++: D:/Foundation-SM64/Android/app/.cxx/Debug/592n6c1o/arm64-v8a/_deps/vulkanmemoryallocator-src/include/vk_mem_alloc.h:15704:5: note: insert '_Nullable' if the pointer may be null
C/C++:  15704 |     VmaAllocator allocator,
C/C++:        |     ^
C/C++:        |                  _Nullable
C/C++: D:/Foundation-SM64/Android/app/.cxx/Debug/592n6c1o/arm64-v8a/_deps/vulkanmemoryallocator-src/include/vk_mem_alloc.h:15704:5: note: insert '_Nonnull' if the pointer should never be null
C/C++:  15704 |     VmaAllocator allocator,
C/C++:        |     ^
C/C++:        |                  _Nonnull
C/C++: D:/Foundation-SM64/Android/app/.cxx/Debug/592n6c1o/arm64-v8a/_deps/vulkanmemoryallocator-src/include/vk_mem_alloc.h:15705:5: warning: pointer is missing a nullability type specifier (_Nonnull, _Nullable, or _Null_unspecified) [-Wnullability-completeness]
C/C++:  15705 |     VmaPool pool,
C/C++:        |     ^
C/C++: D:/Foundation-SM64/Android/app/.cxx/Debug/592n6c1o/arm64-v8a/_deps/vulkanmemoryallocator-src/include/vk_mem_alloc.h:15705:5: note: insert '_Nullable' if the pointer may be null
C/C++:  15705 |     VmaPool pool,
C/C++:        |     ^
C/C++:        |             _Nullable
C/C++: D:/Foundation-SM64/Android/app/.cxx/Debug/592n6c1o/arm64-v8a/_deps/vulkanmemoryallocator-src/include/vk_mem_alloc.h:15705:5: note: insert '_Nonnull' if the pointer should never be null
C/C++:  15705 |     VmaPool pool,
C/C++:        |     ^
C/C++:        |             _Nonnull
C/C++: D:/Foundation-SM64/Android/app/.cxx/Debug/592n6c1o/arm64-v8a/_deps/vulkanmemoryallocator-src/include/vk_mem_alloc.h:15706:15: warning: pointer is missing a nullability type specifier (_Nonnull, _Nullable, or _Null_unspecified) [-Wnullability-completeness]
C/C++:  15706 |     const char** ppName)
C/C++:        |               ^
C/C++: D:/Foundation-SM64/Android/app/.cxx/Debug/592n6c1o/arm64-v8a/_deps/vulkanmemoryallocator-src/include/vk_mem_alloc.h:15706:15: note: insert '_Nullable' if the pointer may be null
C/C++:  15706 |     const char** ppName)
C/C++:        |               ^
C/C++:        |                _Nullable
C/C++: D:/Foundation-SM64/Android/app/.cxx/Debug/592n6c1o/arm64-v8a/_deps/vulkanmemoryallocator-src/include/vk_mem_alloc.h:15706:15: note: insert '_Nonnull' if the pointer should never be null
C/C++:  15706 |     const char** ppName)
C/C++:        |               ^
C/C++:        |                _Nonnull
C/C++: D:/Foundation-SM64/Android/app/.cxx/Debug/592n6c1o/arm64-v8a/_deps/vulkanmemoryallocator-src/include/vk_mem_alloc.h:15706:16: warning: pointer is missing a nullability type specifier (_Nonnull, _Nullable, or _Null_unspecified) [-Wnullability-completeness]
C/C++:  15706 |     const char** ppName)
C/C++:        |                ^
C/C++: D:/Foundation-SM64/Android/app/.cxx/Debug/592n6c1o/arm64-v8a/_deps/vulkanmemoryallocator-src/include/vk_mem_alloc.h:15706:16: note: insert '_Nullable' if the pointer may be null
C/C++:  15706 |     const char** ppName)
C/C++:        |                ^
C/C++:        |                  _Nullable
C/C++: D:/Foundation-SM64/Android/app/.cxx/Debug/592n6c1o/arm64-v8a/_deps/vulkanmemoryallocator-src/include/vk_mem_alloc.h:15706:16: note: insert '_Nonnull' if the pointer should never be null
C/C++:  15706 |     const char** ppName)
C/C++:        |                ^
C/C++:        |                  _Nonnull
C/C++: D:/Foundation-SM64/Android/app/.cxx/Debug/592n6c1o/arm64-v8a/_deps/vulkanmemoryallocator-src/include/vk_mem_alloc.h:15718:5: warning: pointer is missing a nullability type specifier (_Nonnull, _Nullable, or _Null_unspecified) [-Wnullability-completeness]
C/C++:  15718 |     VmaAllocator allocator,
C/C++:        |     ^
C/C++: D:/Foundation-SM64/Android/app/.cxx/Debug/592n6c1o/arm64-v8a/_deps/vulkanmemoryallocator-src/include/vk_mem_alloc.h:15718:5: note: insert '_Nullable' if the pointer may be null
C/C++:  15718 |     VmaAllocator allocator,
C/C++:        |     ^
C/C++:        |                  _Nullable
C/C++: D:/Foundation-SM64/Android/app/.cxx/Debug/592n6c1o/arm64-v8a/_deps/vulkanmemoryallocator-src/include/vk_mem_alloc.h:15718:5: note: insert '_Nonnull' if the pointer should never be null
C/C++:  15718 |     VmaAllocator allocator,
C/C++:        |     ^
C/C++:        |                  _Nonnull
C/C++: D:/Foundation-SM64/Android/app/.cxx/Debug/592n6c1o/arm64-v8a/_deps/vulkanmemoryallocator-src/include/vk_mem_alloc.h:15719:5: warning: pointer is missing a nullability type specifier (_Nonnull, _Nullable, or _Null_unspecified) [-Wnullability-completeness]
C/C++:  15719 |     VmaPool pool,
C/C++:        |     ^
C/C++: D:/Foundation-SM64/Android/app/.cxx/Debug/592n6c1o/arm64-v8a/_deps/vulkanmemoryallocator-src/include/vk_mem_alloc.h:15719:5: note: insert '_Nullable' if the pointer may be null
C/C++:  15719 |     VmaPool pool,
C/C++:        |     ^
C/C++:        |             _Nullable
C/C++: D:/Foundation-SM64/Android/app/.cxx/Debug/592n6c1o/arm64-v8a/_deps/vulkanmemoryallocator-src/include/vk_mem_alloc.h:15719:5: note: insert '_Nonnull' if the pointer should never be null
C/C++:  15719 |     VmaPool pool,
C/C++:        |     ^
C/C++:        |             _Nonnull
C/C++: D:/Foundation-SM64/Android/app/.cxx/Debug/592n6c1o/arm64-v8a/_deps/vulkanmemoryallocator-src/include/vk_mem_alloc.h:15720:15: warning: pointer is missing a nullability type specifier (_Nonnull, _Nullable, or _Null_unspecified) [-Wnullability-completeness]
C/C++:  15720 |     const char* pName)
C/C++:        |               ^
C/C++: D:/Foundation-SM64/Android/app/.cxx/Debug/592n6c1o/arm64-v8a/_deps/vulkanmemoryallocator-src/include/vk_mem_alloc.h:15720:15: note: insert '_Nullable' if the pointer may be null
C/C++:  15720 |     const char* pName)
C/C++:        |               ^
C/C++:        |                 _Nullable
C/C++: D:/Foundation-SM64/Android/app/.cxx/Debug/592n6c1o/arm64-v8a/_deps/vulkanmemoryallocator-src/include/vk_mem_alloc.h:15720:15: note: insert '_Nonnull' if the pointer should never be null
C/C++:  15720 |     const char* pName)
C/C++:        |               ^
C/C++:        |                 _Nonnull
C/C++: D:/Foundation-SM64/Android/app/.cxx/Debug/592n6c1o/arm64-v8a/_deps/vulkanmemoryallocator-src/include/vk_mem_alloc.h:15732:5: warning: pointer is missing a nullability type specifier (_Nonnull, _Nullable, or _Null_unspecified) [-Wnullability-completeness]
C/C++:  15732 |     VmaAllocator allocator,
C/C++:        |     ^
C/C++: D:/Foundation-SM64/Android/app/.cxx/Debug/592n6c1o/arm64-v8a/_deps/vulkanmemoryallocator-src/include/vk_mem_alloc.h:15732:5: note: insert '_Nullable' if the pointer may be null
C/C++:  15732 |     VmaAllocator allocator,
C/C++:        |     ^
C/C++:        |                  _Nullable
C/C++: D:/Foundation-SM64/Android/app/.cxx/Debug/592n6c1o/arm64-v8a/_deps/vulkanmemoryallocator-src/include/vk_mem_alloc.h:15732:5: note: insert '_Nonnull' if the pointer should never be null
C/C++:  15732 |     VmaAllocator allocator,
C/C++:        |     ^
C/C++:        |                  _Nonnull
C/C++: D:/Foundation-SM64/Android/app/.cxx/Debug/592n6c1o/arm64-v8a/_deps/vulkanmemoryallocator-src/include/vk_mem_alloc.h:15733:31: warning: pointer is missing a nullability type specifier (_Nonnull, _Nullable, or _Null_unspecified) [-Wnullability-completeness]
C/C++:  15733 |     const VkMemoryRequirements* pVkMemoryRequirements,
C/C++:        |                               ^
C/C++: D:/Foundation-SM64/Android/app/.cxx/Debug/592n6c1o/arm64-v8a/_deps/vulkanmemoryallocator-src/include/vk_mem_alloc.h:15733:31: note: insert '_Nullable' if the pointer may be null
C/C++:  15733 |     const VkMemoryRequirements* pVkMemoryRequirements,
C/C++:        |                               ^
C/C++:        |                                 _Nullable
C/C++: D:/Foundation-SM64/Android/app/.cxx/Debug/592n6c1o/arm64-v8a/_deps/vulkanmemoryallocator-src/include/vk_mem_alloc.h:15733:31: note: insert '_Nonnull' if the pointer should never be null
C/C++:  15733 |     const VkMemoryRequirements* pVkMemoryRequirements,
C/C++:        |                               ^
C/C++:        |                                 _Nonnull
C/C++: D:/Foundation-SM64/Android/app/.cxx/Debug/592n6c1o/arm64-v8a/_deps/vulkanmemoryallocator-src/include/vk_mem_alloc.h:15734:34: warning: pointer is missing a nullability type specifier (_Nonnull, _Nullable, or _Null_unspecified) [-Wnullability-completeness]
C/C++:  15734 |     const VmaAllocationCreateInfo* pCreateInfo,
C/C++:        |                                  ^
C/C++: D:/Foundation-SM64/Android/app/.cxx/Debug/592n6c1o/arm64-v8a/_deps/vulkanmemoryallocator-src/include/vk_mem_alloc.h:15734:34: note: insert '_Nullable' if the pointer may be null
C/C++:  15734 |     const VmaAllocationCreateInfo* pCreateInfo,
C/C++:        |                                  ^
C/C++:        |                                    _Nullable
C/C++: D:/Foundation-SM64/Android/app/.cxx/Debug/592n6c1o/arm64-v8a/_deps/vulkanmemoryallocator-src/include/vk_mem_alloc.h:15734:34: note: insert '_Nonnull' if the pointer should never be null
C/C++:  15734 |     const VmaAllocationCreateInfo* pCreateInfo,
C/C++:        |                                  ^
C/C++:        |                                    _Nonnull
C/C++: D:/Foundation-SM64/Android/app/.cxx/Debug/592n6c1o/arm64-v8a/_deps/vulkanmemoryallocator-src/include/vk_mem_alloc.h:15735:5: warning: pointer is missing a nullability type specifier (_Nonnull, _Nullable, or _Null_unspecified) [-Wnullability-completeness]
C/C++:  15735 |     VmaAllocation* pAllocation,
C/C++:        |     ^
C/C++: D:/Foundation-SM64/Android/app/.cxx/Debug/592n6c1o/arm64-v8a/_deps/vulkanmemoryallocator-src/include/vk_mem_alloc.h:15735:5: note: insert '_Nullable' if the pointer may be null
C/C++:  15735 |     VmaAllocation* pAllocation,
C/C++:        |     ^            
C/C++:        |                   _Nullable 
C/C++: D:/Foundation-SM64/Android/app/.cxx/Debug/592n6c1o/arm64-v8a/_deps/vulkanmemoryallocator-src/include/vk_mem_alloc.h:15735:5: note: insert '_Nonnull' if the pointer should never be null
C/C++:  15735 |     VmaAllocation* pAllocation,
C/C++:        |     ^            
C/C++:        |                   _Nonnull 
C/C++: D:/Foundation-SM64/Android/app/.cxx/Debug/592n6c1o/arm64-v8a/_deps/vulkanmemoryallocator-src/include/vk_mem_alloc.h:15735:18: warning: pointer is missing a nullability type specifier (_Nonnull, _Nullable, or _Null_unspecified) [-Wnullability-completeness]
C/C++:  15735 |     VmaAllocation* pAllocation,
C/C++:        |                  ^
C/C++: D:/Foundation-SM64/Android/app/.cxx/Debug/592n6c1o/arm64-v8a/_deps/vulkanmemoryallocator-src/include/vk_mem_alloc.h:15735:18: note: insert '_Nullable' if the pointer may be null
C/C++:  15735 |     VmaAllocation* pAllocation,
C/C++:        |                  ^
C/C++:        |                    _Nullable
C/C++: D:/Foundation-SM64/Android/app/.cxx/Debug/592n6c1o/arm64-v8a/_deps/vulkanmemoryallocator-src/include/vk_mem_alloc.h:15735:18: note: insert '_Nonnull' if the pointer should never be null
C/C++:  15735 |     VmaAllocation* pAllocation,
C/C++:        |                  ^
C/C++:        |                    _Nonnull
C/C++: D:/Foundation-SM64/Android/app/.cxx/Debug/592n6c1o/arm64-v8a/_deps/vulkanmemoryallocator-src/include/vk_mem_alloc.h:15736:22: warning: pointer is missing a nullability type specifier (_Nonnull, _Nullable, or _Null_unspecified) [-Wnullability-completeness]
C/C++:  15736 |     VmaAllocationInfo* pAllocationInfo)
C/C++:        |                      ^
C/C++: D:/Foundation-SM64/Android/app/.cxx/Debug/592n6c1o/arm64-v8a/_deps/vulkanmemoryallocator-src/include/vk_mem_alloc.h:15736:22: note: insert '_Nullable' if the pointer may be null
C/C++:  15736 |     VmaAllocationInfo* pAllocationInfo)
C/C++:        |                      ^
C/C++:        |                        _Nullable
C/C++: D:/Foundation-SM64/Android/app/.cxx/Debug/592n6c1o/arm64-v8a/_deps/vulkanmemoryallocator-src/include/vk_mem_alloc.h:15736:22: note: insert '_Nonnull' if the pointer should never be null
C/C++:  15736 |     VmaAllocationInfo* pAllocationInfo)
C/C++:        |                      ^
C/C++:        |                        _Nonnull
C/C++: D:/Foundation-SM64/Android/app/.cxx/Debug/592n6c1o/arm64-v8a/_deps/vulkanmemoryallocator-src/include/vk_mem_alloc.h:15765:5: warning: pointer is missing a nullability type specifier (_Nonnull, _Nullable, or _Null_unspecified) [-Wnullability-completeness]
C/C++:  15765 |     VmaAllocator allocator,
C/C++:        |     ^
C/C++: D:/Foundation-SM64/Android/app/.cxx/Debug/592n6c1o/arm64-v8a/_deps/vulkanmemoryallocator-src/include/vk_mem_alloc.h:15765:5: note: insert '_Nullable' if the pointer may be null
C/C++:  15765 |     VmaAllocator allocator,
C/C++:        |     ^
C/C++:        |                  _Nullable
C/C++: D:/Foundation-SM64/Android/app/.cxx/Debug/592n6c1o/arm64-v8a/_deps/vulkanmemoryallocator-src/include/vk_mem_alloc.h:15765:5: note: insert '_Nonnull' if the pointer should never be null
C/C++:  15765 |     VmaAllocator allocator,
C/C++:        |     ^
C/C++:        |                  _Nonnull
C/C++: D:/Foundation-SM64/Android/app/.cxx/Debug/592n6c1o/arm64-v8a/_deps/vulkanmemoryallocator-src/include/vk_mem_alloc.h:15766:31: warning: pointer is missing a nullability type specifier (_Nonnull, _Nullable, or _Null_unspecified) [-Wnullability-completeness]
C/C++:  15766 |     const VkMemoryRequirements* pVkMemoryRequirements,
C/C++:        |                               ^
C/C++: D:/Foundation-SM64/Android/app/.cxx/Debug/592n6c1o/arm64-v8a/_deps/vulkanmemoryallocator-src/include/vk_mem_alloc.h:15766:31: note: insert '_Nullable' if the pointer may be null
C/C++:  15766 |     const VkMemoryRequirements* pVkMemoryRequirements,
C/C++:        |                               ^
C/C++:        |                                 _Nullable
C/C++: D:/Foundation-SM64/Android/app/.cxx/Debug/592n6c1o/arm64-v8a/_deps/vulkanmemoryallocator-src/include/vk_mem_alloc.h:15766:31: note: insert '_Nonnull' if the pointer should never be null
C/C++:  15766 |     const VkMemoryRequirements* pVkMemoryRequirements,
C/C++:        |                               ^
C/C++:        |                                 _Nonnull
C/C++: D:/Foundation-SM64/Android/app/.cxx/Debug/592n6c1o/arm64-v8a/_deps/vulkanmemoryallocator-src/include/vk_mem_alloc.h:15767:34: warning: pointer is missing a nullability type specifier (_Nonnull, _Nullable, or _Null_unspecified) [-Wnullability-completeness]
C/C++:  15767 |     const VmaAllocationCreateInfo* pCreateInfo,
C/C++:        |                                  ^
C/C++: D:/Foundation-SM64/Android/app/.cxx/Debug/592n6c1o/arm64-v8a/_deps/vulkanmemoryallocator-src/include/vk_mem_alloc.h:15767:34: note: insert '_Nullable' if the pointer may be null
C/C++:  15767 |     const VmaAllocationCreateInfo* pCreateInfo,
C/C++:        |                                  ^
C/C++:        |                                    _Nullable
C/C++: D:/Foundation-SM64/Android/app/.cxx/Debug/592n6c1o/arm64-v8a/_deps/vulkanmemoryallocator-src/include/vk_mem_alloc.h:15767:34: note: insert '_Nonnull' if the pointer should never be null
C/C++:  15767 |     const VmaAllocationCreateInfo* pCreateInfo,
C/C++:        |                                  ^
C/C++:        |                                    _Nonnull
C/C++: D:/Foundation-SM64/Android/app/.cxx/Debug/592n6c1o/arm64-v8a/_deps/vulkanmemoryallocator-src/include/vk_mem_alloc.h:15769:5: warning: pointer is missing a nullability type specifier (_Nonnull, _Nullable, or _Null_unspecified) [-Wnullability-completeness]
C/C++:  15769 |     VmaAllocation* pAllocations,
C/C++:        |     ^
C/C++: D:/Foundation-SM64/Android/app/.cxx/Debug/592n6c1o/arm64-v8a/_deps/vulkanmemoryallocator-src/include/vk_mem_alloc.h:15769:5: note: insert '_Nullable' if the pointer may be null
C/C++:  15769 |     VmaAllocation* pAllocations,
C/C++:        |     ^            
C/C++:        |                   _Nullable 
C/C++: D:/Foundation-SM64/Android/app/.cxx/Debug/592n6c1o/arm64-v8a/_deps/vulkanmemoryallocator-src/include/vk_mem_alloc.h:15769:5: note: insert '_Nonnull' if the pointer should never be null
C/C++:  15769 |     VmaAllocation* pAllocations,
C/C++:        |     ^            
C/C++:        |                   _Nonnull 
C/C++: D:/Foundation-SM64/Android/app/.cxx/Debug/592n6c1o/arm64-v8a/_deps/vulkanmemoryallocator-src/include/vk_mem_alloc.h:15769:18: warning: pointer is missing a nullability type specifier (_Nonnull, _Nullable, or _Null_unspecified) [-Wnullability-completeness]
C/C++:  15769 |     VmaAllocation* pAllocations,
C/C++:        |                  ^
C/C++: D:/Foundation-SM64/Android/app/.cxx/Debug/592n6c1o/arm64-v8a/_deps/vulkanmemoryallocator-src/include/vk_mem_alloc.h:15769:18: note: insert '_Nullable' if the pointer may be null
C/C++:  15769 |     VmaAllocation* pAllocations,
C/C++:        |                  ^
C/C++:        |                    _Nullable
C/C++: D:/Foundation-SM64/Android/app/.cxx/Debug/592n6c1o/arm64-v8a/_deps/vulkanmemoryallocator-src/include/vk_mem_alloc.h:15769:18: note: insert '_Nonnull' if the pointer should never be null
C/C++:  15769 |     VmaAllocation* pAllocations,
C/C++:        |                  ^
C/C++:        |                    _Nonnull
C/C++: D:/Foundation-SM64/Android/app/.cxx/Debug/592n6c1o/arm64-v8a/_deps/vulkanmemoryallocator-src/include/vk_mem_alloc.h:15770:22: warning: pointer is missing a nullability type specifier (_Nonnull, _Nullable, or _Null_unspecified) [-Wnullability-completeness]
C/C++:  15770 |     VmaAllocationInfo* pAllocationInfo)
C/C++:        |                      ^
C/C++: D:/Foundation-SM64/Android/app/.cxx/Debug/592n6c1o/arm64-v8a/_deps/vulkanmemoryallocator-src/include/vk_mem_alloc.h:15770:22: note: insert '_Nullable' if the pointer may be null
C/C++:  15770 |     VmaAllocationInfo* pAllocationInfo)
C/C++:        |                      ^
C/C++:        |                        _Nullable
C/C++: D:/Foundation-SM64/Android/app/.cxx/Debug/592n6c1o/arm64-v8a/_deps/vulkanmemoryallocator-src/include/vk_mem_alloc.h:15770:22: note: insert '_Nonnull' if the pointer should never be null
C/C++:  15770 |     VmaAllocationInfo* pAllocationInfo)
C/C++:        |                      ^
C/C++:        |                        _Nonnull
C/C++: D:/Foundation-SM64/Android/app/.cxx/Debug/592n6c1o/arm64-v8a/_deps/vulkanmemoryallocator-src/include/vk_mem_alloc.h:15807:5: warning: pointer is missing a nullability type specifier (_Nonnull, _Nullable, or _Null_unspecified) [-Wnullability-completeness]
C/C++:  15807 |     VmaAllocator allocator,
C/C++:        |     ^
C/C++: D:/Foundation-SM64/Android/app/.cxx/Debug/592n6c1o/arm64-v8a/_deps/vulkanmemoryallocator-src/include/vk_mem_alloc.h:15807:5: note: insert '_Nullable' if the pointer may be null
C/C++:  15807 |     VmaAllocator allocator,
C/C++:        |     ^
C/C++:        |                  _Nullable
C/C++: D:/Foundation-SM64/Android/app/.cxx/Debug/592n6c1o/arm64-v8a/_deps/vulkanmemoryallocator-src/include/vk_mem_alloc.h:15807:5: note: insert '_Nonnull' if the pointer should never be null
C/C++:  15807 |     VmaAllocator allocator,
C/C++:        |     ^
C/C++:        |                  _Nonnull
C/C++: D:/Foundation-SM64/Android/app/.cxx/Debug/592n6c1o/arm64-v8a/_deps/vulkanmemoryallocator-src/include/vk_mem_alloc.h:15808:5: warning: pointer is missing a nullability type specifier (_Nonnull, _Nullable, or _Null_unspecified) [-Wnullability-completeness]
C/C++:  15808 |     VkBuffer buffer,
C/C++:        |     ^
C/C++: D:/Foundation-SM64/Android/app/.cxx/Debug/592n6c1o/arm64-v8a/_deps/vulkanmemoryallocator-src/include/vk_mem_alloc.h:15808:5: note: insert '_Nullable' if the pointer may be null
C/C++:  15808 |     VkBuffer buffer,
C/C++:        |     ^
C/C++:        |              _Nullable
C/C++: D:/Foundation-SM64/Android/app/.cxx/Debug/592n6c1o/arm64-v8a/_deps/vulkanmemoryallocator-src/include/vk_mem_alloc.h:15808:5: note: insert '_Nonnull' if the pointer should never be null
C/C++:  15808 |     VkBuffer buffer,
C/C++:        |     ^
C/C++:        |              _Nonnull
C/C++: D:/Foundation-SM64/Android/app/.cxx/Debug/592n6c1o/arm64-v8a/_deps/vulkanmemoryallocator-src/include/vk_mem_alloc.h:15809:34: warning: pointer is missing a nullability type specifier (_Nonnull, _Nullable, or _Null_unspecified) [-Wnullability-completeness]
C/C++:  15809 |     const VmaAllocationCreateInfo* pCreateInfo,
C/C++:        |                                  ^
C/C++: D:/Foundation-SM64/Android/app/.cxx/Debug/592n6c1o/arm64-v8a/_deps/vulkanmemoryallocator-src/include/vk_mem_alloc.h:15809:34: note: insert '_Nullable' if the pointer may be null
C/C++:  15809 |     const VmaAllocationCreateInfo* pCreateInfo,
C/C++:        |                                  ^
C/C++:        |                                    _Nullable
C/C++: D:/Foundation-SM64/Android/app/.cxx/Debug/592n6c1o/arm64-v8a/_deps/vulkanmemoryallocator-src/include/vk_mem_alloc.h:15809:34: note: insert '_Nonnull' if the pointer should never be null
C/C++:  15809 |     const VmaAllocationCreateInfo* pCreateInfo,
C/C++:        |                                  ^
C/C++:        |                                    _Nonnull
C/C++: D:/Foundation-SM64/Android/app/.cxx/Debug/592n6c1o/arm64-v8a/_deps/vulkanmemoryallocator-src/include/vk_mem_alloc.h:15810:5: warning: pointer is missing a nullability type specifier (_Nonnull, _Nullable, or _Null_unspecified) [-Wnullability-completeness]
C/C++:  15810 |     VmaAllocation* pAllocation,
C/C++:        |     ^
C/C++: D:/Foundation-SM64/Android/app/.cxx/Debug/592n6c1o/arm64-v8a/_deps/vulkanmemoryallocator-src/include/vk_mem_alloc.h:15810:5: note: insert '_Nullable' if the pointer may be null
C/C++:  15810 |     VmaAllocation* pAllocation,
C/C++:        |     ^            
C/C++:        |                   _Nullable 
C/C++: D:/Foundation-SM64/Android/app/.cxx/Debug/592n6c1o/arm64-v8a/_deps/vulkanmemoryallocator-src/include/vk_mem_alloc.h:15810:5: note: insert '_Nonnull' if the pointer should never be null
C/C++:  15810 |     VmaAllocation* pAllocation,
C/C++:        |     ^            
C/C++:        |                   _Nonnull 
C/C++: D:/Foundation-SM64/Android/app/.cxx/Debug/592n6c1o/arm64-v8a/_deps/vulkanmemoryallocator-src/include/vk_mem_alloc.h:15810:18: warning: pointer is missing a nullability type specifier (_Nonnull, _Nullable, or _Null_unspecified) [-Wnullability-completeness]
C/C++:  15810 |     VmaAllocation* pAllocation,
C/C++:        |                  ^
C/C++: D:/Foundation-SM64/Android/app/.cxx/Debug/592n6c1o/arm64-v8a/_deps/vulkanmemoryallocator-src/include/vk_mem_alloc.h:15810:18: note: insert '_Nullable' if the pointer may be null
C/C++:  15810 |     VmaAllocation* pAllocation,
C/C++:        |                  ^
C/C++:        |                    _Nullable
C/C++: D:/Foundation-SM64/Android/app/.cxx/Debug/592n6c1o/arm64-v8a/_deps/vulkanmemoryallocator-src/include/vk_mem_alloc.h:15810:18: note: insert '_Nonnull' if the pointer should never be null
C/C++:  15810 |     VmaAllocation* pAllocation,
C/C++:        |                  ^
C/C++:        |                    _Nonnull
C/C++: D:/Foundation-SM64/Android/app/.cxx/Debug/592n6c1o/arm64-v8a/_deps/vulkanmemoryallocator-src/include/vk_mem_alloc.h:15811:22: warning: pointer is missing a nullability type specifier (_Nonnull, _Nullable, or _Null_unspecified) [-Wnullability-completeness]
C/C++:  15811 |     VmaAllocationInfo* pAllocationInfo)
C/C++:        |                      ^
C/C++: D:/Foundation-SM64/Android/app/.cxx/Debug/592n6c1o/arm64-v8a/_deps/vulkanmemoryallocator-src/include/vk_mem_alloc.h:15811:22: note: insert '_Nullable' if the pointer may be null
C/C++:  15811 |     VmaAllocationInfo* pAllocationInfo)
C/C++:        |                      ^
C/C++:        |                        _Nullable
C/C++: D:/Foundation-SM64/Android/app/.cxx/Debug/592n6c1o/arm64-v8a/_deps/vulkanmemoryallocator-src/include/vk_mem_alloc.h:15811:22: note: insert '_Nonnull' if the pointer should never be null
C/C++:  15811 |     VmaAllocationInfo* pAllocationInfo)
C/C++:        |                      ^
C/C++:        |                        _Nonnull
C/C++: D:/Foundation-SM64/Android/app/.cxx/Debug/592n6c1o/arm64-v8a/_deps/vulkanmemoryallocator-src/include/vk_mem_alloc.h:15847:5: warning: pointer is missing a nullability type specifier (_Nonnull, _Nullable, or _Null_unspecified) [-Wnullability-completeness]
C/C++:  15847 |     VmaAllocator allocator,
C/C++:        |     ^
C/C++: D:/Foundation-SM64/Android/app/.cxx/Debug/592n6c1o/arm64-v8a/_deps/vulkanmemoryallocator-src/include/vk_mem_alloc.h:15847:5: note: insert '_Nullable' if the pointer may be null
C/C++:  15847 |     VmaAllocator allocator,
C/C++:        |     ^
C/C++:        |                  _Nullable
C/C++: D:/Foundation-SM64/Android/app/.cxx/Debug/592n6c1o/arm64-v8a/_deps/vulkanmemoryallocator-src/include/vk_mem_alloc.h:15847:5: note: insert '_Nonnull' if the pointer should never be null
C/C++:  15847 |     VmaAllocator allocator,
C/C++:        |     ^
C/C++:        |                  _Nonnull
C/C++: D:/Foundation-SM64/Android/app/.cxx/Debug/592n6c1o/arm64-v8a/_deps/vulkanmemoryallocator-src/include/vk_mem_alloc.h:15848:5: warning: pointer is missing a nullability type specifier (_Nonnull, _Nullable, or _Null_unspecified) [-Wnullability-completeness]
C/C++:  15848 |     VkImage image,
C/C++:        |     ^
C/C++: D:/Foundation-SM64/Android/app/.cxx/Debug/592n6c1o/arm64-v8a/_deps/vulkanmemoryallocator-src/include/vk_mem_alloc.h:15848:5: note: insert '_Nullable' if the pointer may be null
C/C++:  15848 |     VkImage image,
C/C++:        |     ^
C/C++:        |             _Nullable
C/C++: D:/Foundation-SM64/Android/app/.cxx/Debug/592n6c1o/arm64-v8a/_deps/vulkanmemoryallocator-src/include/vk_mem_alloc.h:15848:5: note: insert '_Nonnull' if the pointer should never be null
C/C++:  15848 |     VkImage image,
C/C++:        |     ^
C/C++:        |             _Nonnull
C/C++: D:/Foundation-SM64/Android/app/.cxx/Debug/592n6c1o/arm64-v8a/_deps/vulkanmemoryallocator-src/include/vk_mem_alloc.h:15849:34: warning: pointer is missing a nullability type specifier (_Nonnull, _Nullable, or _Null_unspecified) [-Wnullability-completeness]
C/C++:  15849 |     const VmaAllocationCreateInfo* pCreateInfo,
C/C++:        |                                  ^
C/C++: D:/Foundation-SM64/Android/app/.cxx/Debug/592n6c1o/arm64-v8a/_deps/vulkanmemoryallocator-src/include/vk_mem_alloc.h:15849:34: note: insert '_Nullable' if the pointer may be null
C/C++:  15849 |     const VmaAllocationCreateInfo* pCreateInfo,
C/C++:        |                                  ^
C/C++:        |                                    _Nullable
C/C++: D:/Foundation-SM64/Android/app/.cxx/Debug/592n6c1o/arm64-v8a/_deps/vulkanmemoryallocator-src/include/vk_mem_alloc.h:15849:34: note: insert '_Nonnull' if the pointer should never be null
C/C++:  15849 |     const VmaAllocationCreateInfo* pCreateInfo,
C/C++:        |                                  ^
C/C++:        |                                    _Nonnull
C/C++: D:/Foundation-SM64/Android/app/.cxx/Debug/592n6c1o/arm64-v8a/_deps/vulkanmemoryallocator-src/include/vk_mem_alloc.h:15850:5: warning: pointer is missing a nullability type specifier (_Nonnull, _Nullable, or _Null_unspecified) [-Wnullability-completeness]
C/C++:  15850 |     VmaAllocation* pAllocation,
C/C++:        |     ^
C/C++: D:/Foundation-SM64/Android/app/.cxx/Debug/592n6c1o/arm64-v8a/_deps/vulkanmemoryallocator-src/include/vk_mem_alloc.h:15850:5: note: insert '_Nullable' if the pointer may be null
C/C++:  15850 |     VmaAllocation* pAllocation,
C/C++:        |     ^            
C/C++:        |                   _Nullable 
C/C++: D:/Foundation-SM64/Android/app/.cxx/Debug/592n6c1o/arm64-v8a/_deps/vulkanmemoryallocator-src/include/vk_mem_alloc.h:15850:5: note: insert '_Nonnull' if the pointer should never be null
C/C++:  15850 |     VmaAllocation* pAllocation,
C/C++:        |     ^            
C/C++:        |                   _Nonnull 
C/C++: D:/Foundation-SM64/Android/app/.cxx/Debug/592n6c1o/arm64-v8a/_deps/vulkanmemoryallocator-src/include/vk_mem_alloc.h:15850:18: warning: pointer is missing a nullability type specifier (_Nonnull, _Nullable, or _Null_unspecified) [-Wnullability-completeness]
C/C++:  15850 |     VmaAllocation* pAllocation,
C/C++:        |                  ^
C/C++: D:/Foundation-SM64/Android/app/.cxx/Debug/592n6c1o/arm64-v8a/_deps/vulkanmemoryallocator-src/include/vk_mem_alloc.h:15850:18: note: insert '_Nullable' if the pointer may be null
C/C++:  15850 |     VmaAllocation* pAllocation,
C/C++:        |                  ^
C/C++:        |                    _Nullable
C/C++: D:/Foundation-SM64/Android/app/.cxx/Debug/592n6c1o/arm64-v8a/_deps/vulkanmemoryallocator-src/include/vk_mem_alloc.h:15850:18: note: insert '_Nonnull' if the pointer should never be null
C/C++:  15850 |     VmaAllocation* pAllocation,
C/C++:        |                  ^
C/C++:        |                    _Nonnull
C/C++: D:/Foundation-SM64/Android/app/.cxx/Debug/592n6c1o/arm64-v8a/_deps/vulkanmemoryallocator-src/include/vk_mem_alloc.h:15851:22: warning: pointer is missing a nullability type specifier (_Nonnull, _Nullable, or _Null_unspecified) [-Wnullability-completeness]
C/C++:  15851 |     VmaAllocationInfo* pAllocationInfo)
C/C++:        |                      ^
C/C++: D:/Foundation-SM64/Android/app/.cxx/Debug/592n6c1o/arm64-v8a/_deps/vulkanmemoryallocator-src/include/vk_mem_alloc.h:15851:22: note: insert '_Nullable' if the pointer may be null
C/C++:  15851 |     VmaAllocationInfo* pAllocationInfo)
C/C++:        |                      ^
C/C++:        |                        _Nullable
C/C++: D:/Foundation-SM64/Android/app/.cxx/Debug/592n6c1o/arm64-v8a/_deps/vulkanmemoryallocator-src/include/vk_mem_alloc.h:15851:22: note: insert '_Nonnull' if the pointer should never be null
C/C++:  15851 |     VmaAllocationInfo* pAllocationInfo)
C/C++:        |                      ^
C/C++:        |                        _Nonnull
C/C++: D:/Foundation-SM64/Android/app/.cxx/Debug/592n6c1o/arm64-v8a/_deps/vulkanmemoryallocator-src/include/vk_mem_alloc.h:15886:5: warning: pointer is missing a nullability type specifier (_Nonnull, _Nullable, or _Null_unspecified) [-Wnullability-completeness]
C/C++:  15886 |     VmaAllocator allocator,
C/C++:        |     ^
C/C++: D:/Foundation-SM64/Android/app/.cxx/Debug/592n6c1o/arm64-v8a/_deps/vulkanmemoryallocator-src/include/vk_mem_alloc.h:15886:5: note: insert '_Nullable' if the pointer may be null
C/C++:  15886 |     VmaAllocator allocator,
C/C++:        |     ^
C/C++:        |                  _Nullable
C/C++: D:/Foundation-SM64/Android/app/.cxx/Debug/592n6c1o/arm64-v8a/_deps/vulkanmemoryallocator-src/include/vk_mem_alloc.h:15886:5: note: insert '_Nonnull' if the pointer should never be null
C/C++:  15886 |     VmaAllocator allocator,
C/C++:        |     ^
C/C++:        |                  _Nonnull
C/C++: D:/Foundation-SM64/Android/app/.cxx/Debug/592n6c1o/arm64-v8a/_deps/vulkanmemoryallocator-src/include/vk_mem_alloc.h:15887:5: warning: pointer is missing a nullability type specifier (_Nonnull, _Nullable, or _Null_unspecified) [-Wnullability-completeness]
C/C++:  15887 |     VmaAllocation allocation)
C/C++:        |     ^
C/C++: D:/Foundation-SM64/Android/app/.cxx/Debug/592n6c1o/arm64-v8a/_deps/vulkanmemoryallocator-src/include/vk_mem_alloc.h:15887:5: note: insert '_Nullable' if the pointer may be null
C/C++:  15887 |     VmaAllocation allocation)
C/C++:        |     ^
C/C++:        |                   _Nullable
C/C++: D:/Foundation-SM64/Android/app/.cxx/Debug/592n6c1o/arm64-v8a/_deps/vulkanmemoryallocator-src/include/vk_mem_alloc.h:15887:5: note: insert '_Nonnull' if the pointer should never be null
C/C++:  15887 |     VmaAllocation allocation)
C/C++:        |     ^
C/C++:        |                   _Nonnull
C/C++: D:/Foundation-SM64/Android/app/.cxx/Debug/592n6c1o/arm64-v8a/_deps/vulkanmemoryallocator-src/include/vk_mem_alloc.h:15906:5: warning: pointer is missing a nullability type specifier (_Nonnull, _Nullable, or _Null_unspecified) [-Wnullability-completeness]
C/C++:  15906 |     VmaAllocator allocator,
C/C++:        |     ^
C/C++: D:/Foundation-SM64/Android/app/.cxx/Debug/592n6c1o/arm64-v8a/_deps/vulkanmemoryallocator-src/include/vk_mem_alloc.h:15906:5: note: insert '_Nullable' if the pointer may be null
C/C++:  15906 |     VmaAllocator allocator,
C/C++:        |     ^
C/C++:        |                  _Nullable
C/C++: D:/Foundation-SM64/Android/app/.cxx/Debug/592n6c1o/arm64-v8a/_deps/vulkanmemoryallocator-src/include/vk_mem_alloc.h:15906:5: note: insert '_Nonnull' if the pointer should never be null
C/C++:  15906 |     VmaAllocator allocator,
C/C++:        |     ^
C/C++:        |                  _Nonnull
C/C++: D:/Foundation-SM64/Android/app/.cxx/Debug/592n6c1o/arm64-v8a/_deps/vulkanmemoryallocator-src/include/vk_mem_alloc.h:15908:11: warning: pointer is missing a nullability type specifier (_Nonnull, _Nullable, or _Null_unspecified) [-Wnullability-completeness]
C/C++:  15908 |     const VmaAllocation* pAllocations)
C/C++:        |           ^
C/C++: D:/Foundation-SM64/Android/app/.cxx/Debug/592n6c1o/arm64-v8a/_deps/vulkanmemoryallocator-src/include/vk_mem_alloc.h:15908:11: note: insert '_Nullable' if the pointer may be null
C/C++:  15908 |     const VmaAllocation* pAllocations)
C/C++:        |           ^            
C/C++:        |                         _Nullable 
C/C++: D:/Foundation-SM64/Android/app/.cxx/Debug/592n6c1o/arm64-v8a/_deps/vulkanmemoryallocator-src/include/vk_mem_alloc.h:15908:11: note: insert '_Nonnull' if the pointer should never be null
C/C++:  15908 |     const VmaAllocation* pAllocations)
C/C++:        |           ^            
C/C++:        |                         _Nonnull 
C/C++: D:/Foundation-SM64/Android/app/.cxx/Debug/592n6c1o/arm64-v8a/_deps/vulkanmemoryallocator-src/include/vk_mem_alloc.h:15908:24: warning: pointer is missing a nullability type specifier (_Nonnull, _Nullable, or _Null_unspecified) [-Wnullability-completeness]
C/C++:  15908 |     const VmaAllocation* pAllocations)
C/C++:        |                        ^
C/C++: D:/Foundation-SM64/Android/app/.cxx/Debug/592n6c1o/arm64-v8a/_deps/vulkanmemoryallocator-src/include/vk_mem_alloc.h:15908:24: note: insert '_Nullable' if the pointer may be null
C/C++:  15908 |     const VmaAllocation* pAllocations)
C/C++:        |                        ^
C/C++:        |                          _Nullable
C/C++: D:/Foundation-SM64/Android/app/.cxx/Debug/592n6c1o/arm64-v8a/_deps/vulkanmemoryallocator-src/include/vk_mem_alloc.h:15908:24: note: insert '_Nonnull' if the pointer should never be null
C/C++:  15908 |     const VmaAllocation* pAllocations)
C/C++:        |                        ^
C/C++:        |                          _Nonnull
C/C++: D:/Foundation-SM64/Android/app/.cxx/Debug/592n6c1o/arm64-v8a/_deps/vulkanmemoryallocator-src/include/vk_mem_alloc.h:15925:5: warning: pointer is missing a nullability type specifier (_Nonnull, _Nullable, or _Null_unspecified) [-Wnullability-completeness]
C/C++:  15925 |     VmaAllocator allocator,
C/C++:        |     ^
C/C++: D:/Foundation-SM64/Android/app/.cxx/Debug/592n6c1o/arm64-v8a/_deps/vulkanmemoryallocator-src/include/vk_mem_alloc.h:15925:5: note: insert '_Nullable' if the pointer may be null
C/C++:  15925 |     VmaAllocator allocator,
C/C++:        |     ^
C/C++:        |                  _Nullable
C/C++: D:/Foundation-SM64/Android/app/.cxx/Debug/592n6c1o/arm64-v8a/_deps/vulkanmemoryallocator-src/include/vk_mem_alloc.h:15925:5: note: insert '_Nonnull' if the pointer should never be null
C/C++:  15925 |     VmaAllocator allocator,
C/C++:        |     ^
C/C++:        |                  _Nonnull
C/C++: D:/Foundation-SM64/Android/app/.cxx/Debug/592n6c1o/arm64-v8a/_deps/vulkanmemoryallocator-src/include/vk_mem_alloc.h:15926:5: warning: pointer is missing a nullability type specifier (_Nonnull, _Nullable, or _Null_unspecified) [-Wnullability-completeness]
C/C++:  15926 |     VmaAllocation allocation,
C/C++:        |     ^
C/C++: D:/Foundation-SM64/Android/app/.cxx/Debug/592n6c1o/arm64-v8a/_deps/vulkanmemoryallocator-src/include/vk_mem_alloc.h:15926:5: note: insert '_Nullable' if the pointer may be null
C/C++:  15926 |     VmaAllocation allocation,
C/C++:        |     ^
C/C++:        |                   _Nullable
C/C++: D:/Foundation-SM64/Android/app/.cxx/Debug/592n6c1o/arm64-v8a/_deps/vulkanmemoryallocator-src/include/vk_mem_alloc.h:15926:5: note: insert '_Nonnull' if the pointer should never be null
C/C++:  15926 |     VmaAllocation allocation,
C/C++:        |     ^
C/C++:        |                   _Nonnull
C/C++: D:/Foundation-SM64/Android/app/.cxx/Debug/592n6c1o/arm64-v8a/_deps/vulkanmemoryallocator-src/include/vk_mem_alloc.h:15927:22: warning: pointer is missing a nullability type specifier (_Nonnull, _Nullable, or _Null_unspecified) [-Wnullability-completeness]
C/C++:  15927 |     VmaAllocationInfo* pAllocationInfo)
C/C++:        |                      ^
C/C++: D:/Foundation-SM64/Android/app/.cxx/Debug/592n6c1o/arm64-v8a/_deps/vulkanmemoryallocator-src/include/vk_mem_alloc.h:15927:22: note: insert '_Nullable' if the pointer may be null
C/C++:  15927 |     VmaAllocationInfo* pAllocationInfo)
C/C++:        |                      ^
C/C++:        |                        _Nullable
C/C++: D:/Foundation-SM64/Android/app/.cxx/Debug/592n6c1o/arm64-v8a/_deps/vulkanmemoryallocator-src/include/vk_mem_alloc.h:15927:22: note: insert '_Nonnull' if the pointer should never be null
C/C++:  15927 |     VmaAllocationInfo* pAllocationInfo)
C/C++:        |                      ^
C/C++:        |                        _Nonnull
C/C++: D:/Foundation-SM64/Android/app/.cxx/Debug/592n6c1o/arm64-v8a/_deps/vulkanmemoryallocator-src/include/vk_mem_alloc.h:15937:5: warning: pointer is missing a nullability type specifier (_Nonnull, _Nullable, or _Null_unspecified) [-Wnullability-completeness]
C/C++:  15937 |     VmaAllocator allocator,
C/C++:        |     ^
C/C++: D:/Foundation-SM64/Android/app/.cxx/Debug/592n6c1o/arm64-v8a/_deps/vulkanmemoryallocator-src/include/vk_mem_alloc.h:15937:5: note: insert '_Nullable' if the pointer may be null
C/C++:  15937 |     VmaAllocator allocator,
C/C++:        |     ^
C/C++:        |                  _Nullable
C/C++: D:/Foundation-SM64/Android/app/.cxx/Debug/592n6c1o/arm64-v8a/_deps/vulkanmemoryallocator-src/include/vk_mem_alloc.h:15937:5: note: insert '_Nonnull' if the pointer should never be null
C/C++:  15937 |     VmaAllocator allocator,
C/C++:        |     ^
C/C++:        |                  _Nonnull
C/C++: D:/Foundation-SM64/Android/app/.cxx/Debug/592n6c1o/arm64-v8a/_deps/vulkanmemoryallocator-src/include/vk_mem_alloc.h:15938:5: warning: pointer is missing a nullability type specifier (_Nonnull, _Nullable, or _Null_unspecified) [-Wnullability-completeness]
C/C++:  15938 |     VmaAllocation allocation,
C/C++:        |     ^
C/C++: D:/Foundation-SM64/Android/app/.cxx/Debug/592n6c1o/arm64-v8a/_deps/vulkanmemoryallocator-src/include/vk_mem_alloc.h:15938:5: note: insert '_Nullable' if the pointer may be null
C/C++:  15938 |     VmaAllocation allocation,
C/C++:        |     ^
C/C++:        |                   _Nullable
C/C++: D:/Foundation-SM64/Android/app/.cxx/Debug/592n6c1o/arm64-v8a/_deps/vulkanmemoryallocator-src/include/vk_mem_alloc.h:15938:5: note: insert '_Nonnull' if the pointer should never be null
C/C++:  15938 |     VmaAllocation allocation,
C/C++:        |     ^
C/C++:        |                   _Nonnull
C/C++: D:/Foundation-SM64/Android/app/.cxx/Debug/592n6c1o/arm64-v8a/_deps/vulkanmemoryallocator-src/include/vk_mem_alloc.h:15939:23: warning: pointer is missing a nullability type specifier (_Nonnull, _Nullable, or _Null_unspecified) [-Wnullability-completeness]
C/C++:  15939 |     VmaAllocationInfo2* pAllocationInfo)
C/C++:        |                       ^
C/C++: D:/Foundation-SM64/Android/app/.cxx/Debug/592n6c1o/arm64-v8a/_deps/vulkanmemoryallocator-src/include/vk_mem_alloc.h:15939:23: note: insert '_Nullable' if the pointer may be null
C/C++:  15939 |     VmaAllocationInfo2* pAllocationInfo)
C/C++:        |                       ^
C/C++:        |                         _Nullable
C/C++: D:/Foundation-SM64/Android/app/.cxx/Debug/592n6c1o/arm64-v8a/_deps/vulkanmemoryallocator-src/include/vk_mem_alloc.h:15939:23: note: insert '_Nonnull' if the pointer should never be null
C/C++:  15939 |     VmaAllocationInfo2* pAllocationInfo)
C/C++:        |                       ^
C/C++:        |                         _Nonnull
C/C++: D:/Foundation-SM64/Android/app/.cxx/Debug/592n6c1o/arm64-v8a/_deps/vulkanmemoryallocator-src/include/vk_mem_alloc.h:15949:5: warning: pointer is missing a nullability type specifier (_Nonnull, _Nullable, or _Null_unspecified) [-Wnullability-completeness]
C/C++:  15949 |     VmaAllocator allocator,
C/C++:        |     ^
C/C++: D:/Foundation-SM64/Android/app/.cxx/Debug/592n6c1o/arm64-v8a/_deps/vulkanmemoryallocator-src/include/vk_mem_alloc.h:15949:5: note: insert '_Nullable' if the pointer may be null
C/C++:  15949 |     VmaAllocator allocator,
C/C++:        |     ^
C/C++:        |                  _Nullable
C/C++: D:/Foundation-SM64/Android/app/.cxx/Debug/592n6c1o/arm64-v8a/_deps/vulkanmemoryallocator-src/include/vk_mem_alloc.h:15949:5: note: insert '_Nonnull' if the pointer should never be null
C/C++:  15949 |     VmaAllocator allocator,
C/C++:        |     ^
C/C++:        |                  _Nonnull
C/C++: D:/Foundation-SM64/Android/app/.cxx/Debug/592n6c1o/arm64-v8a/_deps/vulkanmemoryallocator-src/include/vk_mem_alloc.h:15950:5: warning: pointer is missing a nullability type specifier (_Nonnull, _Nullable, or _Null_unspecified) [-Wnullability-completeness]
C/C++:  15950 |     VmaAllocation allocation,
C/C++:        |     ^
C/C++: D:/Foundation-SM64/Android/app/.cxx/Debug/592n6c1o/arm64-v8a/_deps/vulkanmemoryallocator-src/include/vk_mem_alloc.h:15950:5: note: insert '_Nullable' if the pointer may be null
C/C++:  15950 |     VmaAllocation allocation,
C/C++:        |     ^
C/C++:        |                   _Nullable
C/C++: D:/Foundation-SM64/Android/app/.cxx/Debug/592n6c1o/arm64-v8a/_deps/vulkanmemoryallocator-src/include/vk_mem_alloc.h:15950:5: note: insert '_Nonnull' if the pointer should never be null
C/C++:  15950 |     VmaAllocation allocation,
C/C++:        |     ^
C/C++:        |                   _Nonnull
C/C++: D:/Foundation-SM64/Android/app/.cxx/Debug/592n6c1o/arm64-v8a/_deps/vulkanmemoryallocator-src/include/vk_mem_alloc.h:15951:9: warning: pointer is missing a nullability type specifier (_Nonnull, _Nullable, or _Null_unspecified) [-Wnullability-completeness]
C/C++:  15951 |     void* pUserData)
C/C++:        |         ^
C/C++: D:/Foundation-SM64/Android/app/.cxx/Debug/592n6c1o/arm64-v8a/_deps/vulkanmemoryallocator-src/include/vk_mem_alloc.h:15951:9: note: insert '_Nullable' if the pointer may be null
C/C++:  15951 |     void* pUserData)
C/C++:        |         ^
C/C++:        |           _Nullable
C/C++: D:/Foundation-SM64/Android/app/.cxx/Debug/592n6c1o/arm64-v8a/_deps/vulkanmemoryallocator-src/include/vk_mem_alloc.h:15951:9: note: insert '_Nonnull' if the pointer should never be null
C/C++:  15951 |     void* pUserData)
C/C++:        |         ^
C/C++:        |           _Nonnull
C/C++: D:/Foundation-SM64/Android/app/.cxx/Debug/592n6c1o/arm64-v8a/_deps/vulkanmemoryallocator-src/include/vk_mem_alloc.h:15979:5: warning: pointer is missing a nullability type specifier (_Nonnull, _Nullable, or _Null_unspecified) [-Wnullability-completeness]
C/C++:  15979 |     VmaAllocator allocator,
C/C++:        |     ^
C/C++: D:/Foundation-SM64/Android/app/.cxx/Debug/592n6c1o/arm64-v8a/_deps/vulkanmemoryallocator-src/include/vk_mem_alloc.h:15979:5: note: insert '_Nullable' if the pointer may be null
C/C++:  15979 |     VmaAllocator allocator,
C/C++:        |     ^
C/C++:        |                  _Nullable
C/C++: D:/Foundation-SM64/Android/app/.cxx/Debug/592n6c1o/arm64-v8a/_deps/vulkanmemoryallocator-src/include/vk_mem_alloc.h:15979:5: note: insert '_Nonnull' if the pointer should never be null
C/C++:  15979 |     VmaAllocator allocator,
C/C++:        |     ^
C/C++:        |                  _Nonnull
C/C++: D:/Foundation-SM64/Android/app/.cxx/Debug/592n6c1o/arm64-v8a/_deps/vulkanmemoryallocator-src/include/vk_mem_alloc.h:15980:5: warning: pointer is missing a nullability type specifier (_Nonnull, _Nullable, or _Null_unspecified) [-Wnullability-completeness]
C/C++:  15980 |     VmaAllocation allocation,
C/C++:        |     ^
C/C++: D:/Foundation-SM64/Android/app/.cxx/Debug/592n6c1o/arm64-v8a/_deps/vulkanmemoryallocator-src/include/vk_mem_alloc.h:15980:5: note: insert '_Nullable' if the pointer may be null
C/C++:  15980 |     VmaAllocation allocation,
C/C++:        |     ^
C/C++:        |                   _Nullable
C/C++: D:/Foundation-SM64/Android/app/.cxx/Debug/592n6c1o/arm64-v8a/_deps/vulkanmemoryallocator-src/include/vk_mem_alloc.h:15980:5: note: insert '_Nonnull' if the pointer should never be null
C/C++:  15980 |     VmaAllocation allocation,
C/C++:        |     ^
C/C++:        |                   _Nonnull
C/C++: D:/Foundation-SM64/Android/app/.cxx/Debug/592n6c1o/arm64-v8a/_deps/vulkanmemoryallocator-src/include/vk_mem_alloc.h:15981:9: warning: pointer is missing a nullability type specifier (_Nonnull, _Nullable, or _Null_unspecified) [-Wnullability-completeness]
C/C++:  15981 |     void** ppData)
C/C++:        |         ^
C/C++: D:/Foundation-SM64/Android/app/.cxx/Debug/592n6c1o/arm64-v8a/_deps/vulkanmemoryallocator-src/include/vk_mem_alloc.h:15981:9: note: insert '_Nullable' if the pointer may be null
C/C++:  15981 |     void** ppData)
C/C++:        |         ^
C/C++:        |          _Nullable
C/C++: D:/Foundation-SM64/Android/app/.cxx/Debug/592n6c1o/arm64-v8a/_deps/vulkanmemoryallocator-src/include/vk_mem_alloc.h:15981:9: note: insert '_Nonnull' if the pointer should never be null
C/C++:  15981 |     void** ppData)
C/C++:        |         ^
C/C++:        |          _Nonnull
C/C++: D:/Foundation-SM64/Android/app/.cxx/Debug/592n6c1o/arm64-v8a/_deps/vulkanmemoryallocator-src/include/vk_mem_alloc.h:15981:10: warning: pointer is missing a nullability type specifier (_Nonnull, _Nullable, or _Null_unspecified) [-Wnullability-completeness]
C/C++:  15981 |     void** ppData)
C/C++:        |          ^
C/C++: D:/Foundation-SM64/Android/app/.cxx/Debug/592n6c1o/arm64-v8a/_deps/vulkanmemoryallocator-src/include/vk_mem_alloc.h:15981:10: note: insert '_Nullable' if the pointer may be null
C/C++:  15981 |     void** ppData)
C/C++:        |          ^
C/C++:        |            _Nullable
C/C++: D:/Foundation-SM64/Android/app/.cxx/Debug/592n6c1o/arm64-v8a/_deps/vulkanmemoryallocator-src/include/vk_mem_alloc.h:15981:10: note: insert '_Nonnull' if the pointer should never be null
C/C++:  15981 |     void** ppData)
C/C++:        |          ^
C/C++:        |            _Nonnull
C/C++: D:/Foundation-SM64/Android/app/.cxx/Debug/592n6c1o/arm64-v8a/_deps/vulkanmemoryallocator-src/include/vk_mem_alloc.h:15991:5: warning: pointer is missing a nullability type specifier (_Nonnull, _Nullable, or _Null_unspecified) [-Wnullability-completeness]
C/C++:  15991 |     VmaAllocator allocator,
C/C++:        |     ^
C/C++: D:/Foundation-SM64/Android/app/.cxx/Debug/592n6c1o/arm64-v8a/_deps/vulkanmemoryallocator-src/include/vk_mem_alloc.h:15991:5: note: insert '_Nullable' if the pointer may be null
C/C++:  15991 |     VmaAllocator allocator,
C/C++:        |     ^
C/C++:        |                  _Nullable
C/C++: D:/Foundation-SM64/Android/app/.cxx/Debug/592n6c1o/arm64-v8a/_deps/vulkanmemoryallocator-src/include/vk_mem_alloc.h:15991:5: note: insert '_Nonnull' if the pointer should never be null
C/C++:  15991 |     VmaAllocator allocator,
C/C++:        |     ^
C/C++:        |                  _Nonnull
C/C++: D:/Foundation-SM64/Android/app/.cxx/Debug/592n6c1o/arm64-v8a/_deps/vulkanmemoryallocator-src/include/vk_mem_alloc.h:15992:5: warning: pointer is missing a nullability type specifier (_Nonnull, _Nullable, or _Null_unspecified) [-Wnullability-completeness]
C/C++:  15992 |     VmaAllocation allocation)
C/C++:        |     ^
C/C++: D:/Foundation-SM64/Android/app/.cxx/Debug/592n6c1o/arm64-v8a/_deps/vulkanmemoryallocator-src/include/vk_mem_alloc.h:15992:5: note: insert '_Nullable' if the pointer may be null
C/C++:  15992 |     VmaAllocation allocation)
C/C++:        |     ^
C/C++:        |                   _Nullable
C/C++: D:/Foundation-SM64/Android/app/.cxx/Debug/592n6c1o/arm64-v8a/_deps/vulkanmemoryallocator-src/include/vk_mem_alloc.h:15992:5: note: insert '_Nonnull' if the pointer should never be null
C/C++:  15992 |     VmaAllocation allocation)
C/C++:        |     ^
C/C++:        |                   _Nonnull
C/C++: D:/Foundation-SM64/Android/app/.cxx/Debug/592n6c1o/arm64-v8a/_deps/vulkanmemoryallocator-src/include/vk_mem_alloc.h:16002:5: warning: pointer is missing a nullability type specifier (_Nonnull, _Nullable, or _Null_unspecified) [-Wnullability-completeness]
C/C++:  16002 |     VmaAllocator allocator,
C/C++:        |     ^
C/C++: D:/Foundation-SM64/Android/app/.cxx/Debug/592n6c1o/arm64-v8a/_deps/vulkanmemoryallocator-src/include/vk_mem_alloc.h:16002:5: note: insert '_Nullable' if the pointer may be null
C/C++:  16002 |     VmaAllocator allocator,
C/C++:        |     ^
C/C++:        |                  _Nullable
C/C++: D:/Foundation-SM64/Android/app/.cxx/Debug/592n6c1o/arm64-v8a/_deps/vulkanmemoryallocator-src/include/vk_mem_alloc.h:16002:5: note: insert '_Nonnull' if the pointer should never be null
C/C++:  16002 |     VmaAllocator allocator,
C/C++:        |     ^
C/C++:        |                  _Nonnull
C/C++: D:/Foundation-SM64/Android/app/.cxx/Debug/592n6c1o/arm64-v8a/_deps/vulkanmemoryallocator-src/include/vk_mem_alloc.h:16003:5: warning: pointer is missing a nullability type specifier (_Nonnull, _Nullable, or _Null_unspecified) [-Wnullability-completeness]
C/C++:  16003 |     VmaAllocation allocation,
C/C++:        |     ^
C/C++: D:/Foundation-SM64/Android/app/.cxx/Debug/592n6c1o/arm64-v8a/_deps/vulkanmemoryallocator-src/include/vk_mem_alloc.h:16003:5: note: insert '_Nullable' if the pointer may be null
C/C++:  16003 |     VmaAllocation allocation,
C/C++:        |     ^
C/C++:        |                   _Nullable
C/C++: D:/Foundation-SM64/Android/app/.cxx/Debug/592n6c1o/arm64-v8a/_deps/vulkanmemoryallocator-src/include/vk_mem_alloc.h:16003:5: note: insert '_Nonnull' if the pointer should never be null
C/C++:  16003 |     VmaAllocation allocation,
C/C++:        |     ^
C/C++:        |                   _Nonnull
C/C++: D:/Foundation-SM64/Android/app/.cxx/Debug/592n6c1o/arm64-v8a/_deps/vulkanmemoryallocator-src/include/vk_mem_alloc.h:16017:5: warning: pointer is missing a nullability type specifier (_Nonnull, _Nullable, or _Null_unspecified) [-Wnullability-completeness]
C/C++:  16017 |     VmaAllocator allocator,
C/C++:        |     ^
C/C++: D:/Foundation-SM64/Android/app/.cxx/Debug/592n6c1o/arm64-v8a/_deps/vulkanmemoryallocator-src/include/vk_mem_alloc.h:16017:5: note: insert '_Nullable' if the pointer may be null
C/C++:  16017 |     VmaAllocator allocator,
C/C++:        |     ^
C/C++:        |                  _Nullable
C/C++: D:/Foundation-SM64/Android/app/.cxx/Debug/592n6c1o/arm64-v8a/_deps/vulkanmemoryallocator-src/include/vk_mem_alloc.h:16017:5: note: insert '_Nonnull' if the pointer should never be null
C/C++:  16017 |     VmaAllocator allocator,
C/C++:        |     ^
C/C++:        |                  _Nonnull
C/C++: D:/Foundation-SM64/Android/app/.cxx/Debug/592n6c1o/arm64-v8a/_deps/vulkanmemoryallocator-src/include/vk_mem_alloc.h:16018:5: warning: pointer is missing a nullability type specifier (_Nonnull, _Nullable, or _Null_unspecified) [-Wnullability-completeness]
C/C++:  16018 |     VmaAllocation allocation,
C/C++:        |     ^
C/C++: D:/Foundation-SM64/Android/app/.cxx/Debug/592n6c1o/arm64-v8a/_deps/vulkanmemoryallocator-src/include/vk_mem_alloc.h:16018:5: note: insert '_Nullable' if the pointer may be null
C/C++:  16018 |     VmaAllocation allocation,
C/C++:        |     ^
C/C++:        |                   _Nullable
C/C++: D:/Foundation-SM64/Android/app/.cxx/Debug/592n6c1o/arm64-v8a/_deps/vulkanmemoryallocator-src/include/vk_mem_alloc.h:16018:5: note: insert '_Nonnull' if the pointer should never be null
C/C++:  16018 |     VmaAllocation allocation,
C/C++:        |     ^
C/C++:        |                   _Nonnull
C/C++: D:/Foundation-SM64/Android/app/.cxx/Debug/592n6c1o/arm64-v8a/_deps/vulkanmemoryallocator-src/include/vk_mem_alloc.h:16032:5: warning: pointer is missing a nullability type specifier (_Nonnull, _Nullable, or _Null_unspecified) [-Wnullability-completeness]
C/C++:  16032 |     VmaAllocator allocator,
C/C++:        |     ^
C/C++: D:/Foundation-SM64/Android/app/.cxx/Debug/592n6c1o/arm64-v8a/_deps/vulkanmemoryallocator-src/include/vk_mem_alloc.h:16032:5: note: insert '_Nullable' if the pointer may be null
C/C++:  16032 |     VmaAllocator allocator,
C/C++:        |     ^
C/C++:        |                  _Nullable
C/C++: D:/Foundation-SM64/Android/app/.cxx/Debug/592n6c1o/arm64-v8a/_deps/vulkanmemoryallocator-src/include/vk_mem_alloc.h:16032:5: note: insert '_Nonnull' if the pointer should never be null
C/C++:  16032 |     VmaAllocator allocator,
C/C++:        |     ^
C/C++:        |                  _Nonnull
C/C++: D:/Foundation-SM64/Android/app/.cxx/Debug/592n6c1o/arm64-v8a/_deps/vulkanmemoryallocator-src/include/vk_mem_alloc.h:16034:11: warning: pointer is missing a nullability type specifier (_Nonnull, _Nullable, or _Null_unspecified) [-Wnullability-completeness]
C/C++:  16034 |     const VmaAllocation* allocations,
C/C++:        |           ^
C/C++: D:/Foundation-SM64/Android/app/.cxx/Debug/592n6c1o/arm64-v8a/_deps/vulkanmemoryallocator-src/include/vk_mem_alloc.h:16034:11: note: insert '_Nullable' if the pointer may be null
C/C++:  16034 |     const VmaAllocation* allocations,
C/C++:        |           ^            
C/C++:        |                         _Nullable 
C/C++: D:/Foundation-SM64/Android/app/.cxx/Debug/592n6c1o/arm64-v8a/_deps/vulkanmemoryallocator-src/include/vk_mem_alloc.h:16034:11: note: insert '_Nonnull' if the pointer should never be null
C/C++:  16034 |     const VmaAllocation* allocations,
C/C++:        |           ^            
C/C++:        |                         _Nonnull 
C/C++: D:/Foundation-SM64/Android/app/.cxx/Debug/592n6c1o/arm64-v8a/_deps/vulkanmemoryallocator-src/include/vk_mem_alloc.h:16034:24: warning: pointer is missing a nullability type specifier (_Nonnull, _Nullable, or _Null_unspecified) [-Wnullability-completeness]
C/C++:  16034 |     const VmaAllocation* allocations,
C/C++:        |                        ^
C/C++: D:/Foundation-SM64/Android/app/.cxx/Debug/592n6c1o/arm64-v8a/_deps/vulkanmemoryallocator-src/include/vk_mem_alloc.h:16034:24: note: insert '_Nullable' if the pointer may be null
C/C++:  16034 |     const VmaAllocation* allocations,
C/C++:        |                        ^
C/C++:        |                          _Nullable
C/C++: D:/Foundation-SM64/Android/app/.cxx/Debug/592n6c1o/arm64-v8a/_deps/vulkanmemoryallocator-src/include/vk_mem_alloc.h:16034:24: note: insert '_Nonnull' if the pointer should never be null
C/C++:  16034 |     const VmaAllocation* allocations,
C/C++:        |                        ^
C/C++:        |                          _Nonnull
C/C++: D:/Foundation-SM64/Android/app/.cxx/Debug/592n6c1o/arm64-v8a/_deps/vulkanmemoryallocator-src/include/vk_mem_alloc.h:16035:23: warning: pointer is missing a nullability type specifier (_Nonnull, _Nullable, or _Null_unspecified) [-Wnullability-completeness]
C/C++:  16035 |     const VkDeviceSize* offsets,
C/C++:        |                       ^
C/C++: D:/Foundation-SM64/Android/app/.cxx/Debug/592n6c1o/arm64-v8a/_deps/vulkanmemoryallocator-src/include/vk_mem_alloc.h:16035:23: note: insert '_Nullable' if the pointer may be null
C/C++:  16035 |     const VkDeviceSize* offsets,
C/C++:        |                       ^
C/C++:        |                         _Nullable
C/C++: D:/Foundation-SM64/Android/app/.cxx/Debug/592n6c1o/arm64-v8a/_deps/vulkanmemoryallocator-src/include/vk_mem_alloc.h:16035:23: note: insert '_Nonnull' if the pointer should never be null
C/C++:  16035 |     const VkDeviceSize* offsets,
C/C++:        |                       ^
C/C++:        |                         _Nonnull
C/C++: D:/Foundation-SM64/Android/app/.cxx/Debug/592n6c1o/arm64-v8a/_deps/vulkanmemoryallocator-src/include/vk_mem_alloc.h:16036:23: warning: pointer is missing a nullability type specifier (_Nonnull, _Nullable, or _Null_unspecified) [-Wnullability-completeness]
C/C++:  16036 |     const VkDeviceSize* sizes)
C/C++:        |                       ^
C/C++: D:/Foundation-SM64/Android/app/.cxx/Debug/592n6c1o/arm64-v8a/_deps/vulkanmemoryallocator-src/include/vk_mem_alloc.h:16036:23: note: insert '_Nullable' if the pointer may be null
C/C++:  16036 |     const VkDeviceSize* sizes)
C/C++:        |                       ^
C/C++:        |                         _Nullable
C/C++: D:/Foundation-SM64/Android/app/.cxx/Debug/592n6c1o/arm64-v8a/_deps/vulkanmemoryallocator-src/include/vk_mem_alloc.h:16036:23: note: insert '_Nonnull' if the pointer should never be null
C/C++:  16036 |     const VkDeviceSize* sizes)
C/C++:        |                       ^
C/C++:        |                         _Nonnull
C/C++: D:/Foundation-SM64/Android/app/.cxx/Debug/592n6c1o/arm64-v8a/_deps/vulkanmemoryallocator-src/include/vk_mem_alloc.h:16055:5: warning: pointer is missing a nullability type specifier (_Nonnull, _Nullable, or _Null_unspecified) [-Wnullability-completeness]
C/C++:  16055 |     VmaAllocator allocator,
C/C++:        |     ^
C/C++: D:/Foundation-SM64/Android/app/.cxx/Debug/592n6c1o/arm64-v8a/_deps/vulkanmemoryallocator-src/include/vk_mem_alloc.h:16055:5: note: insert '_Nullable' if the pointer may be null
C/C++:  16055 |     VmaAllocator allocator,
C/C++:        |     ^
C/C++:        |                  _Nullable
C/C++: D:/Foundation-SM64/Android/app/.cxx/Debug/592n6c1o/arm64-v8a/_deps/vulkanmemoryallocator-src/include/vk_mem_alloc.h:16055:5: note: insert '_Nonnull' if the pointer should never be null
C/C++:  16055 |     VmaAllocator allocator,
C/C++:        |     ^
C/C++:        |                  _Nonnull
C/C++: D:/Foundation-SM64/Android/app/.cxx/Debug/592n6c1o/arm64-v8a/_deps/vulkanmemoryallocator-src/include/vk_mem_alloc.h:16057:11: warning: pointer is missing a nullability type specifier (_Nonnull, _Nullable, or _Null_unspecified) [-Wnullability-completeness]
C/C++:  16057 |     const VmaAllocation* allocations,
C/C++:        |           ^
C/C++: D:/Foundation-SM64/Android/app/.cxx/Debug/592n6c1o/arm64-v8a/_deps/vulkanmemoryallocator-src/include/vk_mem_alloc.h:16057:11: note: insert '_Nullable' if the pointer may be null
C/C++:  16057 |     const VmaAllocation* allocations,
C/C++:        |           ^            
C/C++:        |                         _Nullable 
C/C++: D:/Foundation-SM64/Android/app/.cxx/Debug/592n6c1o/arm64-v8a/_deps/vulkanmemoryallocator-src/include/vk_mem_alloc.h:16057:11: note: insert '_Nonnull' if the pointer should never be null
C/C++:  16057 |     const VmaAllocation* allocations,
C/C++:        |           ^            
C/C++:        |                         _Nonnull 
C/C++: D:/Foundation-SM64/Android/app/.cxx/Debug/592n6c1o/arm64-v8a/_deps/vulkanmemoryallocator-src/include/vk_mem_alloc.h:16057:24: warning: pointer is missing a nullability type specifier (_Nonnull, _Nullable, or _Null_unspecified) [-Wnullability-completeness]
C/C++:  16057 |     const VmaAllocation* allocations,
C/C++:        |                        ^
C/C++: D:/Foundation-SM64/Android/app/.cxx/Debug/592n6c1o/arm64-v8a/_deps/vulkanmemoryallocator-src/include/vk_mem_alloc.h:16057:24: note: insert '_Nullable' if the pointer may be null
C/C++:  16057 |     const VmaAllocation* allocations,
C/C++:        |                        ^
C/C++:        |                          _Nullable
C/C++: D:/Foundation-SM64/Android/app/.cxx/Debug/592n6c1o/arm64-v8a/_deps/vulkanmemoryallocator-src/include/vk_mem_alloc.h:16057:24: note: insert '_Nonnull' if the pointer should never be null
C/C++:  16057 |     const VmaAllocation* allocations,
C/C++:        |                        ^
C/C++:        |                          _Nonnull
C/C++: D:/Foundation-SM64/Android/app/.cxx/Debug/592n6c1o/arm64-v8a/_deps/vulkanmemoryallocator-src/include/vk_mem_alloc.h:16058:23: warning: pointer is missing a nullability type specifier (_Nonnull, _Nullable, or _Null_unspecified) [-Wnullability-completeness]
C/C++:  16058 |     const VkDeviceSize* offsets,
C/C++:        |                       ^
C/C++: D:/Foundation-SM64/Android/app/.cxx/Debug/592n6c1o/arm64-v8a/_deps/vulkanmemoryallocator-src/include/vk_mem_alloc.h:16058:23: note: insert '_Nullable' if the pointer may be null
C/C++:  16058 |     const VkDeviceSize* offsets,
C/C++:        |                       ^
C/C++:        |                         _Nullable
C/C++: D:/Foundation-SM64/Android/app/.cxx/Debug/592n6c1o/arm64-v8a/_deps/vulkanmemoryallocator-src/include/vk_mem_alloc.h:16058:23: note: insert '_Nonnull' if the pointer should never be null
C/C++:  16058 |     const VkDeviceSize* offsets,
C/C++:        |                       ^
C/C++:        |                         _Nonnull
C/C++: D:/Foundation-SM64/Android/app/.cxx/Debug/592n6c1o/arm64-v8a/_deps/vulkanmemoryallocator-src/include/vk_mem_alloc.h:16059:23: warning: pointer is missing a nullability type specifier (_Nonnull, _Nullable, or _Null_unspecified) [-Wnullability-completeness]
C/C++:  16059 |     const VkDeviceSize* sizes)
C/C++:        |                       ^
C/C++: D:/Foundation-SM64/Android/app/.cxx/Debug/592n6c1o/arm64-v8a/_deps/vulkanmemoryallocator-src/include/vk_mem_alloc.h:16059:23: note: insert '_Nullable' if the pointer may be null
C/C++:  16059 |     const VkDeviceSize* sizes)
C/C++:        |                       ^
C/C++:        |                         _Nullable
C/C++: D:/Foundation-SM64/Android/app/.cxx/Debug/592n6c1o/arm64-v8a/_deps/vulkanmemoryallocator-src/include/vk_mem_alloc.h:16059:23: note: insert '_Nonnull' if the pointer should never be null
C/C++:  16059 |     const VkDeviceSize* sizes)
C/C++:        |                       ^
C/C++:        |                         _Nonnull
C/C++: D:/Foundation-SM64/Android/app/.cxx/Debug/592n6c1o/arm64-v8a/_deps/vulkanmemoryallocator-src/include/vk_mem_alloc.h:16078:5: warning: pointer is missing a nullability type specifier (_Nonnull, _Nullable, or _Null_unspecified) [-Wnullability-completeness]
C/C++:  16078 |     VmaAllocator allocator,
C/C++:        |     ^
C/C++: D:/Foundation-SM64/Android/app/.cxx/Debug/592n6c1o/arm64-v8a/_deps/vulkanmemoryallocator-src/include/vk_mem_alloc.h:16078:5: note: insert '_Nullable' if the pointer may be null
C/C++:  16078 |     VmaAllocator allocator,
C/C++:        |     ^
C/C++:        |                  _Nullable
C/C++: D:/Foundation-SM64/Android/app/.cxx/Debug/592n6c1o/arm64-v8a/_deps/vulkanmemoryallocator-src/include/vk_mem_alloc.h:16078:5: note: insert '_Nonnull' if the pointer should never be null
C/C++:  16078 |     VmaAllocator allocator,
C/C++:        |     ^
C/C++:        |                  _Nonnull
C/C++: D:/Foundation-SM64/Android/app/.cxx/Debug/592n6c1o/arm64-v8a/_deps/vulkanmemoryallocator-src/include/vk_mem_alloc.h:16079:15: warning: pointer is missing a nullability type specifier (_Nonnull, _Nullable, or _Null_unspecified) [-Wnullability-completeness]
C/C++:  16079 |     const void* pSrcHostPointer,
C/C++:        |               ^
C/C++: D:/Foundation-SM64/Android/app/.cxx/Debug/592n6c1o/arm64-v8a/_deps/vulkanmemoryallocator-src/include/vk_mem_alloc.h:16079:15: note: insert '_Nullable' if the pointer may be null
C/C++:  16079 |     const void* pSrcHostPointer,
C/C++:        |               ^
C/C++:        |                 _Nullable
C/C++: D:/Foundation-SM64/Android/app/.cxx/Debug/592n6c1o/arm64-v8a/_deps/vulkanmemoryallocator-src/include/vk_mem_alloc.h:16079:15: note: insert '_Nonnull' if the pointer should never be null
C/C++:  16079 |     const void* pSrcHostPointer,
C/C++:        |               ^
C/C++:        |                 _Nonnull
C/C++: D:/Foundation-SM64/Android/app/.cxx/Debug/592n6c1o/arm64-v8a/_deps/vulkanmemoryallocator-src/include/vk_mem_alloc.h:16080:5: warning: pointer is missing a nullability type specifier (_Nonnull, _Nullable, or _Null_unspecified) [-Wnullability-completeness]
C/C++:  16080 |     VmaAllocation dstAllocation,
C/C++:        |     ^
C/C++: D:/Foundation-SM64/Android/app/.cxx/Debug/592n6c1o/arm64-v8a/_deps/vulkanmemoryallocator-src/include/vk_mem_alloc.h:16080:5: note: insert '_Nullable' if the pointer may be null
C/C++:  16080 |     VmaAllocation dstAllocation,
C/C++:        |     ^
C/C++:        |                   _Nullable
C/C++: D:/Foundation-SM64/Android/app/.cxx/Debug/592n6c1o/arm64-v8a/_deps/vulkanmemoryallocator-src/include/vk_mem_alloc.h:16080:5: note: insert '_Nonnull' if the pointer should never be null
C/C++:  16080 |     VmaAllocation dstAllocation,
C/C++:        |     ^
C/C++:        |                   _Nonnull
C/C++: D:/Foundation-SM64/Android/app/.cxx/Debug/592n6c1o/arm64-v8a/_deps/vulkanmemoryallocator-src/include/vk_mem_alloc.h:16099:5: warning: pointer is missing a nullability type specifier (_Nonnull, _Nullable, or _Null_unspecified) [-Wnullability-completeness]
C/C++:  16099 |     VmaAllocator allocator,
C/C++:        |     ^
C/C++: D:/Foundation-SM64/Android/app/.cxx/Debug/592n6c1o/arm64-v8a/_deps/vulkanmemoryallocator-src/include/vk_mem_alloc.h:16099:5: note: insert '_Nullable' if the pointer may be null
C/C++:  16099 |     VmaAllocator allocator,
C/C++:        |     ^
C/C++:        |                  _Nullable
C/C++: D:/Foundation-SM64/Android/app/.cxx/Debug/592n6c1o/arm64-v8a/_deps/vulkanmemoryallocator-src/include/vk_mem_alloc.h:16099:5: note: insert '_Nonnull' if the pointer should never be null
C/C++:  16099 |     VmaAllocator allocator,
C/C++:        |     ^
C/C++:        |                  _Nonnull
C/C++: D:/Foundation-SM64/Android/app/.cxx/Debug/592n6c1o/arm64-v8a/_deps/vulkanmemoryallocator-src/include/vk_mem_alloc.h:16100:5: warning: pointer is missing a nullability type specifier (_Nonnull, _Nullable, or _Null_unspecified) [-Wnullability-completeness]
C/C++:  16100 |     VmaAllocation srcAllocation,
C/C++:        |     ^
C/C++: D:/Foundation-SM64/Android/app/.cxx/Debug/592n6c1o/arm64-v8a/_deps/vulkanmemoryallocator-src/include/vk_mem_alloc.h:16100:5: note: insert '_Nullable' if the pointer may be null
C/C++:  16100 |     VmaAllocation srcAllocation,
C/C++:        |     ^
C/C++:        |                   _Nullable
C/C++: D:/Foundation-SM64/Android/app/.cxx/Debug/592n6c1o/arm64-v8a/_deps/vulkanmemoryallocator-src/include/vk_mem_alloc.h:16100:5: note: insert '_Nonnull' if the pointer should never be null
C/C++:  16100 |     VmaAllocation srcAllocation,
C/C++:        |     ^
C/C++:        |                   _Nonnull
C/C++: D:/Foundation-SM64/Android/app/.cxx/Debug/592n6c1o/arm64-v8a/_deps/vulkanmemoryallocator-src/include/vk_mem_alloc.h:16102:9: warning: pointer is missing a nullability type specifier (_Nonnull, _Nullable, or _Null_unspecified) [-Wnullability-completeness]
C/C++:  16102 |     void* pDstHostPointer,
C/C++:        |         ^
C/C++: D:/Foundation-SM64/Android/app/.cxx/Debug/592n6c1o/arm64-v8a/_deps/vulkanmemoryallocator-src/include/vk_mem_alloc.h:16102:9: note: insert '_Nullable' if the pointer may be null
C/C++:  16102 |     void* pDstHostPointer,
C/C++:        |         ^
C/C++:        |           _Nullable
C/C++: D:/Foundation-SM64/Android/app/.cxx/Debug/592n6c1o/arm64-v8a/_deps/vulkanmemoryallocator-src/include/vk_mem_alloc.h:16102:9: note: insert '_Nonnull' if the pointer should never be null
C/C++:  16102 |     void* pDstHostPointer,
C/C++:        |         ^
C/C++:        |           _Nonnull
C/C++: D:/Foundation-SM64/Android/app/.cxx/Debug/592n6c1o/arm64-v8a/_deps/vulkanmemoryallocator-src/include/vk_mem_alloc.h:16120:5: warning: pointer is missing a nullability type specifier (_Nonnull, _Nullable, or _Null_unspecified) [-Wnullability-completeness]
C/C++:  16120 |     VmaAllocator allocator,
C/C++:        |     ^
C/C++: D:/Foundation-SM64/Android/app/.cxx/Debug/592n6c1o/arm64-v8a/_deps/vulkanmemoryallocator-src/include/vk_mem_alloc.h:16120:5: note: insert '_Nullable' if the pointer may be null
C/C++:  16120 |     VmaAllocator allocator,
C/C++:        |     ^
C/C++:        |                  _Nullable
C/C++: D:/Foundation-SM64/Android/app/.cxx/Debug/592n6c1o/arm64-v8a/_deps/vulkanmemoryallocator-src/include/vk_mem_alloc.h:16120:5: note: insert '_Nonnull' if the pointer should never be null
C/C++:  16120 |     VmaAllocator allocator,
C/C++:        |     ^
C/C++:        |                  _Nonnull
C/C++: D:/Foundation-SM64/Android/app/.cxx/Debug/592n6c1o/arm64-v8a/_deps/vulkanmemoryallocator-src/include/vk_mem_alloc.h:16133:5: warning: pointer is missing a nullability type specifier (_Nonnull, _Nullable, or _Null_unspecified) [-Wnullability-completeness]
C/C++:  16133 |     VmaAllocator allocator,
C/C++:        |     ^
C/C++: D:/Foundation-SM64/Android/app/.cxx/Debug/592n6c1o/arm64-v8a/_deps/vulkanmemoryallocator-src/include/vk_mem_alloc.h:16133:5: note: insert '_Nullable' if the pointer may be null
C/C++:  16133 |     VmaAllocator allocator,
C/C++:        |     ^
C/C++:        |                  _Nullable
C/C++: D:/Foundation-SM64/Android/app/.cxx/Debug/592n6c1o/arm64-v8a/_deps/vulkanmemoryallocator-src/include/vk_mem_alloc.h:16133:5: note: insert '_Nonnull' if the pointer should never be null
C/C++:  16133 |     VmaAllocator allocator,
C/C++:        |     ^
C/C++:        |                  _Nonnull
C/C++: D:/Foundation-SM64/Android/app/.cxx/Debug/592n6c1o/arm64-v8a/_deps/vulkanmemoryallocator-src/include/vk_mem_alloc.h:16134:33: warning: pointer is missing a nullability type specifier (_Nonnull, _Nullable, or _Null_unspecified) [-Wnullability-completeness]
C/C++:  16134 |     const VmaDefragmentationInfo* pInfo,
C/C++:        |                                 ^
C/C++: D:/Foundation-SM64/Android/app/.cxx/Debug/592n6c1o/arm64-v8a/_deps/vulkanmemoryallocator-src/include/vk_mem_alloc.h:16134:33: note: insert '_Nullable' if the pointer may be null
C/C++:  16134 |     const VmaDefragmentationInfo* pInfo,
C/C++:        |                                 ^
C/C++:        |                                   _Nullable
C/C++: D:/Foundation-SM64/Android/app/.cxx/Debug/592n6c1o/arm64-v8a/_deps/vulkanmemoryallocator-src/include/vk_mem_alloc.h:16134:33: note: insert '_Nonnull' if the pointer should never be null
C/C++:  16134 |     const VmaDefragmentationInfo* pInfo,
C/C++:        |                                 ^
C/C++:        |                                   _Nonnull
C/C++: D:/Foundation-SM64/Android/app/.cxx/Debug/592n6c1o/arm64-v8a/_deps/vulkanmemoryallocator-src/include/vk_mem_alloc.h:16135:5: warning: pointer is missing a nullability type specifier (_Nonnull, _Nullable, or _Null_unspecified) [-Wnullability-completeness]
C/C++:  16135 |     VmaDefragmentationContext* pContext)
C/C++:        |     ^
C/C++: D:/Foundation-SM64/Android/app/.cxx/Debug/592n6c1o/arm64-v8a/_deps/vulkanmemoryallocator-src/include/vk_mem_alloc.h:16135:5: note: insert '_Nullable' if the pointer may be null
C/C++:  16135 |     VmaDefragmentationContext* pContext)
C/C++:        |     ^                        
C/C++:        |                               _Nullable 
C/C++: D:/Foundation-SM64/Android/app/.cxx/Debug/592n6c1o/arm64-v8a/_deps/vulkanmemoryallocator-src/include/vk_mem_alloc.h:16135:5: note: insert '_Nonnull' if the pointer should never be null
C/C++:  16135 |     VmaDefragmentationContext* pContext)
C/C++:        |     ^                        
C/C++:        |                               _Nonnull 
C/C++: D:/Foundation-SM64/Android/app/.cxx/Debug/592n6c1o/arm64-v8a/_deps/vulkanmemoryallocator-src/include/vk_mem_alloc.h:16135:30: warning: pointer is missing a nullability type specifier (_Nonnull, _Nullable, or _Null_unspecified) [-Wnullability-completeness]
C/C++:  16135 |     VmaDefragmentationContext* pContext)
C/C++:        |                              ^
C/C++: D:/Foundation-SM64/Android/app/.cxx/Debug/592n6c1o/arm64-v8a/_deps/vulkanmemoryallocator-src/include/vk_mem_alloc.h:16135:30: note: insert '_Nullable' if the pointer may be null
C/C++:  16135 |     VmaDefragmentationContext* pContext)
C/C++:        |                              ^
C/C++:        |                                _Nullable
C/C++: D:/Foundation-SM64/Android/app/.cxx/Debug/592n6c1o/arm64-v8a/_deps/vulkanmemoryallocator-src/include/vk_mem_alloc.h:16135:30: note: insert '_Nonnull' if the pointer should never be null
C/C++:  16135 |     VmaDefragmentationContext* pContext)
C/C++:        |                              ^
C/C++:        |                                _Nonnull
C/C++: D:/Foundation-SM64/Android/app/.cxx/Debug/592n6c1o/arm64-v8a/_deps/vulkanmemoryallocator-src/include/vk_mem_alloc.h:16155:5: warning: pointer is missing a nullability type specifier (_Nonnull, _Nullable, or _Null_unspecified) [-Wnullability-completeness]
C/C++:  16155 |     VmaAllocator allocator,
C/C++:        |     ^
C/C++: D:/Foundation-SM64/Android/app/.cxx/Debug/592n6c1o/arm64-v8a/_deps/vulkanmemoryallocator-src/include/vk_mem_alloc.h:16155:5: note: insert '_Nullable' if the pointer may be null
C/C++:  16155 |     VmaAllocator allocator,
C/C++:        |     ^
C/C++:        |                  _Nullable
C/C++: D:/Foundation-SM64/Android/app/.cxx/Debug/592n6c1o/arm64-v8a/_deps/vulkanmemoryallocator-src/include/vk_mem_alloc.h:16155:5: note: insert '_Nonnull' if the pointer should never be null
C/C++:  16155 |     VmaAllocator allocator,
C/C++:        |     ^
C/C++:        |                  _Nonnull
C/C++: D:/Foundation-SM64/Android/app/.cxx/Debug/592n6c1o/arm64-v8a/_deps/vulkanmemoryallocator-src/include/vk_mem_alloc.h:16156:5: warning: pointer is missing a nullability type specifier (_Nonnull, _Nullable, or _Null_unspecified) [-Wnullability-completeness]
C/C++:  16156 |     VmaDefragmentationContext context,
C/C++:        |     ^
C/C++: D:/Foundation-SM64/Android/app/.cxx/Debug/592n6c1o/arm64-v8a/_deps/vulkanmemoryallocator-src/include/vk_mem_alloc.h:16156:5: note: insert '_Nullable' if the pointer may be null
C/C++:  16156 |     VmaDefragmentationContext context,
C/C++:        |     ^
C/C++:        |                               _Nullable
C/C++: D:/Foundation-SM64/Android/app/.cxx/Debug/592n6c1o/arm64-v8a/_deps/vulkanmemoryallocator-src/include/vk_mem_alloc.h:16156:5: note: insert '_Nonnull' if the pointer should never be null
C/C++:  16156 |     VmaDefragmentationContext context,
C/C++:        |     ^
C/C++:        |                               _Nonnull
C/C++: D:/Foundation-SM64/Android/app/.cxx/Debug/592n6c1o/arm64-v8a/_deps/vulkanmemoryallocator-src/include/vk_mem_alloc.h:16157:28: warning: pointer is missing a nullability type specifier (_Nonnull, _Nullable, or _Null_unspecified) [-Wnullability-completeness]
C/C++:  16157 |     VmaDefragmentationStats* pStats)
C/C++:        |                            ^
C/C++: D:/Foundation-SM64/Android/app/.cxx/Debug/592n6c1o/arm64-v8a/_deps/vulkanmemoryallocator-src/include/vk_mem_alloc.h:16157:28: note: insert '_Nullable' if the pointer may be null
C/C++:  16157 |     VmaDefragmentationStats* pStats)
C/C++:        |                            ^
C/C++:        |                              _Nullable
C/C++: D:/Foundation-SM64/Android/app/.cxx/Debug/592n6c1o/arm64-v8a/_deps/vulkanmemoryallocator-src/include/vk_mem_alloc.h:16157:28: note: insert '_Nonnull' if the pointer should never be null
C/C++:  16157 |     VmaDefragmentationStats* pStats)
C/C++:        |                            ^
C/C++:        |                              _Nonnull
C/C++: D:/Foundation-SM64/Android/app/.cxx/Debug/592n6c1o/arm64-v8a/_deps/vulkanmemoryallocator-src/include/vk_mem_alloc.h:16199:5: warning: pointer is missing a nullability type specifier (_Nonnull, _Nullable, or _Null_unspecified) [-Wnullability-completeness]
C/C++:  16199 |     VmaAllocator allocator,
C/C++:        |     ^
C/C++: D:/Foundation-SM64/Android/app/.cxx/Debug/592n6c1o/arm64-v8a/_deps/vulkanmemoryallocator-src/include/vk_mem_alloc.h:16199:5: note: insert '_Nullable' if the pointer may be null
C/C++:  16199 |     VmaAllocator allocator,
C/C++:        |     ^
C/C++:        |                  _Nullable
C/C++: D:/Foundation-SM64/Android/app/.cxx/Debug/592n6c1o/arm64-v8a/_deps/vulkanmemoryallocator-src/include/vk_mem_alloc.h:16199:5: note: insert '_Nonnull' if the pointer should never be null
C/C++:  16199 |     VmaAllocator allocator,
C/C++:        |     ^
C/C++:        |                  _Nonnull
C/C++: D:/Foundation-SM64/Android/app/.cxx/Debug/592n6c1o/arm64-v8a/_deps/vulkanmemoryallocator-src/include/vk_mem_alloc.h:16200:5: warning: pointer is missing a nullability type specifier (_Nonnull, _Nullable, or _Null_unspecified) [-Wnullability-completeness]
C/C++:  16200 |     VmaAllocation allocation,
C/C++:        |     ^
C/C++: D:/Foundation-SM64/Android/app/.cxx/Debug/592n6c1o/arm64-v8a/_deps/vulkanmemoryallocator-src/include/vk_mem_alloc.h:16200:5: note: insert '_Nullable' if the pointer may be null
C/C++:  16200 |     VmaAllocation allocation,
C/C++:        |     ^
C/C++:        |                   _Nullable
C/C++: D:/Foundation-SM64/Android/app/.cxx/Debug/592n6c1o/arm64-v8a/_deps/vulkanmemoryallocator-src/include/vk_mem_alloc.h:16200:5: note: insert '_Nonnull' if the pointer should never be null
C/C++:  16200 |     VmaAllocation allocation,
C/C++:        |     ^
C/C++:        |                   _Nonnull
C/C++: D:/Foundation-SM64/Android/app/.cxx/Debug/592n6c1o/arm64-v8a/_deps/vulkanmemoryallocator-src/include/vk_mem_alloc.h:16201:5: warning: pointer is missing a nullability type specifier (_Nonnull, _Nullable, or _Null_unspecified) [-Wnullability-completeness]
C/C++:  16201 |     VkBuffer buffer)
C/C++:        |     ^
C/C++: D:/Foundation-SM64/Android/app/.cxx/Debug/592n6c1o/arm64-v8a/_deps/vulkanmemoryallocator-src/include/vk_mem_alloc.h:16201:5: note: insert '_Nullable' if the pointer may be null
C/C++:  16201 |     VkBuffer buffer)
C/C++:        |     ^
C/C++:        |              _Nullable
C/C++: D:/Foundation-SM64/Android/app/.cxx/Debug/592n6c1o/arm64-v8a/_deps/vulkanmemoryallocator-src/include/vk_mem_alloc.h:16201:5: note: insert '_Nonnull' if the pointer should never be null
C/C++:  16201 |     VkBuffer buffer)
C/C++:        |     ^
C/C++:        |              _Nonnull
C/C++: D:/Foundation-SM64/Android/app/.cxx/Debug/592n6c1o/arm64-v8a/_deps/vulkanmemoryallocator-src/include/vk_mem_alloc.h:16213:5: warning: pointer is missing a nullability type specifier (_Nonnull, _Nullable, or _Null_unspecified) [-Wnullability-completeness]
C/C++:  16213 |     VmaAllocator allocator,
C/C++:        |     ^
C/C++: D:/Foundation-SM64/Android/app/.cxx/Debug/592n6c1o/arm64-v8a/_deps/vulkanmemoryallocator-src/include/vk_mem_alloc.h:16213:5: note: insert '_Nullable' if the pointer may be null
C/C++:  16213 |     VmaAllocator allocator,
C/C++:        |     ^
C/C++:        |                  _Nullable
C/C++: D:/Foundation-SM64/Android/app/.cxx/Debug/592n6c1o/arm64-v8a/_deps/vulkanmemoryallocator-src/include/vk_mem_alloc.h:16213:5: note: insert '_Nonnull' if the pointer should never be null
C/C++:  16213 |     VmaAllocator allocator,
C/C++:        |     ^
C/C++:        |                  _Nonnull
C/C++: D:/Foundation-SM64/Android/app/.cxx/Debug/592n6c1o/arm64-v8a/_deps/vulkanmemoryallocator-src/include/vk_mem_alloc.h:16214:5: warning: pointer is missing a nullability type specifier (_Nonnull, _Nullable, or _Null_unspecified) [-Wnullability-completeness]
C/C++:  16214 |     VmaAllocation allocation,
C/C++:        |     ^
C/C++: D:/Foundation-SM64/Android/app/.cxx/Debug/592n6c1o/arm64-v8a/_deps/vulkanmemoryallocator-src/include/vk_mem_alloc.h:16214:5: note: insert '_Nullable' if the pointer may be null
C/C++:  16214 |     VmaAllocation allocation,
C/C++:        |     ^
C/C++:        |                   _Nullable
C/C++: D:/Foundation-SM64/Android/app/.cxx/Debug/592n6c1o/arm64-v8a/_deps/vulkanmemoryallocator-src/include/vk_mem_alloc.h:16214:5: note: insert '_Nonnull' if the pointer should never be null
C/C++:  16214 |     VmaAllocation allocation,
C/C++:        |     ^
C/C++:        |                   _Nonnull
C/C++: D:/Foundation-SM64/Android/app/.cxx/Debug/592n6c1o/arm64-v8a/_deps/vulkanmemoryallocator-src/include/vk_mem_alloc.h:16216:5: warning: pointer is missing a nullability type specifier (_Nonnull, _Nullable, or _Null_unspecified) [-Wnullability-completeness]
C/C++:  16216 |     VkBuffer buffer,
C/C++:        |     ^
C/C++: D:/Foundation-SM64/Android/app/.cxx/Debug/592n6c1o/arm64-v8a/_deps/vulkanmemoryallocator-src/include/vk_mem_alloc.h:16216:5: note: insert '_Nullable' if the pointer may be null
C/C++:  16216 |     VkBuffer buffer,
C/C++:        |     ^
C/C++:        |              _Nullable
C/C++: D:/Foundation-SM64/Android/app/.cxx/Debug/592n6c1o/arm64-v8a/_deps/vulkanmemoryallocator-src/include/vk_mem_alloc.h:16216:5: note: insert '_Nonnull' if the pointer should never be null
C/C++:  16216 |     VkBuffer buffer,
C/C++:        |     ^
C/C++:        |              _Nonnull
C/C++: D:/Foundation-SM64/Android/app/.cxx/Debug/592n6c1o/arm64-v8a/_deps/vulkanmemoryallocator-src/include/vk_mem_alloc.h:16217:15: warning: pointer is missing a nullability type specifier (_Nonnull, _Nullable, or _Null_unspecified) [-Wnullability-completeness]
C/C++:  16217 |     const void* pNext)
C/C++:        |               ^
C/C++: D:/Foundation-SM64/Android/app/.cxx/Debug/592n6c1o/arm64-v8a/_deps/vulkanmemoryallocator-src/include/vk_mem_alloc.h:16217:15: note: insert '_Nullable' if the pointer may be null
C/C++:  16217 |     const void* pNext)
C/C++:        |               ^
C/C++:        |                 _Nullable
C/C++: D:/Foundation-SM64/Android/app/.cxx/Debug/592n6c1o/arm64-v8a/_deps/vulkanmemoryallocator-src/include/vk_mem_alloc.h:16217:15: note: insert '_Nonnull' if the pointer should never be null
C/C++:  16217 |     const void* pNext)
C/C++:        |               ^
C/C++:        |                 _Nonnull
C/C++: D:/Foundation-SM64/Android/app/.cxx/Debug/592n6c1o/arm64-v8a/_deps/vulkanmemoryallocator-src/include/vk_mem_alloc.h:16229:5: warning: pointer is missing a nullability type specifier (_Nonnull, _Nullable, or _Null_unspecified) [-Wnullability-completeness]
C/C++:  16229 |     VmaAllocator allocator,
C/C++:        |     ^
C/C++: D:/Foundation-SM64/Android/app/.cxx/Debug/592n6c1o/arm64-v8a/_deps/vulkanmemoryallocator-src/include/vk_mem_alloc.h:16229:5: note: insert '_Nullable' if the pointer may be null
C/C++:  16229 |     VmaAllocator allocator,
C/C++:        |     ^
C/C++:        |                  _Nullable
C/C++: D:/Foundation-SM64/Android/app/.cxx/Debug/592n6c1o/arm64-v8a/_deps/vulkanmemoryallocator-src/include/vk_mem_alloc.h:16229:5: note: insert '_Nonnull' if the pointer should never be null
C/C++:  16229 |     VmaAllocator allocator,
C/C++:        |     ^
C/C++:        |                  _Nonnull
C/C++: D:/Foundation-SM64/Android/app/.cxx/Debug/592n6c1o/arm64-v8a/_deps/vulkanmemoryallocator-src/include/vk_mem_alloc.h:16230:5: warning: pointer is missing a nullability type specifier (_Nonnull, _Nullable, or _Null_unspecified) [-Wnullability-completeness]
C/C++:  16230 |     VmaAllocation allocation,
C/C++:        |     ^
C/C++: D:/Foundation-SM64/Android/app/.cxx/Debug/592n6c1o/arm64-v8a/_deps/vulkanmemoryallocator-src/include/vk_mem_alloc.h:16230:5: note: insert '_Nullable' if the pointer may be null
C/C++:  16230 |     VmaAllocation allocation,
C/C++:        |     ^
C/C++:        |                   _Nullable
C/C++: D:/Foundation-SM64/Android/app/.cxx/Debug/592n6c1o/arm64-v8a/_deps/vulkanmemoryallocator-src/include/vk_mem_alloc.h:16230:5: note: insert '_Nonnull' if the pointer should never be null
C/C++:  16230 |     VmaAllocation allocation,
C/C++:        |     ^
C/C++:        |                   _Nonnull
C/C++: D:/Foundation-SM64/Android/app/.cxx/Debug/592n6c1o/arm64-v8a/_deps/vulkanmemoryallocator-src/include/vk_mem_alloc.h:16231:5: warning: pointer is missing a nullability type specifier (_Nonnull, _Nullable, or _Null_unspecified) [-Wnullability-completeness]
C/C++:  16231 |     VkImage image)
C/C++:        |     ^
C/C++: D:/Foundation-SM64/Android/app/.cxx/Debug/592n6c1o/arm64-v8a/_deps/vulkanmemoryallocator-src/include/vk_mem_alloc.h:16231:5: note: insert '_Nullable' if the pointer may be null
C/C++:  16231 |     VkImage image)
C/C++:        |     ^
C/C++:        |             _Nullable
C/C++: D:/Foundation-SM64/Android/app/.cxx/Debug/592n6c1o/arm64-v8a/_deps/vulkanmemoryallocator-src/include/vk_mem_alloc.h:16231:5: note: insert '_Nonnull' if the pointer should never be null
C/C++:  16231 |     VkImage image)
C/C++:        |     ^
C/C++:        |             _Nonnull
C/C++: D:/Foundation-SM64/Android/app/.cxx/Debug/592n6c1o/arm64-v8a/_deps/vulkanmemoryallocator-src/include/vk_mem_alloc.h:16243:5: warning: pointer is missing a nullability type specifier (_Nonnull, _Nullable, or _Null_unspecified) [-Wnullability-completeness]
C/C++:  16243 |     VmaAllocator allocator,
C/C++:        |     ^
C/C++: D:/Foundation-SM64/Android/app/.cxx/Debug/592n6c1o/arm64-v8a/_deps/vulkanmemoryallocator-src/include/vk_mem_alloc.h:16243:5: note: insert '_Nullable' if the pointer may be null
C/C++:  16243 |     VmaAllocator allocator,
C/C++:        |     ^
C/C++:        |                  _Nullable
C/C++: D:/Foundation-SM64/Android/app/.cxx/Debug/592n6c1o/arm64-v8a/_deps/vulkanmemoryallocator-src/include/vk_mem_alloc.h:16243:5: note: insert '_Nonnull' if the pointer should never be null
C/C++:  16243 |     VmaAllocator allocator,
C/C++:        |     ^
C/C++:        |                  _Nonnull
C/C++: D:/Foundation-SM64/Android/app/.cxx/Debug/592n6c1o/arm64-v8a/_deps/vulkanmemoryallocator-src/include/vk_mem_alloc.h:16244:5: warning: pointer is missing a nullability type specifier (_Nonnull, _Nullable, or _Null_unspecified) [-Wnullability-completeness]
C/C++:  16244 |     VmaAllocation allocation,
C/C++:        |     ^
C/C++: D:/Foundation-SM64/Android/app/.cxx/Debug/592n6c1o/arm64-v8a/_deps/vulkanmemoryallocator-src/include/vk_mem_alloc.h:16244:5: note: insert '_Nullable' if the pointer may be null
C/C++:  16244 |     VmaAllocation allocation,
C/C++:        |     ^
C/C++:        |                   _Nullable
C/C++: D:/Foundation-SM64/Android/app/.cxx/Debug/592n6c1o/arm64-v8a/_deps/vulkanmemoryallocator-src/include/vk_mem_alloc.h:16244:5: note: insert '_Nonnull' if the pointer should never be null
C/C++:  16244 |     VmaAllocation allocation,
C/C++:        |     ^
C/C++:        |                   _Nonnull
C/C++: D:/Foundation-SM64/Android/app/.cxx/Debug/592n6c1o/arm64-v8a/_deps/vulkanmemoryallocator-src/include/vk_mem_alloc.h:16246:5: warning: pointer is missing a nullability type specifier (_Nonnull, _Nullable, or _Null_unspecified) [-Wnullability-completeness]
C/C++:  16246 |     VkImage image,
C/C++:        |     ^
C/C++: D:/Foundation-SM64/Android/app/.cxx/Debug/592n6c1o/arm64-v8a/_deps/vulkanmemoryallocator-src/include/vk_mem_alloc.h:16246:5: note: insert '_Nullable' if the pointer may be null
C/C++:  16246 |     VkImage image,
C/C++:        |     ^
C/C++:        |             _Nullable
C/C++: D:/Foundation-SM64/Android/app/.cxx/Debug/592n6c1o/arm64-v8a/_deps/vulkanmemoryallocator-src/include/vk_mem_alloc.h:16246:5: note: insert '_Nonnull' if the pointer should never be null
C/C++:  16246 |     VkImage image,
C/C++:        |     ^
C/C++:        |             _Nonnull
C/C++: D:/Foundation-SM64/Android/app/.cxx/Debug/592n6c1o/arm64-v8a/_deps/vulkanmemoryallocator-src/include/vk_mem_alloc.h:16247:15: warning: pointer is missing a nullability type specifier (_Nonnull, _Nullable, or _Null_unspecified) [-Wnullability-completeness]
C/C++:  16247 |     const void* pNext)
C/C++:        |               ^
C/C++: D:/Foundation-SM64/Android/app/.cxx/Debug/592n6c1o/arm64-v8a/_deps/vulkanmemoryallocator-src/include/vk_mem_alloc.h:16247:15: note: insert '_Nullable' if the pointer may be null
C/C++:  16247 |     const void* pNext)
C/C++:        |               ^
C/C++:        |                 _Nullable
C/C++: D:/Foundation-SM64/Android/app/.cxx/Debug/592n6c1o/arm64-v8a/_deps/vulkanmemoryallocator-src/include/vk_mem_alloc.h:16247:15: note: insert '_Nonnull' if the pointer should never be null
C/C++:  16247 |     const void* pNext)
C/C++:        |               ^
C/C++:        |                 _Nonnull
C/C++: D:/Foundation-SM64/Android/app/.cxx/Debug/592n6c1o/arm64-v8a/_deps/vulkanmemoryallocator-src/include/vk_mem_alloc.h:16259:5: warning: pointer is missing a nullability type specifier (_Nonnull, _Nullable, or _Null_unspecified) [-Wnullability-completeness]
C/C++:  16259 |     VmaAllocator allocator,
C/C++:        |     ^
C/C++: D:/Foundation-SM64/Android/app/.cxx/Debug/592n6c1o/arm64-v8a/_deps/vulkanmemoryallocator-src/include/vk_mem_alloc.h:16259:5: note: insert '_Nullable' if the pointer may be null
C/C++:  16259 |     VmaAllocator allocator,
C/C++:        |     ^
C/C++:        |                  _Nullable
C/C++: D:/Foundation-SM64/Android/app/.cxx/Debug/592n6c1o/arm64-v8a/_deps/vulkanmemoryallocator-src/include/vk_mem_alloc.h:16259:5: note: insert '_Nonnull' if the pointer should never be null
C/C++:  16259 |     VmaAllocator allocator,
C/C++:        |     ^
C/C++:        |                  _Nonnull
C/C++: D:/Foundation-SM64/Android/app/.cxx/Debug/592n6c1o/arm64-v8a/_deps/vulkanmemoryallocator-src/include/vk_mem_alloc.h:16260:29: warning: pointer is missing a nullability type specifier (_Nonnull, _Nullable, or _Null_unspecified) [-Wnullability-completeness]
C/C++:  16260 |     const VkBufferCreateInfo* pBufferCreateInfo,
C/C++:        |                             ^
C/C++: D:/Foundation-SM64/Android/app/.cxx/Debug/592n6c1o/arm64-v8a/_deps/vulkanmemoryallocator-src/include/vk_mem_alloc.h:16260:29: note: insert '_Nullable' if the pointer may be null
C/C++:  16260 |     const VkBufferCreateInfo* pBufferCreateInfo,
C/C++:        |                             ^
C/C++:        |                               _Nullable
C/C++: D:/Foundation-SM64/Android/app/.cxx/Debug/592n6c1o/arm64-v8a/_deps/vulkanmemoryallocator-src/include/vk_mem_alloc.h:16260:29: note: insert '_Nonnull' if the pointer should never be null
C/C++:  16260 |     const VkBufferCreateInfo* pBufferCreateInfo,
C/C++:        |                             ^
C/C++:        |                               _Nonnull
C/C++: D:/Foundation-SM64/Android/app/.cxx/Debug/592n6c1o/arm64-v8a/_deps/vulkanmemoryallocator-src/include/vk_mem_alloc.h:16261:34: warning: pointer is missing a nullability type specifier (_Nonnull, _Nullable, or _Null_unspecified) [-Wnullability-completeness]
C/C++:  16261 |     const VmaAllocationCreateInfo* pAllocationCreateInfo,
C/C++:        |                                  ^
C/C++: D:/Foundation-SM64/Android/app/.cxx/Debug/592n6c1o/arm64-v8a/_deps/vulkanmemoryallocator-src/include/vk_mem_alloc.h:16261:34: note: insert '_Nullable' if the pointer may be null
C/C++:  16261 |     const VmaAllocationCreateInfo* pAllocationCreateInfo,
C/C++:        |                                  ^
C/C++:        |                                    _Nullable
C/C++: D:/Foundation-SM64/Android/app/.cxx/Debug/592n6c1o/arm64-v8a/_deps/vulkanmemoryallocator-src/include/vk_mem_alloc.h:16261:34: note: insert '_Nonnull' if the pointer should never be null
C/C++:  16261 |     const VmaAllocationCreateInfo* pAllocationCreateInfo,
C/C++:        |                                  ^
C/C++:        |                                    _Nonnull
C/C++: D:/Foundation-SM64/Android/app/.cxx/Debug/592n6c1o/arm64-v8a/_deps/vulkanmemoryallocator-src/include/vk_mem_alloc.h:16262:5: warning: pointer is missing a nullability type specifier (_Nonnull, _Nullable, or _Null_unspecified) [-Wnullability-completeness]
C/C++:  16262 |     VkBuffer* pBuffer,
C/C++:        |     ^
C/C++: D:/Foundation-SM64/Android/app/.cxx/Debug/592n6c1o/arm64-v8a/_deps/vulkanmemoryallocator-src/include/vk_mem_alloc.h:16262:5: note: insert '_Nullable' if the pointer may be null
C/C++:  16262 |     VkBuffer* pBuffer,
C/C++:        |     ^       
C/C++:        |              _Nullable 
C/C++: D:/Foundation-SM64/Android/app/.cxx/Debug/592n6c1o/arm64-v8a/_deps/vulkanmemoryallocator-src/include/vk_mem_alloc.h:16262:5: note: insert '_Nonnull' if the pointer should never be null
C/C++:  16262 |     VkBuffer* pBuffer,
C/C++:        |     ^       
C/C++:        |              _Nonnull 
C/C++: D:/Foundation-SM64/Android/app/.cxx/Debug/592n6c1o/arm64-v8a/_deps/vulkanmemoryallocator-src/include/vk_mem_alloc.h:16262:13: warning: pointer is missing a nullability type specifier (_Nonnull, _Nullable, or _Null_unspecified) [-Wnullability-completeness]
C/C++:  16262 |     VkBuffer* pBuffer,
C/C++:        |             ^
C/C++: D:/Foundation-SM64/Android/app/.cxx/Debug/592n6c1o/arm64-v8a/_deps/vulkanmemoryallocator-src/include/vk_mem_alloc.h:16262:13: note: insert '_Nullable' if the pointer may be null
C/C++:  16262 |     VkBuffer* pBuffer,
C/C++:        |             ^
C/C++:        |               _Nullable
C/C++: D:/Foundation-SM64/Android/app/.cxx/Debug/592n6c1o/arm64-v8a/_deps/vulkanmemoryallocator-src/include/vk_mem_alloc.h:16262:13: note: insert '_Nonnull' if the pointer should never be null
C/C++:  16262 |     VkBuffer* pBuffer,
C/C++:        |             ^
C/C++:        |               _Nonnull
C/C++: D:/Foundation-SM64/Android/app/.cxx/Debug/592n6c1o/arm64-v8a/_deps/vulkanmemoryallocator-src/include/vk_mem_alloc.h:16263:5: warning: pointer is missing a nullability type specifier (_Nonnull, _Nullable, or _Null_unspecified) [-Wnullability-completeness]
C/C++:  16263 |     VmaAllocation* pAllocation,
C/C++:        |     ^
C/C++: D:/Foundation-SM64/Android/app/.cxx/Debug/592n6c1o/arm64-v8a/_deps/vulkanmemoryallocator-src/include/vk_mem_alloc.h:16263:5: note: insert '_Nullable' if the pointer may be null
C/C++:  16263 |     VmaAllocation* pAllocation,
C/C++:        |     ^            
C/C++:        |                   _Nullable 
C/C++: D:/Foundation-SM64/Android/app/.cxx/Debug/592n6c1o/arm64-v8a/_deps/vulkanmemoryallocator-src/include/vk_mem_alloc.h:16263:5: note: insert '_Nonnull' if the pointer should never be null
C/C++:  16263 |     VmaAllocation* pAllocation,
C/C++:        |     ^            
C/C++:        |                   _Nonnull 
C/C++: D:/Foundation-SM64/Android/app/.cxx/Debug/592n6c1o/arm64-v8a/_deps/vulkanmemoryallocator-src/include/vk_mem_alloc.h:16263:18: warning: pointer is missing a nullability type specifier (_Nonnull, _Nullable, or _Null_unspecified) [-Wnullability-completeness]
C/C++:  16263 |     VmaAllocation* pAllocation,
C/C++:        |                  ^
C/C++: D:/Foundation-SM64/Android/app/.cxx/Debug/592n6c1o/arm64-v8a/_deps/vulkanmemoryallocator-src/include/vk_mem_alloc.h:16263:18: note: insert '_Nullable' if the pointer may be null
C/C++:  16263 |     VmaAllocation* pAllocation,
C/C++:        |                  ^
C/C++:        |                    _Nullable
C/C++: D:/Foundation-SM64/Android/app/.cxx/Debug/592n6c1o/arm64-v8a/_deps/vulkanmemoryallocator-src/include/vk_mem_alloc.h:16263:18: note: insert '_Nonnull' if the pointer should never be null
C/C++:  16263 |     VmaAllocation* pAllocation,
C/C++:        |                  ^
C/C++:        |                    _Nonnull
C/C++: D:/Foundation-SM64/Android/app/.cxx/Debug/592n6c1o/arm64-v8a/_deps/vulkanmemoryallocator-src/include/vk_mem_alloc.h:16264:22: warning: pointer is missing a nullability type specifier (_Nonnull, _Nullable, or _Null_unspecified) [-Wnullability-completeness]
C/C++:  16264 |     VmaAllocationInfo* pAllocationInfo)
C/C++:        |                      ^
C/C++: D:/Foundation-SM64/Android/app/.cxx/Debug/592n6c1o/arm64-v8a/_deps/vulkanmemoryallocator-src/include/vk_mem_alloc.h:16264:22: note: insert '_Nullable' if the pointer may be null
C/C++:  16264 |     VmaAllocationInfo* pAllocationInfo)
C/C++:        |                      ^
C/C++:        |                        _Nullable
C/C++: D:/Foundation-SM64/Android/app/.cxx/Debug/592n6c1o/arm64-v8a/_deps/vulkanmemoryallocator-src/include/vk_mem_alloc.h:16264:22: note: insert '_Nonnull' if the pointer should never be null
C/C++:  16264 |     VmaAllocationInfo* pAllocationInfo)
C/C++:        |                      ^
C/C++:        |                        _Nonnull
C/C++: D:/Foundation-SM64/Android/app/.cxx/Debug/592n6c1o/arm64-v8a/_deps/vulkanmemoryallocator-src/include/vk_mem_alloc.h:16350:5: warning: pointer is missing a nullability type specifier (_Nonnull, _Nullable, or _Null_unspecified) [-Wnullability-completeness]
C/C++:  16350 |     VmaAllocator allocator,
C/C++:        |     ^
C/C++: D:/Foundation-SM64/Android/app/.cxx/Debug/592n6c1o/arm64-v8a/_deps/vulkanmemoryallocator-src/include/vk_mem_alloc.h:16350:5: note: insert '_Nullable' if the pointer may be null
C/C++:  16350 |     VmaAllocator allocator,
C/C++:        |     ^
C/C++:        |                  _Nullable
C/C++: D:/Foundation-SM64/Android/app/.cxx/Debug/592n6c1o/arm64-v8a/_deps/vulkanmemoryallocator-src/include/vk_mem_alloc.h:16350:5: note: insert '_Nonnull' if the pointer should never be null
C/C++:  16350 |     VmaAllocator allocator,
C/C++:        |     ^
C/C++:        |                  _Nonnull
C/C++: D:/Foundation-SM64/Android/app/.cxx/Debug/592n6c1o/arm64-v8a/_deps/vulkanmemoryallocator-src/include/vk_mem_alloc.h:16351:29: warning: pointer is missing a nullability type specifier (_Nonnull, _Nullable, or _Null_unspecified) [-Wnullability-completeness]
C/C++:  16351 |     const VkBufferCreateInfo* pBufferCreateInfo,
C/C++:        |                             ^
C/C++: D:/Foundation-SM64/Android/app/.cxx/Debug/592n6c1o/arm64-v8a/_deps/vulkanmemoryallocator-src/include/vk_mem_alloc.h:16351:29: note: insert '_Nullable' if the pointer may be null
C/C++:  16351 |     const VkBufferCreateInfo* pBufferCreateInfo,
C/C++:        |                             ^
C/C++:        |                               _Nullable
C/C++: D:/Foundation-SM64/Android/app/.cxx/Debug/592n6c1o/arm64-v8a/_deps/vulkanmemoryallocator-src/include/vk_mem_alloc.h:16351:29: note: insert '_Nonnull' if the pointer should never be null
C/C++:  16351 |     const VkBufferCreateInfo* pBufferCreateInfo,
C/C++:        |                             ^
C/C++:        |                               _Nonnull
C/C++: D:/Foundation-SM64/Android/app/.cxx/Debug/592n6c1o/arm64-v8a/_deps/vulkanmemoryallocator-src/include/vk_mem_alloc.h:16352:34: warning: pointer is missing a nullability type specifier (_Nonnull, _Nullable, or _Null_unspecified) [-Wnullability-completeness]
C/C++:  16352 |     const VmaAllocationCreateInfo* pAllocationCreateInfo,
C/C++:        |                                  ^
C/C++: D:/Foundation-SM64/Android/app/.cxx/Debug/592n6c1o/arm64-v8a/_deps/vulkanmemoryallocator-src/include/vk_mem_alloc.h:16352:34: note: insert '_Nullable' if the pointer may be null
C/C++:  16352 |     const VmaAllocationCreateInfo* pAllocationCreateInfo,
C/C++:        |                                  ^
C/C++:        |                                    _Nullable
C/C++: D:/Foundation-SM64/Android/app/.cxx/Debug/592n6c1o/arm64-v8a/_deps/vulkanmemoryallocator-src/include/vk_mem_alloc.h:16352:34: note: insert '_Nonnull' if the pointer should never be null
C/C++:  16352 |     const VmaAllocationCreateInfo* pAllocationCreateInfo,
C/C++:        |                                  ^
C/C++:        |                                    _Nonnull
C/C++: D:/Foundation-SM64/Android/app/.cxx/Debug/592n6c1o/arm64-v8a/_deps/vulkanmemoryallocator-src/include/vk_mem_alloc.h:16354:5: warning: pointer is missing a nullability type specifier (_Nonnull, _Nullable, or _Null_unspecified) [-Wnullability-completeness]
C/C++:  16354 |     VkBuffer* pBuffer,
C/C++:        |     ^
C/C++: D:/Foundation-SM64/Android/app/.cxx/Debug/592n6c1o/arm64-v8a/_deps/vulkanmemoryallocator-src/include/vk_mem_alloc.h:16354:5: note: insert '_Nullable' if the pointer may be null
C/C++:  16354 |     VkBuffer* pBuffer,
C/C++:        |     ^       
C/C++:        |              _Nullable 
C/C++: D:/Foundation-SM64/Android/app/.cxx/Debug/592n6c1o/arm64-v8a/_deps/vulkanmemoryallocator-src/include/vk_mem_alloc.h:16354:5: note: insert '_Nonnull' if the pointer should never be null
C/C++:  16354 |     VkBuffer* pBuffer,
C/C++:        |     ^       
C/C++:        |              _Nonnull 
C/C++: D:/Foundation-SM64/Android/app/.cxx/Debug/592n6c1o/arm64-v8a/_deps/vulkanmemoryallocator-src/include/vk_mem_alloc.h:16354:13: warning: pointer is missing a nullability type specifier (_Nonnull, _Nullable, or _Null_unspecified) [-Wnullability-completeness]
C/C++:  16354 |     VkBuffer* pBuffer,
C/C++:        |             ^
C/C++: D:/Foundation-SM64/Android/app/.cxx/Debug/592n6c1o/arm64-v8a/_deps/vulkanmemoryallocator-src/include/vk_mem_alloc.h:16354:13: note: insert '_Nullable' if the pointer may be null
C/C++:  16354 |     VkBuffer* pBuffer,
C/C++:        |             ^
C/C++:        |               _Nullable
C/C++: D:/Foundation-SM64/Android/app/.cxx/Debug/592n6c1o/arm64-v8a/_deps/vulkanmemoryallocator-src/include/vk_mem_alloc.h:16354:13: note: insert '_Nonnull' if the pointer should never be null
C/C++:  16354 |     VkBuffer* pBuffer,
C/C++:        |             ^
C/C++:        |               _Nonnull
C/C++: D:/Foundation-SM64/Android/app/.cxx/Debug/592n6c1o/arm64-v8a/_deps/vulkanmemoryallocator-src/include/vk_mem_alloc.h:16355:5: warning: pointer is missing a nullability type specifier (_Nonnull, _Nullable, or _Null_unspecified) [-Wnullability-completeness]
C/C++:  16355 |     VmaAllocation* pAllocation,
C/C++:        |     ^
C/C++: D:/Foundation-SM64/Android/app/.cxx/Debug/592n6c1o/arm64-v8a/_deps/vulkanmemoryallocator-src/include/vk_mem_alloc.h:16355:5: note: insert '_Nullable' if the pointer may be null
C/C++:  16355 |     VmaAllocation* pAllocation,
C/C++:        |     ^            
C/C++:        |                   _Nullable 
C/C++: D:/Foundation-SM64/Android/app/.cxx/Debug/592n6c1o/arm64-v8a/_deps/vulkanmemoryallocator-src/include/vk_mem_alloc.h:16355:5: note: insert '_Nonnull' if the pointer should never be null
C/C++:  16355 |     VmaAllocation* pAllocation,
C/C++:        |     ^            
C/C++:        |                   _Nonnull 
C/C++: D:/Foundation-SM64/Android/app/.cxx/Debug/592n6c1o/arm64-v8a/_deps/vulkanmemoryallocator-src/include/vk_mem_alloc.h:16355:18: warning: pointer is missing a nullability type specifier (_Nonnull, _Nullable, or _Null_unspecified) [-Wnullability-completeness]
C/C++:  16355 |     VmaAllocation* pAllocation,
C/C++:        |                  ^
C/C++: D:/Foundation-SM64/Android/app/.cxx/Debug/592n6c1o/arm64-v8a/_deps/vulkanmemoryallocator-src/include/vk_mem_alloc.h:16355:18: note: insert '_Nullable' if the pointer may be null
C/C++:  16355 |     VmaAllocation* pAllocation,
C/C++:        |                  ^
C/C++:        |                    _Nullable
C/C++: D:/Foundation-SM64/Android/app/.cxx/Debug/592n6c1o/arm64-v8a/_deps/vulkanmemoryallocator-src/include/vk_mem_alloc.h:16355:18: note: insert '_Nonnull' if the pointer should never be null
C/C++:  16355 |     VmaAllocation* pAllocation,
C/C++:        |                  ^
C/C++:        |                    _Nonnull
C/C++: D:/Foundation-SM64/Android/app/.cxx/Debug/592n6c1o/arm64-v8a/_deps/vulkanmemoryallocator-src/include/vk_mem_alloc.h:16356:22: warning: pointer is missing a nullability type specifier (_Nonnull, _Nullable, or _Null_unspecified) [-Wnullability-completeness]
C/C++:  16356 |     VmaAllocationInfo* pAllocationInfo)
C/C++:        |                      ^
C/C++: D:/Foundation-SM64/Android/app/.cxx/Debug/592n6c1o/arm64-v8a/_deps/vulkanmemoryallocator-src/include/vk_mem_alloc.h:16356:22: note: insert '_Nullable' if the pointer may be null
C/C++:  16356 |     VmaAllocationInfo* pAllocationInfo)
C/C++:        |                      ^
C/C++:        |                        _Nullable
C/C++: D:/Foundation-SM64/Android/app/.cxx/Debug/592n6c1o/arm64-v8a/_deps/vulkanmemoryallocator-src/include/vk_mem_alloc.h:16356:22: note: insert '_Nonnull' if the pointer should never be null
C/C++:  16356 |     VmaAllocationInfo* pAllocationInfo)
C/C++:        |                      ^
C/C++:        |                        _Nonnull
C/C++: D:/Foundation-SM64/Android/app/.cxx/Debug/592n6c1o/arm64-v8a/_deps/vulkanmemoryallocator-src/include/vk_mem_alloc.h:16500:5: warning: pointer is missing a nullability type specifier (_Nonnull, _Nullable, or _Null_unspecified) [-Wnullability-completeness]
C/C++:  16500 |     VmaAllocator allocator,
C/C++:        |     ^
C/C++: D:/Foundation-SM64/Android/app/.cxx/Debug/592n6c1o/arm64-v8a/_deps/vulkanmemoryallocator-src/include/vk_mem_alloc.h:16500:5: note: insert '_Nullable' if the pointer may be null
C/C++:  16500 |     VmaAllocator allocator,
C/C++:        |     ^
C/C++:        |                  _Nullable
C/C++: D:/Foundation-SM64/Android/app/.cxx/Debug/592n6c1o/arm64-v8a/_deps/vulkanmemoryallocator-src/include/vk_mem_alloc.h:16500:5: note: insert '_Nonnull' if the pointer should never be null
C/C++:  16500 |     VmaAllocator allocator,
C/C++:        |     ^
C/C++:        |                  _Nonnull
C/C++: D:/Foundation-SM64/Android/app/.cxx/Debug/592n6c1o/arm64-v8a/_deps/vulkanmemoryallocator-src/include/vk_mem_alloc.h:16501:5: warning: pointer is missing a nullability type specifier (_Nonnull, _Nullable, or _Null_unspecified) [-Wnullability-completeness]
C/C++:  16501 |     VkBuffer buffer,
C/C++:        |     ^
C/C++: D:/Foundation-SM64/Android/app/.cxx/Debug/592n6c1o/arm64-v8a/_deps/vulkanmemoryallocator-src/include/vk_mem_alloc.h:16501:5: note: insert '_Nullable' if the pointer may be null
C/C++:  16501 |     VkBuffer buffer,
C/C++:        |     ^
C/C++:        |              _Nullable
C/C++: D:/Foundation-SM64/Android/app/.cxx/Debug/592n6c1o/arm64-v8a/_deps/vulkanmemoryallocator-src/include/vk_mem_alloc.h:16501:5: note: insert '_Nonnull' if the pointer should never be null
C/C++:  16501 |     VkBuffer buffer,
C/C++:        |     ^
C/C++:        |              _Nonnull
C/C++: D:/Foundation-SM64/Android/app/.cxx/Debug/592n6c1o/arm64-v8a/_deps/vulkanmemoryallocator-src/include/vk_mem_alloc.h:16502:5: warning: pointer is missing a nullability type specifier (_Nonnull, _Nullable, or _Null_unspecified) [-Wnullability-completeness]
C/C++:  16502 |     VmaAllocation allocation)
C/C++:        |     ^
C/C++: D:/Foundation-SM64/Android/app/.cxx/Debug/592n6c1o/arm64-v8a/_deps/vulkanmemoryallocator-src/include/vk_mem_alloc.h:16502:5: note: insert '_Nullable' if the pointer may be null
C/C++:  16502 |     VmaAllocation allocation)
C/C++:        |     ^
C/C++:        |                   _Nullable
C/C++: D:/Foundation-SM64/Android/app/.cxx/Debug/592n6c1o/arm64-v8a/_deps/vulkanmemoryallocator-src/include/vk_mem_alloc.h:16502:5: note: insert '_Nonnull' if the pointer should never be null
C/C++:  16502 |     VmaAllocation allocation)
C/C++:        |     ^
C/C++:        |                   _Nonnull
C/C++: D:/Foundation-SM64/Android/app/.cxx/Debug/592n6c1o/arm64-v8a/_deps/vulkanmemoryallocator-src/include/vk_mem_alloc.h:16529:5: warning: pointer is missing a nullability type specifier (_Nonnull, _Nullable, or _Null_unspecified) [-Wnullability-completeness]
C/C++:  16529 |     VmaAllocator allocator,
C/C++:        |     ^
C/C++: D:/Foundation-SM64/Android/app/.cxx/Debug/592n6c1o/arm64-v8a/_deps/vulkanmemoryallocator-src/include/vk_mem_alloc.h:16529:5: note: insert '_Nullable' if the pointer may be null
C/C++:  16529 |     VmaAllocator allocator,
C/C++:        |     ^
C/C++:        |                  _Nullable
C/C++: D:/Foundation-SM64/Android/app/.cxx/Debug/592n6c1o/arm64-v8a/_deps/vulkanmemoryallocator-src/include/vk_mem_alloc.h:16529:5: note: insert '_Nonnull' if the pointer should never be null
C/C++:  16529 |     VmaAllocator allocator,
C/C++:        |     ^
C/C++:        |                  _Nonnull
C/C++: D:/Foundation-SM64/Android/app/.cxx/Debug/592n6c1o/arm64-v8a/_deps/vulkanmemoryallocator-src/include/vk_mem_alloc.h:16530:28: warning: pointer is missing a nullability type specifier (_Nonnull, _Nullable, or _Null_unspecified) [-Wnullability-completeness]
C/C++:  16530 |     const VkImageCreateInfo* pImageCreateInfo,
C/C++:        |                            ^
C/C++: D:/Foundation-SM64/Android/app/.cxx/Debug/592n6c1o/arm64-v8a/_deps/vulkanmemoryallocator-src/include/vk_mem_alloc.h:16530:28: note: insert '_Nullable' if the pointer may be null
C/C++:  16530 |     const VkImageCreateInfo* pImageCreateInfo,
C/C++:        |                            ^
C/C++:        |                              _Nullable
C/C++: D:/Foundation-SM64/Android/app/.cxx/Debug/592n6c1o/arm64-v8a/_deps/vulkanmemoryallocator-src/include/vk_mem_alloc.h:16530:28: note: insert '_Nonnull' if the pointer should never be null
C/C++:  16530 |     const VkImageCreateInfo* pImageCreateInfo,
C/C++:        |                            ^
C/C++:        |                              _Nonnull
C/C++: D:/Foundation-SM64/Android/app/.cxx/Debug/592n6c1o/arm64-v8a/_deps/vulkanmemoryallocator-src/include/vk_mem_alloc.h:16531:34: warning: pointer is missing a nullability type specifier (_Nonnull, _Nullable, or _Null_unspecified) [-Wnullability-completeness]
C/C++:  16531 |     const VmaAllocationCreateInfo* pAllocationCreateInfo,
C/C++:        |                                  ^
C/C++: D:/Foundation-SM64/Android/app/.cxx/Debug/592n6c1o/arm64-v8a/_deps/vulkanmemoryallocator-src/include/vk_mem_alloc.h:16531:34: note: insert '_Nullable' if the pointer may be null
C/C++:  16531 |     const VmaAllocationCreateInfo* pAllocationCreateInfo,
C/C++:        |                                  ^
C/C++:        |                                    _Nullable
C/C++: D:/Foundation-SM64/Android/app/.cxx/Debug/592n6c1o/arm64-v8a/_deps/vulkanmemoryallocator-src/include/vk_mem_alloc.h:16531:34: note: insert '_Nonnull' if the pointer should never be null
C/C++:  16531 |     const VmaAllocationCreateInfo* pAllocationCreateInfo,
C/C++:        |                                  ^
C/C++:        |                                    _Nonnull
C/C++: D:/Foundation-SM64/Android/app/.cxx/Debug/592n6c1o/arm64-v8a/_deps/vulkanmemoryallocator-src/include/vk_mem_alloc.h:16532:5: warning: pointer is missing a nullability type specifier (_Nonnull, _Nullable, or _Null_unspecified) [-Wnullability-completeness]
C/C++:  16532 |     VkImage* pImage,
C/C++:        |     ^
C/C++: D:/Foundation-SM64/Android/app/.cxx/Debug/592n6c1o/arm64-v8a/_deps/vulkanmemoryallocator-src/include/vk_mem_alloc.h:16532:5: note: insert '_Nullable' if the pointer may be null
C/C++:  16532 |     VkImage* pImage,
C/C++:        |     ^      
C/C++:        |             _Nullable 
C/C++: D:/Foundation-SM64/Android/app/.cxx/Debug/592n6c1o/arm64-v8a/_deps/vulkanmemoryallocator-src/include/vk_mem_alloc.h:16532:5: note: insert '_Nonnull' if the pointer should never be null
C/C++:  16532 |     VkImage* pImage,
C/C++:        |     ^      
C/C++:        |             _Nonnull 
C/C++: D:/Foundation-SM64/Android/app/.cxx/Debug/592n6c1o/arm64-v8a/_deps/vulkanmemoryallocator-src/include/vk_mem_alloc.h:16532:12: warning: pointer is missing a nullability type specifier (_Nonnull, _Nullable, or _Null_unspecified) [-Wnullability-completeness]
C/C++:  16532 |     VkImage* pImage,
C/C++:        |            ^
C/C++: D:/Foundation-SM64/Android/app/.cxx/Debug/592n6c1o/arm64-v8a/_deps/vulkanmemoryallocator-src/include/vk_mem_alloc.h:16532:12: note: insert '_Nullable' if the pointer may be null
C/C++:  16532 |     VkImage* pImage,
C/C++:        |            ^
C/C++:        |              _Nullable
C/C++: D:/Foundation-SM64/Android/app/.cxx/Debug/592n6c1o/arm64-v8a/_deps/vulkanmemoryallocator-src/include/vk_mem_alloc.h:16532:12: note: insert '_Nonnull' if the pointer should never be null
C/C++:  16532 |     VkImage* pImage,
C/C++:        |            ^
C/C++:        |              _Nonnull
C/C++: D:/Foundation-SM64/Android/app/.cxx/Debug/592n6c1o/arm64-v8a/_deps/vulkanmemoryallocator-src/include/vk_mem_alloc.h:16533:5: warning: pointer is missing a nullability type specifier (_Nonnull, _Nullable, or _Null_unspecified) [-Wnullability-completeness]
C/C++:  16533 |     VmaAllocation* pAllocation,
C/C++:        |     ^
C/C++: D:/Foundation-SM64/Android/app/.cxx/Debug/592n6c1o/arm64-v8a/_deps/vulkanmemoryallocator-src/include/vk_mem_alloc.h:16533:5: note: insert '_Nullable' if the pointer may be null
C/C++:  16533 |     VmaAllocation* pAllocation,
C/C++:        |     ^            
C/C++:        |                   _Nullable 
C/C++: D:/Foundation-SM64/Android/app/.cxx/Debug/592n6c1o/arm64-v8a/_deps/vulkanmemoryallocator-src/include/vk_mem_alloc.h:16533:5: note: insert '_Nonnull' if the pointer should never be null
C/C++:  16533 |     VmaAllocation* pAllocation,
C/C++:        |     ^            
C/C++:        |                   _Nonnull 
C/C++: D:/Foundation-SM64/Android/app/.cxx/Debug/592n6c1o/arm64-v8a/_deps/vulkanmemoryallocator-src/include/vk_mem_alloc.h:16533:18: warning: pointer is missing a nullability type specifier (_Nonnull, _Nullable, or _Null_unspecified) [-Wnullability-completeness]
C/C++:  16533 |     VmaAllocation* pAllocation,
C/C++:        |                  ^
C/C++: D:/Foundation-SM64/Android/app/.cxx/Debug/592n6c1o/arm64-v8a/_deps/vulkanmemoryallocator-src/include/vk_mem_alloc.h:16533:18: note: insert '_Nullable' if the pointer may be null
C/C++:  16533 |     VmaAllocation* pAllocation,
C/C++:        |                  ^
C/C++:        |                    _Nullable
C/C++: D:/Foundation-SM64/Android/app/.cxx/Debug/592n6c1o/arm64-v8a/_deps/vulkanmemoryallocator-src/include/vk_mem_alloc.h:16533:18: note: insert '_Nonnull' if the pointer should never be null
C/C++:  16533 |     VmaAllocation* pAllocation,
C/C++:        |                  ^
C/C++:        |                    _Nonnull
C/C++: D:/Foundation-SM64/Android/app/.cxx/Debug/592n6c1o/arm64-v8a/_deps/vulkanmemoryallocator-src/include/vk_mem_alloc.h:16534:22: warning: pointer is missing a nullability type specifier (_Nonnull, _Nullable, or _Null_unspecified) [-Wnullability-completeness]
C/C++:  16534 |     VmaAllocationInfo* pAllocationInfo)
C/C++:        |                      ^
C/C++: D:/Foundation-SM64/Android/app/.cxx/Debug/592n6c1o/arm64-v8a/_deps/vulkanmemoryallocator-src/include/vk_mem_alloc.h:16534:22: note: insert '_Nullable' if the pointer may be null
C/C++:  16534 |     VmaAllocationInfo* pAllocationInfo)
C/C++:        |                      ^
C/C++:        |                        _Nullable
C/C++: D:/Foundation-SM64/Android/app/.cxx/Debug/592n6c1o/arm64-v8a/_deps/vulkanmemoryallocator-src/include/vk_mem_alloc.h:16534:22: note: insert '_Nonnull' if the pointer should never be null
C/C++:  16534 |     VmaAllocationInfo* pAllocationInfo)
C/C++:        |                      ^
C/C++:        |                        _Nonnull
C/C++: D:/Foundation-SM64/Android/app/.cxx/Debug/592n6c1o/arm64-v8a/_deps/vulkanmemoryallocator-src/include/vk_mem_alloc.h:6273:11: warning: private field 'placeholder' is not used [-Wunused-private-field]
C/C++:  6273 |     void* placeholder = VMA_NULL;
C/C++:       |           ^
C/C++: 839 warnings generated.

> Task :app:externalNativeBuildDebug
> Task :app:generateDebugAssets UP-TO-DATE
> Task :app:mergeDebugAssets
> Task :app:processDebugJavaRes NO-SOURCE
> Task :app:checkDebugDuplicateClasses
> Task :app:desugarDebugFileDependencies
> Task :app:mergeDebugJniLibFolders
> Task :app:mergeExtDexDebug
> Task :app:mergeLibDexDebug
> Task :app:mergeDebugJavaResource
> Task :app:compressDebugAssets
> Task :app:validateSigningDebug
> Task :app:writeDebugAppMetadata
> Task :app:writeDebugSigningConfigVersions
> Task :app:mergeDebugNativeLibs
> Task :app:processDebugResources
> Task :app:stripDebugDebugSymbols

> Task :app:compileDebugJavaWithJavac
Note: Some input files use or override a deprecated API.
Note: Recompile with -Xlint:deprecation for details.

> Task :app:dexBuilderDebug
> Task :app:mergeProjectDexDebug
> Task :app:packageDebug
> Task :app:createDebugApkListingFileRedirect
> Task :app:assembleDebug

BUILD SUCCESSFUL in 8m 40s
36 actionable tasks: 36 executed
